"","Wstart","Beh","p","h","p.tot","S.cum.riv","G.riv","G.ocean","dur","Fit","iter_val","iter_var"
"1","7.1","0",0,"n",0,0.0991639744872323,1.9,18.2,22,0.0595301993804354,1,"yn"
"2","7.6","0",0,"n",0,0.11143585015981,1.7,18.9,21,0.0643402457574889,1,"yn"
"3","8.2","0",0,"n",0,0.125333748668099,1.5,21.2,20,0.0786203689154736,1,"yn"
"4","8.8","0",0,"n",0,0.155321754782881,1.1,22.5,18,0.0873248968312143,1,"yn"
"5","9.4","0",0,"n",0,0.173859600605168,0.9,24.4,17,0.101598148942839,1,"yn"
"6","10","0",0,"n",0,0.194247847617525,0.699999999999999,25.7,16,0.112729240671452,1,"yn"
"7","7.1","1",0,"n",0,0.0991639744872323,1.9,18.2,22,0.0595301993804354,1,"yn"
"8","7.6","1",0,"n",0,0.11143585015981,1.7,18.9,21,0.0643402457574889,1,"yn"
"9","8.2","1",0,"n",0,0.125333748668099,1.5,21.2,20,0.0786203689154736,1,"yn"
"10","8.8","1",0,"n",0,0.155321754782881,1.1,22.5,18,0.0873248968312143,1,"yn"
"11","9.4","1",0,"n",0,0.173859600605168,0.9,24.4,17,0.101598148942839,1,"yn"
"12","10","1",0,"n",0,0.194247847617525,0.699999999999999,25.7,16,0.112729240671452,1,"yn"
"13","7.1","2",1,"n",0.227272727272727,0.0991639744872323,1.9,18.2,22,0.0595301993804354,1,"yn"
"14","7.6","2",1,"n",0.238095238095238,0.11143585015981,1.7,18.9,21,0.0643402457574889,1,"yn"
"15","8.2","2",1,"n",0.25,0.125333748668099,1.5,21.2,20,0.0786203689154736,1,"yn"
"16","8.8","2",1,"n",0.277777777777778,0.155321754782881,1.1,22.5,18,0.0873248968312143,1,"yn"
"17","9.4","2",1,"n",0.294117647058824,0.173859600605168,0.9,24.4,17,0.101598148942839,1,"yn"
"18","10","2",1,"n",0.3125,0.194247847617525,0.699999999999999,25.7,16,0.112729240671452,1,"yn"
"19","7.1","0",0.529411764705882,"a",0.409090909090909,0.0991639744872323,1.9,18.2,22,0.0595301993804354,1,"yn"
"20","7.6","0",0.5,"a",0.380952380952381,0.11143585015981,1.7,18.9,21,0.0643402457574889,1,"yn"
"21","8.2","0",0.466666666666667,"a",0.35,0.125333748668099,1.5,21.2,20,0.0786203689154736,1,"yn"
"22","8.8","0",0.384615384615385,"a",0.277777777777778,0.155321754782881,1.1,22.5,18,0.0873248968312143,1,"yn"
"23","9.4","0",0.333333333333333,"a",0.235294117647059,0.173859600605168,0.9,24.4,17,0.101598148942839,1,"yn"
"24","10","0",0.272727272727273,"a",0.1875,0.194247847617525,0.699999999999999,25.7,16,0.112729240671452,1,"yn"
"25","7.1","1",0.0588235294117647,"a",0.0454545454545455,0.0991639744872323,1.9,18.2,22,0.0595301993804354,1,"yn"
"26","7.6","1",0.0625,"a",0.0476190476190476,0.11143585015981,1.7,18.9,21,0.0643402457574889,1,"yn"
"27","8.2","1",0.0666666666666667,"a",0.05,0.125333748668099,1.5,21.2,20,0.0786203689154736,1,"yn"
"28","8.8","1",0.0769230769230769,"a",0.0555555555555556,0.155321754782881,1.1,22.5,18,0.0873248968312143,1,"yn"
"29","9.4","1",0.0833333333333333,"a",0.0588235294117647,0.173859600605168,0.9,24.4,17,0.101598148942839,1,"yn"
"30","10","1",0.0909090909090909,"a",0.0625,0.194247847617525,0.699999999999999,25.7,16,0.112729240671452,1,"yn"
"31","7.1","2",0.411764705882353,"a",0.318181818181818,0.0991639744872323,1.9,18.2,22,0.0595301993804354,1,"yn"
"32","7.6","2",0.4375,"a",0.333333333333333,0.11143585015981,1.7,18.9,21,0.0643402457574889,1,"yn"
"33","8.2","2",0.466666666666667,"a",0.35,0.125333748668099,1.5,21.2,20,0.0786203689154736,1,"yn"
"34","8.8","2",0.538461538461538,"a",0.388888888888889,0.155321754782881,1.1,22.5,18,0.0873248968312143,1,"yn"
"35","9.4","2",0.583333333333333,"a",0.411764705882353,0.173859600605168,0.9,24.4,17,0.101598148942839,1,"yn"
"36","10","2",0.636363636363636,"a",0.4375,0.194247847617525,0.699999999999999,25.7,16,0.112729240671452,1,"yn"
"37","7.1","0",0.6,"n",0.48,0.0901559282183711,2.5,17.3,25,0.0581388249819421,0.9,"yn"
"38","7.6","0",0.578947368421053,"n",0.458333333333333,0.100291354996816,2.3,18,24,0.062869491373542,0.9,"yn"
"39","8.2","0",0.466666666666667,"n",0.35,0.146083477057139,1.5,21.2,20,0.0786203689154736,0.9,"yn"
"40","8.8","0",0.466666666666667,"n",0.35,0.1482977118341,1.5,21.9,20,0.0861347362791,0.9,"yn"
"41","9.4","0",0.333333333333333,"n",0.235294117647059,0.196414333284477,0.9,24.4,17,0.101598148942839,0.9,"yn"
"42","10","0",0.5,"n",0.416666666666667,0.1062681715162,2.8,22.8,24,0.107437993537192,0.9,"yn"
"43","7.1","1",0.05,"n",0.04,0.0901559282183711,2.5,17.3,25,0.0581388249819421,0.9,"yn"
"44","7.6","1",0.0526315789473684,"n",0.0416666666666667,0.100291354996816,2.3,18,24,0.062869491373542,0.9,"yn"
"45","8.2","1",0.0666666666666667,"n",0.05,0.146083477057139,1.5,21.2,20,0.0786203689154736,0.9,"yn"
"46","8.8","1",0.0666666666666667,"n",0.05,0.1482977118341,1.5,21.9,20,0.0861347362791,0.9,"yn"
"47","9.4","1",0.0833333333333333,"n",0.0588235294117647,0.196414333284477,0.9,24.4,17,0.101598148942839,0.9,"yn"
"48","10","1",0.15,"n",0.125,0.1062681715162,2.8,22.8,24,0.107437993537192,0.9,"yn"
"49","7.1","2",0.35,"n",0.28,0.0901559282183711,2.5,17.3,25,0.0581388249819421,0.9,"yn"
"50","7.6","2",0.368421052631579,"n",0.291666666666667,0.100291354996816,2.3,18,24,0.062869491373542,0.9,"yn"
"51","8.2","2",0.466666666666667,"n",0.35,0.146083477057139,1.5,21.2,20,0.0786203689154736,0.9,"yn"
"52","8.8","2",0.466666666666667,"n",0.35,0.1482977118341,1.5,21.9,20,0.0861347362791,0.9,"yn"
"53","9.4","2",0.583333333333333,"n",0.411764705882353,0.196414333284477,0.9,24.4,17,0.101598148942839,0.9,"yn"
"54","10","2",0.35,"n",0.291666666666667,0.1062681715162,2.8,22.8,24,0.107437993537192,0.9,"yn"
"55","7.1","0",0,"a",0,0.0901559282183711,2.5,17.3,25,0.0581388249819421,0.9,"yn"
"56","7.6","0",0,"a",0,0.100291354996816,2.3,18,24,0.062869491373542,0.9,"yn"
"57","8.2","0",0,"a",0,0.146083477057139,1.5,21.2,20,0.0786203689154736,0.9,"yn"
"58","8.8","0",0,"a",0,0.1482977118341,1.5,21.9,20,0.0861347362791,0.9,"yn"
"59","9.4","0",0,"a",0,0.196414333284477,0.9,24.4,17,0.101598148942839,0.9,"yn"
"60","10","0",0,"a",0,0.1062681715162,2.8,22.8,24,0.107437993537192,0.9,"yn"
"61","7.1","1",0,"a",0,0.0901559282183711,2.5,17.3,25,0.0581388249819421,0.9,"yn"
"62","7.6","1",0,"a",0,0.100291354996816,2.3,18,24,0.062869491373542,0.9,"yn"
"63","8.2","1",0,"a",0,0.146083477057139,1.5,21.2,20,0.0786203689154736,0.9,"yn"
"64","8.8","1",0,"a",0,0.1482977118341,1.5,21.9,20,0.0861347362791,0.9,"yn"
"65","9.4","1",0,"a",0,0.196414333284477,0.9,24.4,17,0.101598148942839,0.9,"yn"
"66","10","1",0,"a",0,0.1062681715162,2.8,22.8,24,0.107437993537192,0.9,"yn"
"67","7.1","2",1,"a",0.2,0.0901559282183711,2.5,17.3,25,0.0581388249819421,0.9,"yn"
"68","7.6","2",1,"a",0.208333333333333,0.100291354996816,2.3,18,24,0.062869491373542,0.9,"yn"
"69","8.2","2",1,"a",0.25,0.146083477057139,1.5,21.2,20,0.0786203689154736,0.9,"yn"
"70","8.8","2",1,"a",0.25,0.1482977118341,1.5,21.9,20,0.0861347362791,0.9,"yn"
"71","9.4","2",1,"a",0.294117647058824,0.196414333284477,0.9,24.4,17,0.101598148942839,0.9,"yn"
"72","10","2",1,"a",0.166666666666667,0.1062681715162,2.8,22.8,24,0.107437993537192,0.9,"yn"
"73","7.1","0",0.785714285714286,"n",0.745762711864407,0.014244305214003,12.3,0,59,0.0308423858115958,0.7,"yn"
"74","7.6","0",0.785714285714286,"n",0.745762711864407,0.0145815973241708,12.9,0,59,0.0340004172000557,0.7,"yn"
"75","8.2","0",0.785714285714286,"n",0.745762711864407,0.0149704173034536,13.5,0,59,0.0377567767012637,0.7,"yn"
"76","8.8","0",0.785714285714286,"n",0.745762711864407,0.0153511736588345,14.1,0,59,0.0418545754388353,0.7,"yn"
"77","9.4","0",0.785714285714286,"n",0.745762711864407,0.0160171407815546,14.9,0,59,0.047086836514185,0.7,"yn"
"78","10","0",0.785714285714286,"n",0.745762711864407,0.0163984271628482,15.8,0,59,0.0532525310736428,0.7,"yn"
"79","7.1","1",0.0892857142857143,"n",0.0847457627118644,0.014244305214003,12.3,0,59,0.0308423858115958,0.7,"yn"
"80","7.6","1",0.0892857142857143,"n",0.0847457627118644,0.0145815973241708,12.9,0,59,0.0340004172000557,0.7,"yn"
"81","8.2","1",0.0892857142857143,"n",0.0847457627118644,0.0149704173034536,13.5,0,59,0.0377567767012637,0.7,"yn"
"82","8.8","1",0.0892857142857143,"n",0.0847457627118644,0.0153511736588345,14.1,0,59,0.0418545754388353,0.7,"yn"
"83","9.4","1",0.0892857142857143,"n",0.0847457627118644,0.0160171407815546,14.9,0,59,0.047086836514185,0.7,"yn"
"84","10","1",0.0892857142857143,"n",0.0847457627118644,0.0163984271628482,15.8,0,59,0.0532525310736428,0.7,"yn"
"85","7.1","2",0.125,"n",0.11864406779661,0.014244305214003,12.3,0,59,0.0308423858115958,0.7,"yn"
"86","7.6","2",0.125,"n",0.11864406779661,0.0145815973241708,12.9,0,59,0.0340004172000557,0.7,"yn"
"87","8.2","2",0.125,"n",0.11864406779661,0.0149704173034536,13.5,0,59,0.0377567767012637,0.7,"yn"
"88","8.8","2",0.125,"n",0.11864406779661,0.0153511736588345,14.1,0,59,0.0418545754388353,0.7,"yn"
"89","9.4","2",0.125,"n",0.11864406779661,0.0160171407815546,14.9,0,59,0.047086836514185,0.7,"yn"
"90","10","2",0.125,"n",0.11864406779661,0.0163984271628482,15.8,0,59,0.0532525310736428,0.7,"yn"
"91","7.1","0",0,"a",0,0.014244305214003,12.3,0,59,0.0308423858115958,0.7,"yn"
"92","7.6","0",0,"a",0,0.0145815973241708,12.9,0,59,0.0340004172000557,0.7,"yn"
"93","8.2","0",0,"a",0,0.0149704173034536,13.5,0,59,0.0377567767012637,0.7,"yn"
"94","8.8","0",0,"a",0,0.0153511736588345,14.1,0,59,0.0418545754388353,0.7,"yn"
"95","9.4","0",0,"a",0,0.0160171407815546,14.9,0,59,0.047086836514185,0.7,"yn"
"96","10","0",0,"a",0,0.0163984271628482,15.8,0,59,0.0532525310736428,0.7,"yn"
"97","7.1","1",0,"a",0,0.014244305214003,12.3,0,59,0.0308423858115958,0.7,"yn"
"98","7.6","1",0,"a",0,0.0145815973241708,12.9,0,59,0.0340004172000557,0.7,"yn"
"99","8.2","1",0,"a",0,0.0149704173034536,13.5,0,59,0.0377567767012637,0.7,"yn"
"100","8.8","1",0,"a",0,0.0153511736588345,14.1,0,59,0.0418545754388353,0.7,"yn"
"101","9.4","1",0,"a",0,0.0160171407815546,14.9,0,59,0.047086836514185,0.7,"yn"
"102","10","1",0,"a",0,0.0163984271628482,15.8,0,59,0.0532525310736428,0.7,"yn"
"103","7.1","2",1,"a",0.0508474576271186,0.014244305214003,12.3,0,59,0.0308423858115958,0.7,"yn"
"104","7.6","2",1,"a",0.0508474576271186,0.0145815973241708,12.9,0,59,0.0340004172000557,0.7,"yn"
"105","8.2","2",1,"a",0.0508474576271186,0.0149704173034536,13.5,0,59,0.0377567767012637,0.7,"yn"
"106","8.8","2",1,"a",0.0508474576271186,0.0153511736588345,14.1,0,59,0.0418545754388353,0.7,"yn"
"107","9.4","2",1,"a",0.0508474576271186,0.0160171407815546,14.9,0,59,0.047086836514185,0.7,"yn"
"108","10","2",1,"a",0.0508474576271186,0.0163984271628482,15.8,0,59,0.0532525310736428,0.7,"yn"
"109","7.1","0",0.785714285714286,"n",0.745762711864407,0.0440739646877798,12.3,0,59,0.0308423858115958,0.5,"yn"
"110","7.6","0",0.785714285714286,"n",0.745762711864407,0.0448354868041864,12.9,0,59,0.0340004172000557,0.5,"yn"
"111","8.2","0",0.785714285714286,"n",0.745762711864407,0.0457071240989236,13.5,0,59,0.0377567767012637,0.5,"yn"
"112","8.8","0",0.785714285714286,"n",0.745762711864407,0.0465539163869921,14.1,0,59,0.0418545754388353,0.5,"yn"
"113","9.4","0",0.785714285714286,"n",0.745762711864407,0.0480493953633052,14.9,0,59,0.047086836514185,0.5,"yn"
"114","10","0",0.785714285714286,"n",0.745762711864407,0.0488823000945947,15.8,0,59,0.0532525310736428,0.5,"yn"
"115","7.1","1",0.0892857142857143,"n",0.0847457627118644,0.0440739646877798,12.3,0,59,0.0308423858115958,0.5,"yn"
"116","7.6","1",0.0892857142857143,"n",0.0847457627118644,0.0448354868041864,12.9,0,59,0.0340004172000557,0.5,"yn"
"117","8.2","1",0.0892857142857143,"n",0.0847457627118644,0.0457071240989236,13.5,0,59,0.0377567767012637,0.5,"yn"
"118","8.8","1",0.0892857142857143,"n",0.0847457627118644,0.0465539163869921,14.1,0,59,0.0418545754388353,0.5,"yn"
"119","9.4","1",0.0892857142857143,"n",0.0847457627118644,0.0480493953633052,14.9,0,59,0.047086836514185,0.5,"yn"
"120","10","1",0.0892857142857143,"n",0.0847457627118644,0.0488823000945947,15.8,0,59,0.0532525310736428,0.5,"yn"
"121","7.1","2",0.125,"n",0.11864406779661,0.0440739646877798,12.3,0,59,0.0308423858115958,0.5,"yn"
"122","7.6","2",0.125,"n",0.11864406779661,0.0448354868041864,12.9,0,59,0.0340004172000557,0.5,"yn"
"123","8.2","2",0.125,"n",0.11864406779661,0.0457071240989236,13.5,0,59,0.0377567767012637,0.5,"yn"
"124","8.8","2",0.125,"n",0.11864406779661,0.0465539163869921,14.1,0,59,0.0418545754388353,0.5,"yn"
"125","9.4","2",0.125,"n",0.11864406779661,0.0480493953633052,14.9,0,59,0.047086836514185,0.5,"yn"
"126","10","2",0.125,"n",0.11864406779661,0.0488823000945947,15.8,0,59,0.0532525310736428,0.5,"yn"
"127","7.1","0",0,"a",0,0.0440739646877798,12.3,0,59,0.0308423858115958,0.5,"yn"
"128","7.6","0",0,"a",0,0.0448354868041864,12.9,0,59,0.0340004172000557,0.5,"yn"
"129","8.2","0",0,"a",0,0.0457071240989236,13.5,0,59,0.0377567767012637,0.5,"yn"
"130","8.8","0",0,"a",0,0.0465539163869921,14.1,0,59,0.0418545754388353,0.5,"yn"
"131","9.4","0",0,"a",0,0.0480493953633052,14.9,0,59,0.047086836514185,0.5,"yn"
"132","10","0",0,"a",0,0.0488823000945947,15.8,0,59,0.0532525310736428,0.5,"yn"
"133","7.1","1",0,"a",0,0.0440739646877798,12.3,0,59,0.0308423858115958,0.5,"yn"
"134","7.6","1",0,"a",0,0.0448354868041864,12.9,0,59,0.0340004172000557,0.5,"yn"
"135","8.2","1",0,"a",0,0.0457071240989236,13.5,0,59,0.0377567767012637,0.5,"yn"
"136","8.8","1",0,"a",0,0.0465539163869921,14.1,0,59,0.0418545754388353,0.5,"yn"
"137","9.4","1",0,"a",0,0.0480493953633052,14.9,0,59,0.047086836514185,0.5,"yn"
"138","10","1",0,"a",0,0.0488823000945947,15.8,0,59,0.0532525310736428,0.5,"yn"
"139","7.1","2",1,"a",0.0508474576271186,0.0440739646877798,12.3,0,59,0.0308423858115958,0.5,"yn"
"140","7.6","2",1,"a",0.0508474576271186,0.0448354868041864,12.9,0,59,0.0340004172000557,0.5,"yn"
"141","8.2","2",1,"a",0.0508474576271186,0.0457071240989236,13.5,0,59,0.0377567767012637,0.5,"yn"
"142","8.8","2",1,"a",0.0508474576271186,0.0465539163869921,14.1,0,59,0.0418545754388353,0.5,"yn"
"143","9.4","2",1,"a",0.0508474576271186,0.0480493953633052,14.9,0,59,0.047086836514185,0.5,"yn"
"144","10","2",1,"a",0.0508474576271186,0.0488823000945947,15.8,0,59,0.0532525310736428,0.5,"yn"
"145","7.1","0",0.767857142857143,"n",0.728813559322034,0.135469751163575,12.4,0,59,0.0311185908730597,0.3,"yn"
"146","7.6","0",0.767857142857143,"n",0.728813559322034,0.136899694370024,13,0,59,0.0343008140850957,0.3,"yn"
"147","8.2","0",0.767857142857143,"n",0.728813559322034,0.13858411554533,13.6,0,59,0.038084995079863,0.3,"yn"
"148","8.8","0",0.767857142857143,"n",0.728813559322034,0.140205531434709,14.2,0,59,0.0422119616272972,0.3,"yn"
"149","9.4","0",0.785714285714286,"n",0.745762711864407,0.144142105402355,14.9,0,59,0.047086836514185,0.3,"yn"
"150","10","0",0.767857142857143,"n",0.728813559322034,0.14489472461579,15.9,0,59,0.0536845578769371,0.3,"yn"
"151","7.1","1",0.125,"n",0.11864406779661,0.135469751163575,12.4,0,59,0.0311185908730597,0.3,"yn"
"152","7.6","1",0.125,"n",0.11864406779661,0.136899694370024,13,0,59,0.0343008140850957,0.3,"yn"
"153","8.2","1",0.125,"n",0.11864406779661,0.13858411554533,13.6,0,59,0.038084995079863,0.3,"yn"
"154","8.8","1",0.125,"n",0.11864406779661,0.140205531434709,14.2,0,59,0.0422119616272972,0.3,"yn"
"155","9.4","1",0.0892857142857143,"n",0.0847457627118644,0.144142105402355,14.9,0,59,0.047086836514185,0.3,"yn"
"156","10","1",0.125,"n",0.11864406779661,0.14489472461579,15.9,0,59,0.0536845578769371,0.3,"yn"
"157","7.1","2",0.107142857142857,"n",0.101694915254237,0.135469751163575,12.4,0,59,0.0311185908730597,0.3,"yn"
"158","7.6","2",0.107142857142857,"n",0.101694915254237,0.136899694370024,13,0,59,0.0343008140850957,0.3,"yn"
"159","8.2","2",0.107142857142857,"n",0.101694915254237,0.13858411554533,13.6,0,59,0.038084995079863,0.3,"yn"
"160","8.8","2",0.107142857142857,"n",0.101694915254237,0.140205531434709,14.2,0,59,0.0422119616272972,0.3,"yn"
"161","9.4","2",0.125,"n",0.11864406779661,0.144142105402355,14.9,0,59,0.047086836514185,0.3,"yn"
"162","10","2",0.107142857142857,"n",0.101694915254237,0.14489472461579,15.9,0,59,0.0536845578769371,0.3,"yn"
"163","7.1","0",0,"a",0,0.135469751163575,12.4,0,59,0.0311185908730597,0.3,"yn"
"164","7.6","0",0,"a",0,0.136899694370024,13,0,59,0.0343008140850957,0.3,"yn"
"165","8.2","0",0,"a",0,0.13858411554533,13.6,0,59,0.038084995079863,0.3,"yn"
"166","8.8","0",0,"a",0,0.140205531434709,14.2,0,59,0.0422119616272972,0.3,"yn"
"167","9.4","0",0,"a",0,0.144142105402355,14.9,0,59,0.047086836514185,0.3,"yn"
"168","10","0",0,"a",0,0.14489472461579,15.9,0,59,0.0536845578769371,0.3,"yn"
"169","7.1","1",0,"a",0,0.135469751163575,12.4,0,59,0.0311185908730597,0.3,"yn"
"170","7.6","1",0,"a",0,0.136899694370024,13,0,59,0.0343008140850957,0.3,"yn"
"171","8.2","1",0,"a",0,0.13858411554533,13.6,0,59,0.038084995079863,0.3,"yn"
"172","8.8","1",0,"a",0,0.140205531434709,14.2,0,59,0.0422119616272972,0.3,"yn"
"173","9.4","1",0,"a",0,0.144142105402355,14.9,0,59,0.047086836514185,0.3,"yn"
"174","10","1",0,"a",0,0.14489472461579,15.9,0,59,0.0536845578769371,0.3,"yn"
"175","7.1","2",1,"a",0.0508474576271186,0.135469751163575,12.4,0,59,0.0311185908730597,0.3,"yn"
"176","7.6","2",1,"a",0.0508474576271186,0.136899694370024,13,0,59,0.0343008140850957,0.3,"yn"
"177","8.2","2",1,"a",0.0508474576271186,0.13858411554533,13.6,0,59,0.038084995079863,0.3,"yn"
"178","8.8","2",1,"a",0.0508474576271186,0.140205531434709,14.2,0,59,0.0422119616272972,0.3,"yn"
"179","9.4","2",1,"a",0.0508474576271186,0.144142105402355,14.9,0,59,0.047086836514185,0.3,"yn"
"180","10","2",1,"a",0.0508474576271186,0.14489472461579,15.9,0,59,0.0536845578769371,0.3,"yn"
"181","7.1","0",0.767857142857143,"n",0.728813559322034,0.421052038864348,12.4,0,59,0.0311185908730597,0.1,"yn"
"182","7.6","0",0.767857142857143,"n",0.728813559322034,0.42293598383115,13,0,59,0.0343008140850957,0.1,"yn"
"183","8.2","0",0.767857142857143,"n",0.728813559322034,0.425115830180376,13.6,0,59,0.038084995079863,0.1,"yn"
"184","8.8","0",0.767857142857143,"n",0.728813559322034,0.427181962577724,14.2,0,59,0.0422119616272972,0.1,"yn"
"185","9.4","0",0.767857142857143,"n",0.728813559322034,0.43119148708405,15,0,59,0.0474796717069972,0.1,"yn"
"186","10","0",0.767857142857143,"n",0.728813559322034,0.433730085078734,15.9,0,59,0.0536845578769371,0.1,"yn"
"187","7.1","1",0.125,"n",0.11864406779661,0.421052038864348,12.4,0,59,0.0311185908730597,0.1,"yn"
"188","7.6","1",0.125,"n",0.11864406779661,0.42293598383115,13,0,59,0.0343008140850957,0.1,"yn"
"189","8.2","1",0.125,"n",0.11864406779661,0.425115830180376,13.6,0,59,0.038084995079863,0.1,"yn"
"190","8.8","1",0.125,"n",0.11864406779661,0.427181962577724,14.2,0,59,0.0422119616272972,0.1,"yn"
"191","9.4","1",0.125,"n",0.11864406779661,0.43119148708405,15,0,59,0.0474796717069972,0.1,"yn"
"192","10","1",0.125,"n",0.11864406779661,0.433730085078734,15.9,0,59,0.0536845578769371,0.1,"yn"
"193","7.1","2",0.107142857142857,"n",0.101694915254237,0.421052038864348,12.4,0,59,0.0311185908730597,0.1,"yn"
"194","7.6","2",0.107142857142857,"n",0.101694915254237,0.42293598383115,13,0,59,0.0343008140850957,0.1,"yn"
"195","8.2","2",0.107142857142857,"n",0.101694915254237,0.425115830180376,13.6,0,59,0.038084995079863,0.1,"yn"
"196","8.8","2",0.107142857142857,"n",0.101694915254237,0.427181962577724,14.2,0,59,0.0422119616272972,0.1,"yn"
"197","9.4","2",0.107142857142857,"n",0.101694915254237,0.43119148708405,15,0,59,0.0474796717069972,0.1,"yn"
"198","10","2",0.107142857142857,"n",0.101694915254237,0.433730085078734,15.9,0,59,0.0536845578769371,0.1,"yn"
"199","7.1","0",0,"a",0,0.421052038864348,12.4,0,59,0.0311185908730597,0.1,"yn"
"200","7.6","0",0,"a",0,0.42293598383115,13,0,59,0.0343008140850957,0.1,"yn"
"201","8.2","0",0,"a",0,0.425115830180376,13.6,0,59,0.038084995079863,0.1,"yn"
"202","8.8","0",0,"a",0,0.427181962577724,14.2,0,59,0.0422119616272972,0.1,"yn"
"203","9.4","0",0,"a",0,0.43119148708405,15,0,59,0.0474796717069972,0.1,"yn"
"204","10","0",0,"a",0,0.433730085078734,15.9,0,59,0.0536845578769371,0.1,"yn"
"205","7.1","1",0,"a",0,0.421052038864348,12.4,0,59,0.0311185908730597,0.1,"yn"
"206","7.6","1",0,"a",0,0.42293598383115,13,0,59,0.0343008140850957,0.1,"yn"
"207","8.2","1",0,"a",0,0.425115830180376,13.6,0,59,0.038084995079863,0.1,"yn"
"208","8.8","1",0,"a",0,0.427181962577724,14.2,0,59,0.0422119616272972,0.1,"yn"
"209","9.4","1",0,"a",0,0.43119148708405,15,0,59,0.0474796717069972,0.1,"yn"
"210","10","1",0,"a",0,0.433730085078734,15.9,0,59,0.0536845578769371,0.1,"yn"
"211","7.1","2",1,"a",0.0508474576271186,0.421052038864348,12.4,0,59,0.0311185908730597,0.1,"yn"
"212","7.6","2",1,"a",0.0508474576271186,0.42293598383115,13,0,59,0.0343008140850957,0.1,"yn"
"213","8.2","2",1,"a",0.0508474576271186,0.425115830180376,13.6,0,59,0.038084995079863,0.1,"yn"
"214","8.8","2",1,"a",0.0508474576271186,0.427181962577724,14.2,0,59,0.0422119616272972,0.1,"yn"
"215","9.4","2",1,"a",0.0508474576271186,0.43119148708405,15,0,59,0.0474796717069972,0.1,"yn"
"216","10","2",1,"a",0.0508474576271186,0.433730085078734,15.9,0,59,0.0536845578769371,0.1,"yn"
"217","7.1","0",0,"n",0,0.0991639744872323,1.9,18.2,22,0.0595301993804354,1,"Bn"
"218","7.6","0",0,"n",0,0.11143585015981,1.7,18.9,21,0.0643402457574889,1,"Bn"
"219","8.2","0",0,"n",0,0.125333748668099,1.5,21.2,20,0.0786203689154736,1,"Bn"
"220","8.8","0",0,"n",0,0.155321754782881,1.1,22.5,18,0.0873248968312143,1,"Bn"
"221","9.4","0",0,"n",0,0.173859600605168,0.9,24.4,17,0.101598148942839,1,"Bn"
"222","10","0",0,"n",0,0.194247847617525,0.699999999999999,25.7,16,0.112729240671452,1,"Bn"
"223","7.1","1",0,"n",0,0.0991639744872323,1.9,18.2,22,0.0595301993804354,1,"Bn"
"224","7.6","1",0,"n",0,0.11143585015981,1.7,18.9,21,0.0643402457574889,1,"Bn"
"225","8.2","1",0,"n",0,0.125333748668099,1.5,21.2,20,0.0786203689154736,1,"Bn"
"226","8.8","1",0,"n",0,0.155321754782881,1.1,22.5,18,0.0873248968312143,1,"Bn"
"227","9.4","1",0,"n",0,0.173859600605168,0.9,24.4,17,0.101598148942839,1,"Bn"
"228","10","1",0,"n",0,0.194247847617525,0.699999999999999,25.7,16,0.112729240671452,1,"Bn"
"229","7.1","2",1,"n",0.227272727272727,0.0991639744872323,1.9,18.2,22,0.0595301993804354,1,"Bn"
"230","7.6","2",1,"n",0.238095238095238,0.11143585015981,1.7,18.9,21,0.0643402457574889,1,"Bn"
"231","8.2","2",1,"n",0.25,0.125333748668099,1.5,21.2,20,0.0786203689154736,1,"Bn"
"232","8.8","2",1,"n",0.277777777777778,0.155321754782881,1.1,22.5,18,0.0873248968312143,1,"Bn"
"233","9.4","2",1,"n",0.294117647058824,0.173859600605168,0.9,24.4,17,0.101598148942839,1,"Bn"
"234","10","2",1,"n",0.3125,0.194247847617525,0.699999999999999,25.7,16,0.112729240671452,1,"Bn"
"235","7.1","0",0.529411764705882,"a",0.409090909090909,0.0991639744872323,1.9,18.2,22,0.0595301993804354,1,"Bn"
"236","7.6","0",0.5,"a",0.380952380952381,0.11143585015981,1.7,18.9,21,0.0643402457574889,1,"Bn"
"237","8.2","0",0.466666666666667,"a",0.35,0.125333748668099,1.5,21.2,20,0.0786203689154736,1,"Bn"
"238","8.8","0",0.384615384615385,"a",0.277777777777778,0.155321754782881,1.1,22.5,18,0.0873248968312143,1,"Bn"
"239","9.4","0",0.333333333333333,"a",0.235294117647059,0.173859600605168,0.9,24.4,17,0.101598148942839,1,"Bn"
"240","10","0",0.272727272727273,"a",0.1875,0.194247847617525,0.699999999999999,25.7,16,0.112729240671452,1,"Bn"
"241","7.1","1",0.0588235294117647,"a",0.0454545454545455,0.0991639744872323,1.9,18.2,22,0.0595301993804354,1,"Bn"
"242","7.6","1",0.0625,"a",0.0476190476190476,0.11143585015981,1.7,18.9,21,0.0643402457574889,1,"Bn"
"243","8.2","1",0.0666666666666667,"a",0.05,0.125333748668099,1.5,21.2,20,0.0786203689154736,1,"Bn"
"244","8.8","1",0.0769230769230769,"a",0.0555555555555556,0.155321754782881,1.1,22.5,18,0.0873248968312143,1,"Bn"
"245","9.4","1",0.0833333333333333,"a",0.0588235294117647,0.173859600605168,0.9,24.4,17,0.101598148942839,1,"Bn"
"246","10","1",0.0909090909090909,"a",0.0625,0.194247847617525,0.699999999999999,25.7,16,0.112729240671452,1,"Bn"
"247","7.1","2",0.411764705882353,"a",0.318181818181818,0.0991639744872323,1.9,18.2,22,0.0595301993804354,1,"Bn"
"248","7.6","2",0.4375,"a",0.333333333333333,0.11143585015981,1.7,18.9,21,0.0643402457574889,1,"Bn"
"249","8.2","2",0.466666666666667,"a",0.35,0.125333748668099,1.5,21.2,20,0.0786203689154736,1,"Bn"
"250","8.8","2",0.538461538461538,"a",0.388888888888889,0.155321754782881,1.1,22.5,18,0.0873248968312143,1,"Bn"
"251","9.4","2",0.583333333333333,"a",0.411764705882353,0.173859600605168,0.9,24.4,17,0.101598148942839,1,"Bn"
"252","10","2",0.636363636363636,"a",0.4375,0.194247847617525,0.699999999999999,25.7,16,0.112729240671452,1,"Bn"
"253","7.1","0",0.529411764705882,"n",0.409090909090909,0.106942875570639,1.8,18.2,22,0.0590637549557212,0.9,"Bn"
"254","7.6","0",0.5,"n",0.380952380952381,0.119767976924402,1.6,18.9,21,0.0638473605521784,0.9,"Bn"
"255","8.2","0",0.466666666666667,"n",0.35,0.132705172733397,1.5,21.2,20,0.0786203689154736,0.9,"Bn"
"256","8.8","0",0.384615384615385,"n",0.277777777777778,0.163256672038699,1.1,22.5,18,0.0873248968312143,0.9,"Bn"
"257","9.4","0",0.333333333333333,"n",0.235294117647059,0.182083533652312,0.9,24.4,17,0.101598148942839,0.9,"Bn"
"258","10","0",0.272727272727273,"n",0.1875,0.202693376965508,0.699999999999999,25.7,16,0.112729240671452,0.9,"Bn"
"259","7.1","1",0,"n",0,0.106942875570639,1.8,18.2,22,0.0590637549557212,0.9,"Bn"
"260","7.6","1",0,"n",0,0.119767976924402,1.6,18.9,21,0.0638473605521784,0.9,"Bn"
"261","8.2","1",0.0666666666666667,"n",0.05,0.132705172733397,1.5,21.2,20,0.0786203689154736,0.9,"Bn"
"262","8.8","1",0.0769230769230769,"n",0.0555555555555556,0.163256672038699,1.1,22.5,18,0.0873248968312143,0.9,"Bn"
"263","9.4","1",0.0833333333333333,"n",0.0588235294117647,0.182083533652312,0.9,24.4,17,0.101598148942839,0.9,"Bn"
"264","10","1",0.0909090909090909,"n",0.0625,0.202693376965508,0.699999999999999,25.7,16,0.112729240671452,0.9,"Bn"
"265","7.1","2",0.470588235294118,"n",0.363636363636364,0.106942875570639,1.8,18.2,22,0.0590637549557212,0.9,"Bn"
"266","7.6","2",0.5,"n",0.380952380952381,0.119767976924402,1.6,18.9,21,0.0638473605521784,0.9,"Bn"
"267","8.2","2",0.466666666666667,"n",0.35,0.132705172733397,1.5,21.2,20,0.0786203689154736,0.9,"Bn"
"268","8.8","2",0.538461538461538,"n",0.388888888888889,0.163256672038699,1.1,22.5,18,0.0873248968312143,0.9,"Bn"
"269","9.4","2",0.583333333333333,"n",0.411764705882353,0.182083533652312,0.9,24.4,17,0.101598148942839,0.9,"Bn"
"270","10","2",0.636363636363636,"n",0.4375,0.202693376965508,0.699999999999999,25.7,16,0.112729240671452,0.9,"Bn"
"271","7.1","0",0,"a",0,0.106942875570639,1.8,18.2,22,0.0590637549557212,0.9,"Bn"
"272","7.6","0",0,"a",0,0.119767976924402,1.6,18.9,21,0.0638473605521784,0.9,"Bn"
"273","8.2","0",0,"a",0,0.132705172733397,1.5,21.2,20,0.0786203689154736,0.9,"Bn"
"274","8.8","0",0,"a",0,0.163256672038699,1.1,22.5,18,0.0873248968312143,0.9,"Bn"
"275","9.4","0",0,"a",0,0.182083533652312,0.9,24.4,17,0.101598148942839,0.9,"Bn"
"276","10","0",0,"a",0,0.202693376965508,0.699999999999999,25.7,16,0.112729240671452,0.9,"Bn"
"277","7.1","1",0,"a",0,0.106942875570639,1.8,18.2,22,0.0590637549557212,0.9,"Bn"
"278","7.6","1",0,"a",0,0.119767976924402,1.6,18.9,21,0.0638473605521784,0.9,"Bn"
"279","8.2","1",0,"a",0,0.132705172733397,1.5,21.2,20,0.0786203689154736,0.9,"Bn"
"280","8.8","1",0,"a",0,0.163256672038699,1.1,22.5,18,0.0873248968312143,0.9,"Bn"
"281","9.4","1",0,"a",0,0.182083533652312,0.9,24.4,17,0.101598148942839,0.9,"Bn"
"282","10","1",0,"a",0,0.202693376965508,0.699999999999999,25.7,16,0.112729240671452,0.9,"Bn"
"283","7.1","2",1,"a",0.227272727272727,0.106942875570639,1.8,18.2,22,0.0590637549557212,0.9,"Bn"
"284","7.6","2",1,"a",0.238095238095238,0.119767976924402,1.6,18.9,21,0.0638473605521784,0.9,"Bn"
"285","8.2","2",1,"a",0.25,0.132705172733397,1.5,21.2,20,0.0786203689154736,0.9,"Bn"
"286","8.8","2",1,"a",0.277777777777778,0.163256672038699,1.1,22.5,18,0.0873248968312143,0.9,"Bn"
"287","9.4","2",1,"a",0.294117647058824,0.182083533652312,0.9,24.4,17,0.101598148942839,0.9,"Bn"
"288","10","2",1,"a",0.3125,0.202693376965508,0.699999999999999,25.7,16,0.112729240671452,0.9,"Bn"
"289","7.1","0",0.6,"n",0.48,0.0930401890130747,2.5,17.3,25,0.0581388249819421,0.7,"Bn"
"290","7.6","0",0.619047619047619,"n",0.5,0.0868518986510597,2.7,17.3,26,0.0614224861024591,0.7,"Bn"
"291","8.2","0",0.466666666666667,"n",0.35,0.149711258610497,1.5,21.2,20,0.0786203689154736,0.7,"Bn"
"292","8.8","0",0.466666666666667,"n",0.35,0.152165611290471,1.5,21.9,20,0.0861347362791,0.7,"Bn"
"293","9.4","0",0.333333333333333,"n",0.235294117647059,0.200522022642268,0.9,24.4,17,0.101598148942839,0.7,"Bn"
"294","10","0",0.5,"n",0.444444444444444,0.08442286242818,3.8,21.4,27,0.104828335740565,0.7,"Bn"
"295","7.1","1",0.05,"n",0.04,0.0930401890130747,2.5,17.3,25,0.0581388249819421,0.7,"Bn"
"296","7.6","1",0.0476190476190476,"n",0.0384615384615385,0.0868518986510597,2.7,17.3,26,0.0614224861024591,0.7,"Bn"
"297","8.2","1",0.0666666666666667,"n",0.05,0.149711258610497,1.5,21.2,20,0.0786203689154736,0.7,"Bn"
"298","8.8","1",0.0666666666666667,"n",0.05,0.152165611290471,1.5,21.9,20,0.0861347362791,0.7,"Bn"
"299","9.4","1",0.0833333333333333,"n",0.0588235294117647,0.200522022642268,0.9,24.4,17,0.101598148942839,0.7,"Bn"
"300","10","1",0.208333333333333,"n",0.185185185185185,0.08442286242818,3.8,21.4,27,0.104828335740565,0.7,"Bn"
"301","7.1","2",0.35,"n",0.28,0.0930401890130747,2.5,17.3,25,0.0581388249819421,0.7,"Bn"
"302","7.6","2",0.333333333333333,"n",0.269230769230769,0.0868518986510597,2.7,17.3,26,0.0614224861024591,0.7,"Bn"
"303","8.2","2",0.466666666666667,"n",0.35,0.149711258610497,1.5,21.2,20,0.0786203689154736,0.7,"Bn"
"304","8.8","2",0.466666666666667,"n",0.35,0.152165611290471,1.5,21.9,20,0.0861347362791,0.7,"Bn"
"305","9.4","2",0.583333333333333,"n",0.411764705882353,0.200522022642268,0.9,24.4,17,0.101598148942839,0.7,"Bn"
"306","10","2",0.291666666666667,"n",0.259259259259259,0.08442286242818,3.8,21.4,27,0.104828335740565,0.7,"Bn"
"307","7.1","0",0,"a",0,0.0930401890130747,2.5,17.3,25,0.0581388249819421,0.7,"Bn"
"308","7.6","0",0,"a",0,0.0868518986510597,2.7,17.3,26,0.0614224861024591,0.7,"Bn"
"309","8.2","0",0,"a",0,0.149711258610497,1.5,21.2,20,0.0786203689154736,0.7,"Bn"
"310","8.8","0",0,"a",0,0.152165611290471,1.5,21.9,20,0.0861347362791,0.7,"Bn"
"311","9.4","0",0,"a",0,0.200522022642268,0.9,24.4,17,0.101598148942839,0.7,"Bn"
"312","10","0",0,"a",0,0.08442286242818,3.8,21.4,27,0.104828335740565,0.7,"Bn"
"313","7.1","1",0,"a",0,0.0930401890130747,2.5,17.3,25,0.0581388249819421,0.7,"Bn"
"314","7.6","1",0,"a",0,0.0868518986510597,2.7,17.3,26,0.0614224861024591,0.7,"Bn"
"315","8.2","1",0,"a",0,0.149711258610497,1.5,21.2,20,0.0786203689154736,0.7,"Bn"
"316","8.8","1",0,"a",0,0.152165611290471,1.5,21.9,20,0.0861347362791,0.7,"Bn"
"317","9.4","1",0,"a",0,0.200522022642268,0.9,24.4,17,0.101598148942839,0.7,"Bn"
"318","10","1",0,"a",0,0.08442286242818,3.8,21.4,27,0.104828335740565,0.7,"Bn"
"319","7.1","2",1,"a",0.2,0.0930401890130747,2.5,17.3,25,0.0581388249819421,0.7,"Bn"
"320","7.6","2",1,"a",0.192307692307692,0.0868518986510597,2.7,17.3,26,0.0614224861024591,0.7,"Bn"
"321","8.2","2",1,"a",0.25,0.149711258610497,1.5,21.2,20,0.0786203689154736,0.7,"Bn"
"322","8.8","2",1,"a",0.25,0.152165611290471,1.5,21.9,20,0.0861347362791,0.7,"Bn"
"323","9.4","2",1,"a",0.294117647058824,0.200522022642268,0.9,24.4,17,0.101598148942839,0.7,"Bn"
"324","10","2",1,"a",0.111111111111111,0.08442286242818,3.8,21.4,27,0.104828335740565,0.7,"Bn"
"325","7.1","0",0.818181818181818,"n",0.76271186440678,0.00815520026098014,12.2,0,59,0.0305683147628974,0.5,"Bn"
"326","7.6","0",0.785714285714286,"n",0.745762711864407,0.00833085288401455,12.9,0,59,0.0340004172000557,0.5,"Bn"
"327","8.2","0",0.818181818181818,"n",0.76271186440678,0.00883188303164776,13.3,0,59,0.0371074474001108,0.5,"Bn"
"328","8.8","0",0.6,"n",0.545454545454545,0.0620269033790271,5,16.2,33,0.0736545834223382,0.5,"Bn"
"329","9.4","0",0.571428571428571,"n",0.516129032258065,0.0739710815651037,4.7,17.9,31,0.0849534336062737,0.5,"Bn"
"330","10","0",0.538461538461538,"n",0.482758620689655,0.0880006754058047,4.4,20.3,29,0.101598148942839,0.5,"Bn"
"331","7.1","1",0.0545454545454545,"n",0.0508474576271186,0.00815520026098014,12.2,0,59,0.0305683147628974,0.5,"Bn"
"332","7.6","1",0.0892857142857143,"n",0.0847457627118644,0.00833085288401455,12.9,0,59,0.0340004172000557,0.5,"Bn"
"333","8.2","1",0.0545454545454545,"n",0.0508474576271186,0.00883188303164776,13.3,0,59,0.0371074474001108,0.5,"Bn"
"334","8.8","1",0.166666666666667,"n",0.151515151515152,0.0620269033790271,5,16.2,33,0.0736545834223382,0.5,"Bn"
"335","9.4","1",0.178571428571429,"n",0.161290322580645,0.0739710815651037,4.7,17.9,31,0.0849534336062737,0.5,"Bn"
"336","10","1",0.192307692307692,"n",0.172413793103448,0.0880006754058047,4.4,20.3,29,0.101598148942839,0.5,"Bn"
"337","7.1","2",0.127272727272727,"n",0.11864406779661,0.00815520026098014,12.2,0,59,0.0305683147628974,0.5,"Bn"
"338","7.6","2",0.125,"n",0.11864406779661,0.00833085288401455,12.9,0,59,0.0340004172000557,0.5,"Bn"
"339","8.2","2",0.127272727272727,"n",0.11864406779661,0.00883188303164776,13.3,0,59,0.0371074474001108,0.5,"Bn"
"340","8.8","2",0.233333333333333,"n",0.212121212121212,0.0620269033790271,5,16.2,33,0.0736545834223382,0.5,"Bn"
"341","9.4","2",0.25,"n",0.225806451612903,0.0739710815651037,4.7,17.9,31,0.0849534336062737,0.5,"Bn"
"342","10","2",0.269230769230769,"n",0.241379310344828,0.0880006754058047,4.4,20.3,29,0.101598148942839,0.5,"Bn"
"343","7.1","0",0,"a",0,0.00815520026098014,12.2,0,59,0.0305683147628974,0.5,"Bn"
"344","7.6","0",0,"a",0,0.00833085288401455,12.9,0,59,0.0340004172000557,0.5,"Bn"
"345","8.2","0",0,"a",0,0.00883188303164776,13.3,0,59,0.0371074474001108,0.5,"Bn"
"346","8.8","0",0,"a",0,0.0620269033790271,5,16.2,33,0.0736545834223382,0.5,"Bn"
"347","9.4","0",0,"a",0,0.0739710815651037,4.7,17.9,31,0.0849534336062737,0.5,"Bn"
"348","10","0",0,"a",0,0.0880006754058047,4.4,20.3,29,0.101598148942839,0.5,"Bn"
"349","7.1","1",0,"a",0,0.00815520026098014,12.2,0,59,0.0305683147628974,0.5,"Bn"
"350","7.6","1",0,"a",0,0.00833085288401455,12.9,0,59,0.0340004172000557,0.5,"Bn"
"351","8.2","1",0,"a",0,0.00883188303164776,13.3,0,59,0.0371074474001108,0.5,"Bn"
"352","8.8","1",0,"a",0,0.0620269033790271,5,16.2,33,0.0736545834223382,0.5,"Bn"
"353","9.4","1",0,"a",0,0.0739710815651037,4.7,17.9,31,0.0849534336062737,0.5,"Bn"
"354","10","1",0,"a",0,0.0880006754058047,4.4,20.3,29,0.101598148942839,0.5,"Bn"
"355","7.1","2",1,"a",0.0677966101694915,0.00815520026098014,12.2,0,59,0.0305683147628974,0.5,"Bn"
"356","7.6","2",1,"a",0.0508474576271186,0.00833085288401455,12.9,0,59,0.0340004172000557,0.5,"Bn"
"357","8.2","2",1,"a",0.0677966101694915,0.00883188303164776,13.3,0,59,0.0371074474001108,0.5,"Bn"
"358","8.8","2",1,"a",0.0909090909090909,0.0620269033790271,5,16.2,33,0.0736545834223382,0.5,"Bn"
"359","9.4","2",1,"a",0.0967741935483871,0.0739710815651037,4.7,17.9,31,0.0849534336062737,0.5,"Bn"
"360","10","2",1,"a",0.103448275862069,0.0880006754058047,4.4,20.3,29,0.101598148942839,0.5,"Bn"
"361","7.1","0",0.785714285714286,"n",0.745762711864407,0.0126405262604193,12.3,0,59,0.0308423858115958,0.3,"Bn"
"362","7.6","0",0.785714285714286,"n",0.745762711864407,0.0130615867016969,12.9,0,59,0.0340004172000557,0.3,"Bn"
"363","8.2","0",0.785714285714286,"n",0.745762711864407,0.0135520001179912,13.5,0,59,0.0377567767012637,0.3,"Bn"
"364","8.8","0",0.785714285714286,"n",0.745762711864407,0.014323473614021,13.9,0,59,0.0411472271811644,0.3,"Bn"
"365","9.4","0",0.785714285714286,"n",0.745762711864407,0.0148857714359562,14.9,0,59,0.047086836514185,0.3,"Bn"
"366","10","0",0.785714285714286,"n",0.745762711864407,0.0153850691177389,15.8,0,59,0.0532525310736428,0.3,"Bn"
"367","7.1","1",0.0892857142857143,"n",0.0847457627118644,0.0126405262604193,12.3,0,59,0.0308423858115958,0.3,"Bn"
"368","7.6","1",0.0892857142857143,"n",0.0847457627118644,0.0130615867016969,12.9,0,59,0.0340004172000557,0.3,"Bn"
"369","8.2","1",0.0892857142857143,"n",0.0847457627118644,0.0135520001179912,13.5,0,59,0.0377567767012637,0.3,"Bn"
"370","8.8","1",0.0892857142857143,"n",0.0847457627118644,0.014323473614021,13.9,0,59,0.0411472271811644,0.3,"Bn"
"371","9.4","1",0.0892857142857143,"n",0.0847457627118644,0.0148857714359562,14.9,0,59,0.047086836514185,0.3,"Bn"
"372","10","1",0.0892857142857143,"n",0.0847457627118644,0.0153850691177389,15.8,0,59,0.0532525310736428,0.3,"Bn"
"373","7.1","2",0.125,"n",0.11864406779661,0.0126405262604193,12.3,0,59,0.0308423858115958,0.3,"Bn"
"374","7.6","2",0.125,"n",0.11864406779661,0.0130615867016969,12.9,0,59,0.0340004172000557,0.3,"Bn"
"375","8.2","2",0.125,"n",0.11864406779661,0.0135520001179912,13.5,0,59,0.0377567767012637,0.3,"Bn"
"376","8.8","2",0.125,"n",0.11864406779661,0.014323473614021,13.9,0,59,0.0411472271811644,0.3,"Bn"
"377","9.4","2",0.125,"n",0.11864406779661,0.0148857714359562,14.9,0,59,0.047086836514185,0.3,"Bn"
"378","10","2",0.125,"n",0.11864406779661,0.0153850691177389,15.8,0,59,0.0532525310736428,0.3,"Bn"
"379","7.1","0",0,"a",0,0.0126405262604193,12.3,0,59,0.0308423858115958,0.3,"Bn"
"380","7.6","0",0,"a",0,0.0130615867016969,12.9,0,59,0.0340004172000557,0.3,"Bn"
"381","8.2","0",0,"a",0,0.0135520001179912,13.5,0,59,0.0377567767012637,0.3,"Bn"
"382","8.8","0",0,"a",0,0.014323473614021,13.9,0,59,0.0411472271811644,0.3,"Bn"
"383","9.4","0",0,"a",0,0.0148857714359562,14.9,0,59,0.047086836514185,0.3,"Bn"
"384","10","0",0,"a",0,0.0153850691177389,15.8,0,59,0.0532525310736428,0.3,"Bn"
"385","7.1","1",0,"a",0,0.0126405262604193,12.3,0,59,0.0308423858115958,0.3,"Bn"
"386","7.6","1",0,"a",0,0.0130615867016969,12.9,0,59,0.0340004172000557,0.3,"Bn"
"387","8.2","1",0,"a",0,0.0135520001179912,13.5,0,59,0.0377567767012637,0.3,"Bn"
"388","8.8","1",0,"a",0,0.014323473614021,13.9,0,59,0.0411472271811644,0.3,"Bn"
"389","9.4","1",0,"a",0,0.0148857714359562,14.9,0,59,0.047086836514185,0.3,"Bn"
"390","10","1",0,"a",0,0.0153850691177389,15.8,0,59,0.0532525310736428,0.3,"Bn"
"391","7.1","2",1,"a",0.0508474576271186,0.0126405262604193,12.3,0,59,0.0308423858115958,0.3,"Bn"
"392","7.6","2",1,"a",0.0508474576271186,0.0130615867016969,12.9,0,59,0.0340004172000557,0.3,"Bn"
"393","8.2","2",1,"a",0.0508474576271186,0.0135520001179912,13.5,0,59,0.0377567767012637,0.3,"Bn"
"394","8.8","2",1,"a",0.0508474576271186,0.014323473614021,13.9,0,59,0.0411472271811644,0.3,"Bn"
"395","9.4","2",1,"a",0.0508474576271186,0.0148857714359562,14.9,0,59,0.047086836514185,0.3,"Bn"
"396","10","2",1,"a",0.0508474576271186,0.0153850691177389,15.8,0,59,0.0532525310736428,0.3,"Bn"
"397","7.1","0",0.785714285714286,"n",0.745762711864407,0.0198152107754463,12.3,0,59,0.0308423858115958,0.1,"Bn"
"398","7.6","0",0.785714285714286,"n",0.745762711864407,0.0204750051953014,12.9,0,59,0.0340004172000557,0.1,"Bn"
"399","8.2","0",0.785714285714286,"n",0.745762711864407,0.0212434640086741,13.5,0,59,0.0377567767012637,0.1,"Bn"
"400","8.8","0",0.785714285714286,"n",0.745762711864407,0.0224523253071563,13.9,0,59,0.0411472271811644,0.1,"Bn"
"401","9.4","0",0.785714285714286,"n",0.745762711864407,0.0233333966607051,14.9,0,59,0.047086836514185,0.1,"Bn"
"402","10","0",0.785714285714286,"n",0.745762711864407,0.0241157377865093,15.8,0,59,0.0532525310736428,0.1,"Bn"
"403","7.1","1",0.0892857142857143,"n",0.0847457627118644,0.0198152107754463,12.3,0,59,0.0308423858115958,0.1,"Bn"
"404","7.6","1",0.0892857142857143,"n",0.0847457627118644,0.0204750051953014,12.9,0,59,0.0340004172000557,0.1,"Bn"
"405","8.2","1",0.0892857142857143,"n",0.0847457627118644,0.0212434640086741,13.5,0,59,0.0377567767012637,0.1,"Bn"
"406","8.8","1",0.0892857142857143,"n",0.0847457627118644,0.0224523253071563,13.9,0,59,0.0411472271811644,0.1,"Bn"
"407","9.4","1",0.0892857142857143,"n",0.0847457627118644,0.0233333966607051,14.9,0,59,0.047086836514185,0.1,"Bn"
"408","10","1",0.0892857142857143,"n",0.0847457627118644,0.0241157377865093,15.8,0,59,0.0532525310736428,0.1,"Bn"
"409","7.1","2",0.125,"n",0.11864406779661,0.0198152107754463,12.3,0,59,0.0308423858115958,0.1,"Bn"
"410","7.6","2",0.125,"n",0.11864406779661,0.0204750051953014,12.9,0,59,0.0340004172000557,0.1,"Bn"
"411","8.2","2",0.125,"n",0.11864406779661,0.0212434640086741,13.5,0,59,0.0377567767012637,0.1,"Bn"
"412","8.8","2",0.125,"n",0.11864406779661,0.0224523253071563,13.9,0,59,0.0411472271811644,0.1,"Bn"
"413","9.4","2",0.125,"n",0.11864406779661,0.0233333966607051,14.9,0,59,0.047086836514185,0.1,"Bn"
"414","10","2",0.125,"n",0.11864406779661,0.0241157377865093,15.8,0,59,0.0532525310736428,0.1,"Bn"
"415","7.1","0",0,"a",0,0.0198152107754463,12.3,0,59,0.0308423858115958,0.1,"Bn"
"416","7.6","0",0,"a",0,0.0204750051953014,12.9,0,59,0.0340004172000557,0.1,"Bn"
"417","8.2","0",0,"a",0,0.0212434640086741,13.5,0,59,0.0377567767012637,0.1,"Bn"
"418","8.8","0",0,"a",0,0.0224523253071563,13.9,0,59,0.0411472271811644,0.1,"Bn"
"419","9.4","0",0,"a",0,0.0233333966607051,14.9,0,59,0.047086836514185,0.1,"Bn"
"420","10","0",0,"a",0,0.0241157377865093,15.8,0,59,0.0532525310736428,0.1,"Bn"
"421","7.1","1",0,"a",0,0.0198152107754463,12.3,0,59,0.0308423858115958,0.1,"Bn"
"422","7.6","1",0,"a",0,0.0204750051953014,12.9,0,59,0.0340004172000557,0.1,"Bn"
"423","8.2","1",0,"a",0,0.0212434640086741,13.5,0,59,0.0377567767012637,0.1,"Bn"
"424","8.8","1",0,"a",0,0.0224523253071563,13.9,0,59,0.0411472271811644,0.1,"Bn"
"425","9.4","1",0,"a",0,0.0233333966607051,14.9,0,59,0.047086836514185,0.1,"Bn"
"426","10","1",0,"a",0,0.0241157377865093,15.8,0,59,0.0532525310736428,0.1,"Bn"
"427","7.1","2",1,"a",0.0508474576271186,0.0198152107754463,12.3,0,59,0.0308423858115958,0.1,"Bn"
"428","7.6","2",1,"a",0.0508474576271186,0.0204750051953014,12.9,0,59,0.0340004172000557,0.1,"Bn"
"429","8.2","2",1,"a",0.0508474576271186,0.0212434640086741,13.5,0,59,0.0377567767012637,0.1,"Bn"
"430","8.8","2",1,"a",0.0508474576271186,0.0224523253071563,13.9,0,59,0.0411472271811644,0.1,"Bn"
"431","9.4","2",1,"a",0.0508474576271186,0.0233333966607051,14.9,0,59,0.047086836514185,0.1,"Bn"
"432","10","2",1,"a",0.0508474576271186,0.0241157377865093,15.8,0,59,0.0532525310736428,0.1,"Bn"
"433","7.1","0",0,"n",0,0.0991639744872323,1.9,18.2,22,0.0595301993804354,1,"dn0"
"434","7.6","0",0,"n",0,0.11143585015981,1.7,18.9,21,0.0643402457574889,1,"dn0"
"435","8.2","0",0,"n",0,0.125333748668099,1.5,21.2,20,0.0786203689154736,1,"dn0"
"436","8.8","0",0,"n",0,0.155321754782881,1.1,22.5,18,0.0873248968312143,1,"dn0"
"437","9.4","0",0,"n",0,0.173859600605168,0.9,24.4,17,0.101598148942839,1,"dn0"
"438","10","0",0,"n",0,0.194247847617525,0.699999999999999,25.7,16,0.112729240671452,1,"dn0"
"439","7.1","1",0,"n",0,0.0991639744872323,1.9,18.2,22,0.0595301993804354,1,"dn0"
"440","7.6","1",0,"n",0,0.11143585015981,1.7,18.9,21,0.0643402457574889,1,"dn0"
"441","8.2","1",0,"n",0,0.125333748668099,1.5,21.2,20,0.0786203689154736,1,"dn0"
"442","8.8","1",0,"n",0,0.155321754782881,1.1,22.5,18,0.0873248968312143,1,"dn0"
"443","9.4","1",0,"n",0,0.173859600605168,0.9,24.4,17,0.101598148942839,1,"dn0"
"444","10","1",0,"n",0,0.194247847617525,0.699999999999999,25.7,16,0.112729240671452,1,"dn0"
"445","7.1","2",1,"n",0.227272727272727,0.0991639744872323,1.9,18.2,22,0.0595301993804354,1,"dn0"
"446","7.6","2",1,"n",0.238095238095238,0.11143585015981,1.7,18.9,21,0.0643402457574889,1,"dn0"
"447","8.2","2",1,"n",0.25,0.125333748668099,1.5,21.2,20,0.0786203689154736,1,"dn0"
"448","8.8","2",1,"n",0.277777777777778,0.155321754782881,1.1,22.5,18,0.0873248968312143,1,"dn0"
"449","9.4","2",1,"n",0.294117647058824,0.173859600605168,0.9,24.4,17,0.101598148942839,1,"dn0"
"450","10","2",1,"n",0.3125,0.194247847617525,0.699999999999999,25.7,16,0.112729240671452,1,"dn0"
"451","7.1","0",0.529411764705882,"a",0.409090909090909,0.0991639744872323,1.9,18.2,22,0.0595301993804354,1,"dn0"
"452","7.6","0",0.5,"a",0.380952380952381,0.11143585015981,1.7,18.9,21,0.0643402457574889,1,"dn0"
"453","8.2","0",0.466666666666667,"a",0.35,0.125333748668099,1.5,21.2,20,0.0786203689154736,1,"dn0"
"454","8.8","0",0.384615384615385,"a",0.277777777777778,0.155321754782881,1.1,22.5,18,0.0873248968312143,1,"dn0"
"455","9.4","0",0.333333333333333,"a",0.235294117647059,0.173859600605168,0.9,24.4,17,0.101598148942839,1,"dn0"
"456","10","0",0.272727272727273,"a",0.1875,0.194247847617525,0.699999999999999,25.7,16,0.112729240671452,1,"dn0"
"457","7.1","1",0.0588235294117647,"a",0.0454545454545455,0.0991639744872323,1.9,18.2,22,0.0595301993804354,1,"dn0"
"458","7.6","1",0.0625,"a",0.0476190476190476,0.11143585015981,1.7,18.9,21,0.0643402457574889,1,"dn0"
"459","8.2","1",0.0666666666666667,"a",0.05,0.125333748668099,1.5,21.2,20,0.0786203689154736,1,"dn0"
"460","8.8","1",0.0769230769230769,"a",0.0555555555555556,0.155321754782881,1.1,22.5,18,0.0873248968312143,1,"dn0"
"461","9.4","1",0.0833333333333333,"a",0.0588235294117647,0.173859600605168,0.9,24.4,17,0.101598148942839,1,"dn0"
"462","10","1",0.0909090909090909,"a",0.0625,0.194247847617525,0.699999999999999,25.7,16,0.112729240671452,1,"dn0"
"463","7.1","2",0.411764705882353,"a",0.318181818181818,0.0991639744872323,1.9,18.2,22,0.0595301993804354,1,"dn0"
"464","7.6","2",0.4375,"a",0.333333333333333,0.11143585015981,1.7,18.9,21,0.0643402457574889,1,"dn0"
"465","8.2","2",0.466666666666667,"a",0.35,0.125333748668099,1.5,21.2,20,0.0786203689154736,1,"dn0"
"466","8.8","2",0.538461538461538,"a",0.388888888888889,0.155321754782881,1.1,22.5,18,0.0873248968312143,1,"dn0"
"467","9.4","2",0.583333333333333,"a",0.411764705882353,0.173859600605168,0.9,24.4,17,0.101598148942839,1,"dn0"
"468","10","2",0.636363636363636,"a",0.4375,0.194247847617525,0.699999999999999,25.7,16,0.112729240671452,1,"dn0"
"469","7.1","0",0,"n",0,0.0991639744872323,1.9,18.2,22,0.0595301993804354,0.9,"dn0"
"470","7.6","0",0,"n",0,0.11143585015981,1.7,18.9,21,0.0643402457574889,0.9,"dn0"
"471","8.2","0",0,"n",0,0.125333748668099,1.5,21.2,20,0.0786203689154736,0.9,"dn0"
"472","8.8","0",0,"n",0,0.155321754782881,1.1,22.5,18,0.0873248968312143,0.9,"dn0"
"473","9.4","0",0,"n",0,0.173859600605168,0.9,24.4,17,0.101598148942839,0.9,"dn0"
"474","10","0",0,"n",0,0.194247847617525,0.699999999999999,25.7,16,0.112729240671452,0.9,"dn0"
"475","7.1","1",0,"n",0,0.0991639744872323,1.9,18.2,22,0.0595301993804354,0.9,"dn0"
"476","7.6","1",0,"n",0,0.11143585015981,1.7,18.9,21,0.0643402457574889,0.9,"dn0"
"477","8.2","1",0,"n",0,0.125333748668099,1.5,21.2,20,0.0786203689154736,0.9,"dn0"
"478","8.8","1",0,"n",0,0.155321754782881,1.1,22.5,18,0.0873248968312143,0.9,"dn0"
"479","9.4","1",0,"n",0,0.173859600605168,0.9,24.4,17,0.101598148942839,0.9,"dn0"
"480","10","1",0,"n",0,0.194247847617525,0.699999999999999,25.7,16,0.112729240671452,0.9,"dn0"
"481","7.1","2",1,"n",0.227272727272727,0.0991639744872323,1.9,18.2,22,0.0595301993804354,0.9,"dn0"
"482","7.6","2",1,"n",0.238095238095238,0.11143585015981,1.7,18.9,21,0.0643402457574889,0.9,"dn0"
"483","8.2","2",1,"n",0.25,0.125333748668099,1.5,21.2,20,0.0786203689154736,0.9,"dn0"
"484","8.8","2",1,"n",0.277777777777778,0.155321754782881,1.1,22.5,18,0.0873248968312143,0.9,"dn0"
"485","9.4","2",1,"n",0.294117647058824,0.173859600605168,0.9,24.4,17,0.101598148942839,0.9,"dn0"
"486","10","2",1,"n",0.3125,0.194247847617525,0.699999999999999,25.7,16,0.112729240671452,0.9,"dn0"
"487","7.1","0",0.529411764705882,"a",0.409090909090909,0.0991639744872323,1.9,18.2,22,0.0595301993804354,0.9,"dn0"
"488","7.6","0",0.5,"a",0.380952380952381,0.11143585015981,1.7,18.9,21,0.0643402457574889,0.9,"dn0"
"489","8.2","0",0.466666666666667,"a",0.35,0.125333748668099,1.5,21.2,20,0.0786203689154736,0.9,"dn0"
"490","8.8","0",0.384615384615385,"a",0.277777777777778,0.155321754782881,1.1,22.5,18,0.0873248968312143,0.9,"dn0"
"491","9.4","0",0.333333333333333,"a",0.235294117647059,0.173859600605168,0.9,24.4,17,0.101598148942839,0.9,"dn0"
"492","10","0",0.272727272727273,"a",0.1875,0.194247847617525,0.699999999999999,25.7,16,0.112729240671452,0.9,"dn0"
"493","7.1","1",0.0588235294117647,"a",0.0454545454545455,0.0991639744872323,1.9,18.2,22,0.0595301993804354,0.9,"dn0"
"494","7.6","1",0.0625,"a",0.0476190476190476,0.11143585015981,1.7,18.9,21,0.0643402457574889,0.9,"dn0"
"495","8.2","1",0.0666666666666667,"a",0.05,0.125333748668099,1.5,21.2,20,0.0786203689154736,0.9,"dn0"
"496","8.8","1",0.0769230769230769,"a",0.0555555555555556,0.155321754782881,1.1,22.5,18,0.0873248968312143,0.9,"dn0"
"497","9.4","1",0.0833333333333333,"a",0.0588235294117647,0.173859600605168,0.9,24.4,17,0.101598148942839,0.9,"dn0"
"498","10","1",0.0909090909090909,"a",0.0625,0.194247847617525,0.699999999999999,25.7,16,0.112729240671452,0.9,"dn0"
"499","7.1","2",0.411764705882353,"a",0.318181818181818,0.0991639744872323,1.9,18.2,22,0.0595301993804354,0.9,"dn0"
"500","7.6","2",0.4375,"a",0.333333333333333,0.11143585015981,1.7,18.9,21,0.0643402457574889,0.9,"dn0"
"501","8.2","2",0.466666666666667,"a",0.35,0.125333748668099,1.5,21.2,20,0.0786203689154736,0.9,"dn0"
"502","8.8","2",0.538461538461538,"a",0.388888888888889,0.155321754782881,1.1,22.5,18,0.0873248968312143,0.9,"dn0"
"503","9.4","2",0.583333333333333,"a",0.411764705882353,0.173859600605168,0.9,24.4,17,0.101598148942839,0.9,"dn0"
"504","10","2",0.636363636363636,"a",0.4375,0.194247847617525,0.699999999999999,25.7,16,0.112729240671452,0.9,"dn0"
"505","7.1","0",0,"n",0,0.0991639744872323,1.9,18.2,22,0.0595301993804354,0.7,"dn0"
"506","7.6","0",0,"n",0,0.11143585015981,1.7,18.9,21,0.0643402457574889,0.7,"dn0"
"507","8.2","0",0,"n",0,0.125333748668099,1.5,21.2,20,0.0786203689154736,0.7,"dn0"
"508","8.8","0",0,"n",0,0.155321754782881,1.1,22.5,18,0.0873248968312143,0.7,"dn0"
"509","9.4","0",0.4,"n",0.166666666666667,0.0858025189093004,3,22.3,24,0.101598148942839,0.7,"dn0"
"510","10","0",0.538461538461538,"n",0.304347826086957,0.0985943145283051,2.9,23.7,23,0.114064668269126,0.7,"dn0"
"511","7.1","1",0,"n",0,0.0991639744872323,1.9,18.2,22,0.0595301993804354,0.7,"dn0"
"512","7.6","1",0,"n",0,0.11143585015981,1.7,18.9,21,0.0643402457574889,0.7,"dn0"
"513","8.2","1",0,"n",0,0.125333748668099,1.5,21.2,20,0.0786203689154736,0.7,"dn0"
"514","8.8","1",0,"n",0,0.155321754782881,1.1,22.5,18,0.0873248968312143,0.7,"dn0"
"515","9.4","1",0.2,"n",0.0833333333333333,0.0858025189093004,3,22.3,24,0.101598148942839,0.7,"dn0"
"516","10","1",0.0769230769230769,"n",0.0434782608695652,0.0985943145283051,2.9,23.7,23,0.114064668269126,0.7,"dn0"
"517","7.1","2",1,"n",0.227272727272727,0.0991639744872323,1.9,18.2,22,0.0595301993804354,0.7,"dn0"
"518","7.6","2",1,"n",0.238095238095238,0.11143585015981,1.7,18.9,21,0.0643402457574889,0.7,"dn0"
"519","8.2","2",1,"n",0.25,0.125333748668099,1.5,21.2,20,0.0786203689154736,0.7,"dn0"
"520","8.8","2",1,"n",0.277777777777778,0.155321754782881,1.1,22.5,18,0.0873248968312143,0.7,"dn0"
"521","9.4","2",0.4,"n",0.166666666666667,0.0858025189093004,3,22.3,24,0.101598148942839,0.7,"dn0"
"522","10","2",0.384615384615385,"n",0.217391304347826,0.0985943145283051,2.9,23.7,23,0.114064668269126,0.7,"dn0"
"523","7.1","0",0.529411764705882,"a",0.409090909090909,0.0991639744872323,1.9,18.2,22,0.0595301993804354,0.7,"dn0"
"524","7.6","0",0.5,"a",0.380952380952381,0.11143585015981,1.7,18.9,21,0.0643402457574889,0.7,"dn0"
"525","8.2","0",0.466666666666667,"a",0.35,0.125333748668099,1.5,21.2,20,0.0786203689154736,0.7,"dn0"
"526","8.8","0",0.384615384615385,"a",0.277777777777778,0.155321754782881,1.1,22.5,18,0.0873248968312143,0.7,"dn0"
"527","9.4","0",0.428571428571429,"a",0.25,0.0858025189093004,3,22.3,24,0.101598148942839,0.7,"dn0"
"528","10","0",0.3,"a",0.130434782608696,0.0985943145283051,2.9,23.7,23,0.114064668269126,0.7,"dn0"
"529","7.1","1",0.0588235294117647,"a",0.0454545454545455,0.0991639744872323,1.9,18.2,22,0.0595301993804354,0.7,"dn0"
"530","7.6","1",0.0625,"a",0.0476190476190476,0.11143585015981,1.7,18.9,21,0.0643402457574889,0.7,"dn0"
"531","8.2","1",0.0666666666666667,"a",0.05,0.125333748668099,1.5,21.2,20,0.0786203689154736,0.7,"dn0"
"532","8.8","1",0.0769230769230769,"a",0.0555555555555556,0.155321754782881,1.1,22.5,18,0.0873248968312143,0.7,"dn0"
"533","9.4","1",0.0714285714285714,"a",0.0416666666666667,0.0858025189093004,3,22.3,24,0.101598148942839,0.7,"dn0"
"534","10","1",0,"a",0,0.0985943145283051,2.9,23.7,23,0.114064668269126,0.7,"dn0"
"535","7.1","2",0.411764705882353,"a",0.318181818181818,0.0991639744872323,1.9,18.2,22,0.0595301993804354,0.7,"dn0"
"536","7.6","2",0.4375,"a",0.333333333333333,0.11143585015981,1.7,18.9,21,0.0643402457574889,0.7,"dn0"
"537","8.2","2",0.466666666666667,"a",0.35,0.125333748668099,1.5,21.2,20,0.0786203689154736,0.7,"dn0"
"538","8.8","2",0.538461538461538,"a",0.388888888888889,0.155321754782881,1.1,22.5,18,0.0873248968312143,0.7,"dn0"
"539","9.4","2",0.5,"a",0.291666666666667,0.0858025189093004,3,22.3,24,0.101598148942839,0.7,"dn0"
"540","10","2",0.7,"a",0.304347826086957,0.0985943145283051,2.9,23.7,23,0.114064668269126,0.7,"dn0"
"541","7.1","0",0,"n",0,0.0991639744872323,1.9,18.2,22,0.0595301993804354,0.5,"dn0"
"542","7.6","0",0,"n",0,0.11143585015981,1.7,18.9,21,0.0643402457574889,0.5,"dn0"
"543","8.2","0",0.545454545454545,"n",0.222222222222222,0.06308350626385,3.5,19,27,0.0774996901503023,0.5,"dn0"
"544","8.8","0",0.5,"n",0.24,0.0784362351060293,3.2,20.4,25,0.0873248968312143,0.5,"dn0"
"545","9.4","0",0.571428571428571,"n",0.333333333333333,0.0882384940383181,3.2,22.6,24,0.104828335740565,0.5,"dn0"
"546","10","0",0.6,"n",0.409090909090909,0.109103669033837,2.9,24.3,22,0.118097367795968,0.5,"dn0"
"547","7.1","1",0,"n",0,0.0991639744872323,1.9,18.2,22,0.0595301993804354,0.5,"dn0"
"548","7.6","1",0,"n",0,0.11143585015981,1.7,18.9,21,0.0643402457574889,0.5,"dn0"
"549","8.2","1",0,"n",0,0.06308350626385,3.5,19,27,0.0774996901503023,0.5,"dn0"
"550","8.8","1",0.0833333333333333,"n",0.04,0.0784362351060293,3.2,20.4,25,0.0873248968312143,0.5,"dn0"
"551","9.4","1",0.0714285714285714,"n",0.0416666666666667,0.0882384940383181,3.2,22.6,24,0.104828335740565,0.5,"dn0"
"552","10","1",0.0666666666666667,"n",0.0454545454545455,0.109103669033837,2.9,24.3,22,0.118097367795968,0.5,"dn0"
"553","7.1","2",1,"n",0.227272727272727,0.0991639744872323,1.9,18.2,22,0.0595301993804354,0.5,"dn0"
"554","7.6","2",1,"n",0.238095238095238,0.11143585015981,1.7,18.9,21,0.0643402457574889,0.5,"dn0"
"555","8.2","2",0.454545454545455,"n",0.185185185185185,0.06308350626385,3.5,19,27,0.0774996901503023,0.5,"dn0"
"556","8.8","2",0.416666666666667,"n",0.2,0.0784362351060293,3.2,20.4,25,0.0873248968312143,0.5,"dn0"
"557","9.4","2",0.357142857142857,"n",0.208333333333333,0.0882384940383181,3.2,22.6,24,0.104828335740565,0.5,"dn0"
"558","10","2",0.333333333333333,"n",0.227272727272727,0.109103669033837,2.9,24.3,22,0.118097367795968,0.5,"dn0"
"559","7.1","0",0.529411764705882,"a",0.409090909090909,0.0991639744872323,1.9,18.2,22,0.0595301993804354,0.5,"dn0"
"560","7.6","0",0.5,"a",0.380952380952381,0.11143585015981,1.7,18.9,21,0.0643402457574889,0.5,"dn0"
"561","8.2","0",0.5,"a",0.296296296296296,0.06308350626385,3.5,19,27,0.0774996901503023,0.5,"dn0"
"562","8.8","0",0.461538461538462,"a",0.24,0.0784362351060293,3.2,20.4,25,0.0873248968312143,0.5,"dn0"
"563","9.4","0",0.3,"a",0.125,0.0882384940383181,3.2,22.6,24,0.104828335740565,0.5,"dn0"
"564","10","0",0,"a",0,0.109103669033837,2.9,24.3,22,0.118097367795968,0.5,"dn0"
"565","7.1","1",0.0588235294117647,"a",0.0454545454545455,0.0991639744872323,1.9,18.2,22,0.0595301993804354,0.5,"dn0"
"566","7.6","1",0.0625,"a",0.0476190476190476,0.11143585015981,1.7,18.9,21,0.0643402457574889,0.5,"dn0"
"567","8.2","1",0.0625,"a",0.037037037037037,0.06308350626385,3.5,19,27,0.0774996901503023,0.5,"dn0"
"568","8.8","1",0,"a",0,0.0784362351060293,3.2,20.4,25,0.0873248968312143,0.5,"dn0"
"569","9.4","1",0,"a",0,0.0882384940383181,3.2,22.6,24,0.104828335740565,0.5,"dn0"
"570","10","1",0,"a",0,0.109103669033837,2.9,24.3,22,0.118097367795968,0.5,"dn0"
"571","7.1","2",0.411764705882353,"a",0.318181818181818,0.0991639744872323,1.9,18.2,22,0.0595301993804354,0.5,"dn0"
"572","7.6","2",0.4375,"a",0.333333333333333,0.11143585015981,1.7,18.9,21,0.0643402457574889,0.5,"dn0"
"573","8.2","2",0.4375,"a",0.259259259259259,0.06308350626385,3.5,19,27,0.0774996901503023,0.5,"dn0"
"574","8.8","2",0.538461538461538,"a",0.28,0.0784362351060293,3.2,20.4,25,0.0873248968312143,0.5,"dn0"
"575","9.4","2",0.7,"a",0.291666666666667,0.0882384940383181,3.2,22.6,24,0.104828335740565,0.5,"dn0"
"576","10","2",1,"a",0.318181818181818,0.109103669033837,2.9,24.3,22,0.118097367795968,0.5,"dn0"
"577","7.1","0",0.5,"n",0.172413793103448,0.0496619635459536,3.8,16.1,29,0.058599963332954,0.3,"dn0"
"578","7.6","0",0.428571428571429,"n",0.214285714285714,0.0566622039445762,3.6,16.8,28,0.0633571079826131,0.3,"dn0"
"579","8.2","0",0.571428571428571,"n",0.296296296296296,0.0634491059072236,3.8,19,27,0.0791843286054554,0.3,"dn0"
"580","8.8","0",0.6,"n",0.36,0.0788404009097732,3.5,20.7,25,0.0909470885326572,0.3,"dn0"
"581","9.4","0",0.6,"n",0.391304347826087,0.0954527818114297,3.3,23.6,23,0.112063315447455,0.3,"dn0"
"582","10","0",0.6,"n",0.409090909090909,0.109103669033837,2.9,24.3,22,0.118097367795968,0.3,"dn0"
"583","7.1","1",0,"n",0,0.0496619635459536,3.8,16.1,29,0.058599963332954,0.3,"dn0"
"584","7.6","1",0,"n",0,0.0566622039445762,3.6,16.8,28,0.0633571079826131,0.3,"dn0"
"585","8.2","1",0.0714285714285714,"n",0.037037037037037,0.0634491059072236,3.8,19,27,0.0791843286054554,0.3,"dn0"
"586","8.8","1",0.0666666666666667,"n",0.04,0.0788404009097732,3.5,20.7,25,0.0909470885326572,0.3,"dn0"
"587","9.4","1",0.133333333333333,"n",0.0869565217391304,0.0954527818114297,3.3,23.6,23,0.112063315447455,0.3,"dn0"
"588","10","1",0.0666666666666667,"n",0.0454545454545455,0.109103669033837,2.9,24.3,22,0.118097367795968,0.3,"dn0"
"589","7.1","2",0.5,"n",0.172413793103448,0.0496619635459536,3.8,16.1,29,0.058599963332954,0.3,"dn0"
"590","7.6","2",0.571428571428571,"n",0.285714285714286,0.0566622039445762,3.6,16.8,28,0.0633571079826131,0.3,"dn0"
"591","8.2","2",0.357142857142857,"n",0.185185185185185,0.0634491059072236,3.8,19,27,0.0791843286054554,0.3,"dn0"
"592","8.8","2",0.333333333333333,"n",0.2,0.0788404009097732,3.5,20.7,25,0.0909470885326572,0.3,"dn0"
"593","9.4","2",0.266666666666667,"n",0.173913043478261,0.0954527818114297,3.3,23.6,23,0.112063315447455,0.3,"dn0"
"594","10","2",0.333333333333333,"n",0.227272727272727,0.109103669033837,2.9,24.3,22,0.118097367795968,0.3,"dn0"
"595","7.1","0",0.578947368421053,"a",0.379310344827586,0.0496619635459536,3.8,16.1,29,0.058599963332954,0.3,"dn0"
"596","7.6","0",0.642857142857143,"a",0.321428571428571,0.0566622039445762,3.6,16.8,28,0.0633571079826131,0.3,"dn0"
"597","8.2","0",0.461538461538462,"a",0.222222222222222,0.0634491059072236,3.8,19,27,0.0791843286054554,0.3,"dn0"
"598","8.8","0",0.3,"a",0.12,0.0788404009097732,3.5,20.7,25,0.0909470885326572,0.3,"dn0"
"599","9.4","0",0,"a",0,0.0954527818114297,3.3,23.6,23,0.112063315447455,0.3,"dn0"
"600","10","0",0,"a",0,0.109103669033837,2.9,24.3,22,0.118097367795968,0.3,"dn0"
"601","7.1","1",0.0526315789473684,"a",0.0344827586206897,0.0496619635459536,3.8,16.1,29,0.058599963332954,0.3,"dn0"
"602","7.6","1",0,"a",0,0.0566622039445762,3.6,16.8,28,0.0633571079826131,0.3,"dn0"
"603","8.2","1",0,"a",0,0.0634491059072236,3.8,19,27,0.0791843286054554,0.3,"dn0"
"604","8.8","1",0,"a",0,0.0788404009097732,3.5,20.7,25,0.0909470885326572,0.3,"dn0"
"605","9.4","1",0.125,"a",0.0434782608695652,0.0954527818114297,3.3,23.6,23,0.112063315447455,0.3,"dn0"
"606","10","1",0,"a",0,0.109103669033837,2.9,24.3,22,0.118097367795968,0.3,"dn0"
"607","7.1","2",0.368421052631579,"a",0.241379310344828,0.0496619635459536,3.8,16.1,29,0.058599963332954,0.3,"dn0"
"608","7.6","2",0.357142857142857,"a",0.178571428571429,0.0566622039445762,3.6,16.8,28,0.0633571079826131,0.3,"dn0"
"609","8.2","2",0.538461538461538,"a",0.259259259259259,0.0634491059072236,3.8,19,27,0.0791843286054554,0.3,"dn0"
"610","8.8","2",0.7,"a",0.28,0.0788404009097732,3.5,20.7,25,0.0909470885326572,0.3,"dn0"
"611","9.4","2",0.875,"a",0.304347826086957,0.0954527818114297,3.3,23.6,23,0.112063315447455,0.3,"dn0"
"612","10","2",1,"a",0.318181818181818,0.109103669033837,2.9,24.3,22,0.118097367795968,0.3,"dn0"
"613","7.1","0",0.466666666666667,"n",0.241379310344828,0.0504366640958239,3.9,16.1,29,0.0590637549557212,0.1,"dn0"
"614","7.6","0",0.615384615384615,"n",0.296296296296296,0.0619971218557247,3.7,18.4,27,0.0720462380582391,0.1,"dn0"
"615","8.2","0",0.6,"n",0.346153846153846,0.0701732413985408,3.7,19.8,26,0.0831983826400026,0.1,"dn0"
"616","8.8","0",0.6,"n",0.375,0.0830779044614947,3.6,22.3,24,0.101598148942839,0.1,"dn0"
"617","9.4","0",0.6,"n",0.391304347826087,0.0954527818114297,3.3,23.6,23,0.112063315447455,0.1,"dn0"
"618","10","0",0.714285714285714,"n",0.535714285714286,0.0616440388059692,5.2,21.7,28,0.116076296505076,0.1,"dn0"
"619","7.1","1",0,"n",0,0.0504366640958239,3.9,16.1,29,0.0590637549557212,0.1,"dn0"
"620","7.6","1",0,"n",0,0.0619971218557247,3.7,18.4,27,0.0720462380582391,0.1,"dn0"
"621","8.2","1",0.0666666666666667,"n",0.0384615384615385,0.0701732413985408,3.7,19.8,26,0.0831983826400026,0.1,"dn0"
"622","8.8","1",0.2,"n",0.125,0.0830779044614947,3.6,22.3,24,0.101598148942839,0.1,"dn0"
"623","9.4","1",0.133333333333333,"n",0.0869565217391304,0.0954527818114297,3.3,23.6,23,0.112063315447455,0.1,"dn0"
"624","10","1",0.0476190476190476,"n",0.0357142857142857,0.0616440388059692,5.2,21.7,28,0.116076296505076,0.1,"dn0"
"625","7.1","2",0.533333333333333,"n",0.275862068965517,0.0504366640958239,3.9,16.1,29,0.0590637549557212,0.1,"dn0"
"626","7.6","2",0.384615384615385,"n",0.185185185185185,0.0619971218557247,3.7,18.4,27,0.0720462380582391,0.1,"dn0"
"627","8.2","2",0.333333333333333,"n",0.192307692307692,0.0701732413985408,3.7,19.8,26,0.0831983826400026,0.1,"dn0"
"628","8.8","2",0.2,"n",0.125,0.0830779044614947,3.6,22.3,24,0.101598148942839,0.1,"dn0"
"629","9.4","2",0.266666666666667,"n",0.173913043478261,0.0954527818114297,3.3,23.6,23,0.112063315447455,0.1,"dn0"
"630","10","2",0.238095238095238,"n",0.178571428571429,0.0616440388059692,5.2,21.7,28,0.116076296505076,0.1,"dn0"
"631","7.1","0",0.642857142857143,"a",0.310344827586207,0.0504366640958239,3.9,16.1,29,0.0590637549557212,0.1,"dn0"
"632","7.6","0",0.428571428571429,"a",0.222222222222222,0.0619971218557247,3.7,18.4,27,0.0720462380582391,0.1,"dn0"
"633","8.2","0",0.363636363636364,"a",0.153846153846154,0.0701732413985408,3.7,19.8,26,0.0831983826400026,0.1,"dn0"
"634","8.8","0",0,"a",0,0.0830779044614947,3.6,22.3,24,0.101598148942839,0.1,"dn0"
"635","9.4","0",0,"a",0,0.0954527818114297,3.3,23.6,23,0.112063315447455,0.1,"dn0"
"636","10","0",0,"a",0,0.0616440388059692,5.2,21.7,28,0.116076296505076,0.1,"dn0"
"637","7.1","1",0,"a",0,0.0504366640958239,3.9,16.1,29,0.0590637549557212,0.1,"dn0"
"638","7.6","1",0.0714285714285714,"a",0.037037037037037,0.0619971218557247,3.7,18.4,27,0.0720462380582391,0.1,"dn0"
"639","8.2","1",0,"a",0,0.0701732413985408,3.7,19.8,26,0.0831983826400026,0.1,"dn0"
"640","8.8","1",0.222222222222222,"a",0.0833333333333333,0.0830779044614947,3.6,22.3,24,0.101598148942839,0.1,"dn0"
"641","9.4","1",0.125,"a",0.0434782608695652,0.0954527818114297,3.3,23.6,23,0.112063315447455,0.1,"dn0"
"642","10","1",0,"a",0,0.0616440388059692,5.2,21.7,28,0.116076296505076,0.1,"dn0"
"643","7.1","2",0.357142857142857,"a",0.172413793103448,0.0504366640958239,3.9,16.1,29,0.0590637549557212,0.1,"dn0"
"644","7.6","2",0.5,"a",0.259259259259259,0.0619971218557247,3.7,18.4,27,0.0720462380582391,0.1,"dn0"
"645","8.2","2",0.636363636363636,"a",0.269230769230769,0.0701732413985408,3.7,19.8,26,0.0831983826400026,0.1,"dn0"
"646","8.8","2",0.777777777777778,"a",0.291666666666667,0.0830779044614947,3.6,22.3,24,0.101598148942839,0.1,"dn0"
"647","9.4","2",0.875,"a",0.304347826086957,0.0954527818114297,3.3,23.6,23,0.112063315447455,0.1,"dn0"
"648","10","2",1,"a",0.25,0.0616440388059692,5.2,21.7,28,0.116076296505076,0.1,"dn0"
"649","7.1","0",0,"n",0,0.0991639744872323,1.9,18.2,22,0.0595301993804354,1.3,"ka"
"650","7.6","0",0,"n",0,0.11143585015981,1.7,18.9,21,0.0643402457574889,1.3,"ka"
"651","8.2","0",0,"n",0,0.125333748668099,1.5,21.2,20,0.0786203689154736,1.3,"ka"
"652","8.8","0",0,"n",0,0.155321754782881,1.1,22.5,18,0.0873248968312143,1.3,"ka"
"653","9.4","0",0,"n",0,0.173859600605168,0.9,24.4,17,0.101598148942839,1.3,"ka"
"654","10","0",0,"n",0,0.194247847617525,0.699999999999999,25.7,16,0.112729240671452,1.3,"ka"
"655","7.1","1",0,"n",0,0.0991639744872323,1.9,18.2,22,0.0595301993804354,1.3,"ka"
"656","7.6","1",0,"n",0,0.11143585015981,1.7,18.9,21,0.0643402457574889,1.3,"ka"
"657","8.2","1",0,"n",0,0.125333748668099,1.5,21.2,20,0.0786203689154736,1.3,"ka"
"658","8.8","1",0,"n",0,0.155321754782881,1.1,22.5,18,0.0873248968312143,1.3,"ka"
"659","9.4","1",0,"n",0,0.173859600605168,0.9,24.4,17,0.101598148942839,1.3,"ka"
"660","10","1",0,"n",0,0.194247847617525,0.699999999999999,25.7,16,0.112729240671452,1.3,"ka"
"661","7.1","2",1,"n",0.227272727272727,0.0991639744872323,1.9,18.2,22,0.0595301993804354,1.3,"ka"
"662","7.6","2",1,"n",0.238095238095238,0.11143585015981,1.7,18.9,21,0.0643402457574889,1.3,"ka"
"663","8.2","2",1,"n",0.25,0.125333748668099,1.5,21.2,20,0.0786203689154736,1.3,"ka"
"664","8.8","2",1,"n",0.277777777777778,0.155321754782881,1.1,22.5,18,0.0873248968312143,1.3,"ka"
"665","9.4","2",1,"n",0.294117647058824,0.173859600605168,0.9,24.4,17,0.101598148942839,1.3,"ka"
"666","10","2",1,"n",0.3125,0.194247847617525,0.699999999999999,25.7,16,0.112729240671452,1.3,"ka"
"667","7.1","0",0.529411764705882,"a",0.409090909090909,0.0991639744872323,1.9,18.2,22,0.0595301993804354,1.3,"ka"
"668","7.6","0",0.5,"a",0.380952380952381,0.11143585015981,1.7,18.9,21,0.0643402457574889,1.3,"ka"
"669","8.2","0",0.466666666666667,"a",0.35,0.125333748668099,1.5,21.2,20,0.0786203689154736,1.3,"ka"
"670","8.8","0",0.384615384615385,"a",0.277777777777778,0.155321754782881,1.1,22.5,18,0.0873248968312143,1.3,"ka"
"671","9.4","0",0.333333333333333,"a",0.235294117647059,0.173859600605168,0.9,24.4,17,0.101598148942839,1.3,"ka"
"672","10","0",0.272727272727273,"a",0.1875,0.194247847617525,0.699999999999999,25.7,16,0.112729240671452,1.3,"ka"
"673","7.1","1",0.0588235294117647,"a",0.0454545454545455,0.0991639744872323,1.9,18.2,22,0.0595301993804354,1.3,"ka"
"674","7.6","1",0.0625,"a",0.0476190476190476,0.11143585015981,1.7,18.9,21,0.0643402457574889,1.3,"ka"
"675","8.2","1",0.0666666666666667,"a",0.05,0.125333748668099,1.5,21.2,20,0.0786203689154736,1.3,"ka"
"676","8.8","1",0.0769230769230769,"a",0.0555555555555556,0.155321754782881,1.1,22.5,18,0.0873248968312143,1.3,"ka"
"677","9.4","1",0.0833333333333333,"a",0.0588235294117647,0.173859600605168,0.9,24.4,17,0.101598148942839,1.3,"ka"
"678","10","1",0.0909090909090909,"a",0.0625,0.194247847617525,0.699999999999999,25.7,16,0.112729240671452,1.3,"ka"
"679","7.1","2",0.411764705882353,"a",0.318181818181818,0.0991639744872323,1.9,18.2,22,0.0595301993804354,1.3,"ka"
"680","7.6","2",0.4375,"a",0.333333333333333,0.11143585015981,1.7,18.9,21,0.0643402457574889,1.3,"ka"
"681","8.2","2",0.466666666666667,"a",0.35,0.125333748668099,1.5,21.2,20,0.0786203689154736,1.3,"ka"
"682","8.8","2",0.538461538461538,"a",0.388888888888889,0.155321754782881,1.1,22.5,18,0.0873248968312143,1.3,"ka"
"683","9.4","2",0.583333333333333,"a",0.411764705882353,0.173859600605168,0.9,24.4,17,0.101598148942839,1.3,"ka"
"684","10","2",0.636363636363636,"a",0.4375,0.194247847617525,0.699999999999999,25.7,16,0.112729240671452,1.3,"ka"
"685","7.1","0",0,"n",0,0.0991639744872323,1.9,18.2,22,0.0595301993804354,1.2,"ka"
"686","7.6","0",0,"n",0,0.11143585015981,1.7,18.9,21,0.0643402457574889,1.2,"ka"
"687","8.2","0",0,"n",0,0.125333748668099,1.5,21.2,20,0.0786203689154736,1.2,"ka"
"688","8.8","0",0,"n",0,0.155321754782881,1.1,22.5,18,0.0873248968312143,1.2,"ka"
"689","9.4","0",0,"n",0,0.173859600605168,0.9,24.4,17,0.101598148942839,1.2,"ka"
"690","10","0",0,"n",0,0.194247847617525,0.699999999999999,25.7,16,0.112729240671452,1.2,"ka"
"691","7.1","1",0,"n",0,0.0991639744872323,1.9,18.2,22,0.0595301993804354,1.2,"ka"
"692","7.6","1",0,"n",0,0.11143585015981,1.7,18.9,21,0.0643402457574889,1.2,"ka"
"693","8.2","1",0,"n",0,0.125333748668099,1.5,21.2,20,0.0786203689154736,1.2,"ka"
"694","8.8","1",0,"n",0,0.155321754782881,1.1,22.5,18,0.0873248968312143,1.2,"ka"
"695","9.4","1",0,"n",0,0.173859600605168,0.9,24.4,17,0.101598148942839,1.2,"ka"
"696","10","1",0,"n",0,0.194247847617525,0.699999999999999,25.7,16,0.112729240671452,1.2,"ka"
"697","7.1","2",1,"n",0.227272727272727,0.0991639744872323,1.9,18.2,22,0.0595301993804354,1.2,"ka"
"698","7.6","2",1,"n",0.238095238095238,0.11143585015981,1.7,18.9,21,0.0643402457574889,1.2,"ka"
"699","8.2","2",1,"n",0.25,0.125333748668099,1.5,21.2,20,0.0786203689154736,1.2,"ka"
"700","8.8","2",1,"n",0.277777777777778,0.155321754782881,1.1,22.5,18,0.0873248968312143,1.2,"ka"
"701","9.4","2",1,"n",0.294117647058824,0.173859600605168,0.9,24.4,17,0.101598148942839,1.2,"ka"
"702","10","2",1,"n",0.3125,0.194247847617525,0.699999999999999,25.7,16,0.112729240671452,1.2,"ka"
"703","7.1","0",0.529411764705882,"a",0.409090909090909,0.0991639744872323,1.9,18.2,22,0.0595301993804354,1.2,"ka"
"704","7.6","0",0.5,"a",0.380952380952381,0.11143585015981,1.7,18.9,21,0.0643402457574889,1.2,"ka"
"705","8.2","0",0.466666666666667,"a",0.35,0.125333748668099,1.5,21.2,20,0.0786203689154736,1.2,"ka"
"706","8.8","0",0.384615384615385,"a",0.277777777777778,0.155321754782881,1.1,22.5,18,0.0873248968312143,1.2,"ka"
"707","9.4","0",0.333333333333333,"a",0.235294117647059,0.173859600605168,0.9,24.4,17,0.101598148942839,1.2,"ka"
"708","10","0",0.272727272727273,"a",0.1875,0.194247847617525,0.699999999999999,25.7,16,0.112729240671452,1.2,"ka"
"709","7.1","1",0.0588235294117647,"a",0.0454545454545455,0.0991639744872323,1.9,18.2,22,0.0595301993804354,1.2,"ka"
"710","7.6","1",0.0625,"a",0.0476190476190476,0.11143585015981,1.7,18.9,21,0.0643402457574889,1.2,"ka"
"711","8.2","1",0.0666666666666667,"a",0.05,0.125333748668099,1.5,21.2,20,0.0786203689154736,1.2,"ka"
"712","8.8","1",0.0769230769230769,"a",0.0555555555555556,0.155321754782881,1.1,22.5,18,0.0873248968312143,1.2,"ka"
"713","9.4","1",0.0833333333333333,"a",0.0588235294117647,0.173859600605168,0.9,24.4,17,0.101598148942839,1.2,"ka"
"714","10","1",0.0909090909090909,"a",0.0625,0.194247847617525,0.699999999999999,25.7,16,0.112729240671452,1.2,"ka"
"715","7.1","2",0.411764705882353,"a",0.318181818181818,0.0991639744872323,1.9,18.2,22,0.0595301993804354,1.2,"ka"
"716","7.6","2",0.4375,"a",0.333333333333333,0.11143585015981,1.7,18.9,21,0.0643402457574889,1.2,"ka"
"717","8.2","2",0.466666666666667,"a",0.35,0.125333748668099,1.5,21.2,20,0.0786203689154736,1.2,"ka"
"718","8.8","2",0.538461538461538,"a",0.388888888888889,0.155321754782881,1.1,22.5,18,0.0873248968312143,1.2,"ka"
"719","9.4","2",0.583333333333333,"a",0.411764705882353,0.173859600605168,0.9,24.4,17,0.101598148942839,1.2,"ka"
"720","10","2",0.636363636363636,"a",0.4375,0.194247847617525,0.699999999999999,25.7,16,0.112729240671452,1.2,"ka"
"721","7.1","0",0.6,"n",0.409090909090909,0.0988401335587552,1.9,18.2,22,0.0595301993804354,1.1,"ka"
"722","7.6","0",0.5,"n",0.380952380952381,0.112306149272445,1.6,18.9,21,0.0638473605521784,1.1,"ka"
"723","8.2","0",0,"n",0,0.125333748668099,1.5,21.2,20,0.0786203689154736,1.1,"ka"
"724","8.8","0",0,"n",0,0.155321754782881,1.1,22.5,18,0.0873248968312143,1.1,"ka"
"725","9.4","0",0,"n",0,0.173859600605168,0.9,24.4,17,0.101598148942839,1.1,"ka"
"726","10","0",0,"n",0,0.194247847617525,0.699999999999999,25.7,16,0.112729240671452,1.1,"ka"
"727","7.1","1",0.0666666666666667,"n",0.0454545454545455,0.0988401335587552,1.9,18.2,22,0.0595301993804354,1.1,"ka"
"728","7.6","1",0,"n",0,0.112306149272445,1.6,18.9,21,0.0638473605521784,1.1,"ka"
"729","8.2","1",0,"n",0,0.125333748668099,1.5,21.2,20,0.0786203689154736,1.1,"ka"
"730","8.8","1",0,"n",0,0.155321754782881,1.1,22.5,18,0.0873248968312143,1.1,"ka"
"731","9.4","1",0,"n",0,0.173859600605168,0.9,24.4,17,0.101598148942839,1.1,"ka"
"732","10","1",0,"n",0,0.194247847617525,0.699999999999999,25.7,16,0.112729240671452,1.1,"ka"
"733","7.1","2",0.333333333333333,"n",0.227272727272727,0.0988401335587552,1.9,18.2,22,0.0595301993804354,1.1,"ka"
"734","7.6","2",0.5,"n",0.380952380952381,0.112306149272445,1.6,18.9,21,0.0638473605521784,1.1,"ka"
"735","8.2","2",1,"n",0.25,0.125333748668099,1.5,21.2,20,0.0786203689154736,1.1,"ka"
"736","8.8","2",1,"n",0.277777777777778,0.155321754782881,1.1,22.5,18,0.0873248968312143,1.1,"ka"
"737","9.4","2",1,"n",0.294117647058824,0.173859600605168,0.9,24.4,17,0.101598148942839,1.1,"ka"
"738","10","2",1,"n",0.3125,0.194247847617525,0.699999999999999,25.7,16,0.112729240671452,1.1,"ka"
"739","7.1","0",0,"a",0,0.0988401335587552,1.9,18.2,22,0.0595301993804354,1.1,"ka"
"740","7.6","0",0,"a",0,0.112306149272445,1.6,18.9,21,0.0638473605521784,1.1,"ka"
"741","8.2","0",0.466666666666667,"a",0.35,0.125333748668099,1.5,21.2,20,0.0786203689154736,1.1,"ka"
"742","8.8","0",0.384615384615385,"a",0.277777777777778,0.155321754782881,1.1,22.5,18,0.0873248968312143,1.1,"ka"
"743","9.4","0",0.333333333333333,"a",0.235294117647059,0.173859600605168,0.9,24.4,17,0.101598148942839,1.1,"ka"
"744","10","0",0.272727272727273,"a",0.1875,0.194247847617525,0.699999999999999,25.7,16,0.112729240671452,1.1,"ka"
"745","7.1","1",0,"a",0,0.0988401335587552,1.9,18.2,22,0.0595301993804354,1.1,"ka"
"746","7.6","1",0,"a",0,0.112306149272445,1.6,18.9,21,0.0638473605521784,1.1,"ka"
"747","8.2","1",0.0666666666666667,"a",0.05,0.125333748668099,1.5,21.2,20,0.0786203689154736,1.1,"ka"
"748","8.8","1",0.0769230769230769,"a",0.0555555555555556,0.155321754782881,1.1,22.5,18,0.0873248968312143,1.1,"ka"
"749","9.4","1",0.0833333333333333,"a",0.0588235294117647,0.173859600605168,0.9,24.4,17,0.101598148942839,1.1,"ka"
"750","10","1",0.0909090909090909,"a",0.0625,0.194247847617525,0.699999999999999,25.7,16,0.112729240671452,1.1,"ka"
"751","7.1","2",1,"a",0.318181818181818,0.0988401335587552,1.9,18.2,22,0.0595301993804354,1.1,"ka"
"752","7.6","2",1,"a",0.238095238095238,0.112306149272445,1.6,18.9,21,0.0638473605521784,1.1,"ka"
"753","8.2","2",0.466666666666667,"a",0.35,0.125333748668099,1.5,21.2,20,0.0786203689154736,1.1,"ka"
"754","8.8","2",0.538461538461538,"a",0.388888888888889,0.155321754782881,1.1,22.5,18,0.0873248968312143,1.1,"ka"
"755","9.4","2",0.583333333333333,"a",0.411764705882353,0.173859600605168,0.9,24.4,17,0.101598148942839,1.1,"ka"
"756","10","2",0.636363636363636,"a",0.4375,0.194247847617525,0.699999999999999,25.7,16,0.112729240671452,1.1,"ka"
"757","7.1","0",0.6,"n",0.409090909090909,0.0988401335587552,1.9,18.2,22,0.0595301993804354,1,"ka"
"758","7.6","0",0.5,"n",0.380952380952381,0.112306149272445,1.6,18.9,21,0.0638473605521784,1,"ka"
"759","8.2","0",0.538461538461538,"n",0.35,0.125055212163871,1.5,21.2,20,0.0786203689154736,1,"ka"
"760","8.8","0",0.454545454545455,"n",0.277777777777778,0.155083726222764,1.1,22.5,18,0.0873248968312143,1,"ka"
"761","9.4","0",0.333333333333333,"n",0.235294117647059,0.173422528959278,0.799999999999999,24.4,17,0.101598148942839,1,"ka"
"762","10","0",0.2,"n",0.125,0.19304550890051,0.6,25.7,16,0.112729240671452,1,"ka"
"763","7.1","1",0.0666666666666667,"n",0.0454545454545455,0.0988401335587552,1.9,18.2,22,0.0595301993804354,1,"ka"
"764","7.6","1",0,"n",0,0.112306149272445,1.6,18.9,21,0.0638473605521784,1,"ka"
"765","8.2","1",0.0769230769230769,"n",0.05,0.125055212163871,1.5,21.2,20,0.0786203689154736,1,"ka"
"766","8.8","1",0.0909090909090909,"n",0.0555555555555556,0.155083726222764,1.1,22.5,18,0.0873248968312143,1,"ka"
"767","9.4","1",0,"n",0,0.173422528959278,0.799999999999999,24.4,17,0.101598148942839,1,"ka"
"768","10","1",0,"n",0,0.19304550890051,0.6,25.7,16,0.112729240671452,1,"ka"
"769","7.1","2",0.333333333333333,"n",0.227272727272727,0.0988401335587552,1.9,18.2,22,0.0595301993804354,1,"ka"
"770","7.6","2",0.5,"n",0.380952380952381,0.112306149272445,1.6,18.9,21,0.0638473605521784,1,"ka"
"771","8.2","2",0.384615384615385,"n",0.25,0.125055212163871,1.5,21.2,20,0.0786203689154736,1,"ka"
"772","8.8","2",0.454545454545455,"n",0.277777777777778,0.155083726222764,1.1,22.5,18,0.0873248968312143,1,"ka"
"773","9.4","2",0.666666666666667,"n",0.470588235294118,0.173422528959278,0.799999999999999,24.4,17,0.101598148942839,1,"ka"
"774","10","2",0.8,"n",0.5,0.19304550890051,0.6,25.7,16,0.112729240671452,1,"ka"
"775","7.1","0",0,"a",0,0.0988401335587552,1.9,18.2,22,0.0595301993804354,1,"ka"
"776","7.6","0",0,"a",0,0.112306149272445,1.6,18.9,21,0.0638473605521784,1,"ka"
"777","8.2","0",0,"a",0,0.125055212163871,1.5,21.2,20,0.0786203689154736,1,"ka"
"778","8.8","0",0,"a",0,0.155083726222764,1.1,22.5,18,0.0873248968312143,1,"ka"
"779","9.4","0",0,"a",0,0.173422528959278,0.799999999999999,24.4,17,0.101598148942839,1,"ka"
"780","10","0",0.166666666666667,"a",0.0625,0.19304550890051,0.6,25.7,16,0.112729240671452,1,"ka"
"781","7.1","1",0,"a",0,0.0988401335587552,1.9,18.2,22,0.0595301993804354,1,"ka"
"782","7.6","1",0,"a",0,0.112306149272445,1.6,18.9,21,0.0638473605521784,1,"ka"
"783","8.2","1",0,"a",0,0.125055212163871,1.5,21.2,20,0.0786203689154736,1,"ka"
"784","8.8","1",0,"a",0,0.155083726222764,1.1,22.5,18,0.0873248968312143,1,"ka"
"785","9.4","1",0.2,"a",0.0588235294117647,0.173422528959278,0.799999999999999,24.4,17,0.101598148942839,1,"ka"
"786","10","1",0.166666666666667,"a",0.0625,0.19304550890051,0.6,25.7,16,0.112729240671452,1,"ka"
"787","7.1","2",1,"a",0.318181818181818,0.0988401335587552,1.9,18.2,22,0.0595301993804354,1,"ka"
"788","7.6","2",1,"a",0.238095238095238,0.112306149272445,1.6,18.9,21,0.0638473605521784,1,"ka"
"789","8.2","2",1,"a",0.35,0.125055212163871,1.5,21.2,20,0.0786203689154736,1,"ka"
"790","8.8","2",1,"a",0.388888888888889,0.155083726222764,1.1,22.5,18,0.0873248968312143,1,"ka"
"791","9.4","2",0.8,"a",0.235294117647059,0.173422528959278,0.799999999999999,24.4,17,0.101598148942839,1,"ka"
"792","10","2",0.666666666666667,"a",0.25,0.19304550890051,0.6,25.7,16,0.112729240671452,1,"ka"
"793","7.1","0",0.2,"n",0.133333333333333,0.202794793464586,0.4,19.6,15,0.0590637549557212,0.9,"ka"
"794","7.6","0",0,"n",0,0.251340879661293,0.0999999999999996,20.5,13,0.0633571079826131,0.9,"ka"
"795","8.2","0",0.375,"n",0.3,0.121466935623447,1.4,20.7,20,0.0736545834223382,0.9,"ka"
"796","8.8","0",0.428571428571429,"n",0.315789473684211,0.139599647909229,1.2,21.7,19,0.0808905333153078,0.9,"ka"
"797","9.4","0",0.384615384615385,"n",0.277777777777778,0.156441696290062,1,22.6,18,0.0885237743244743,0.9,"ka"
"798","10","0",0.230769230769231,"n",0.176470588235294,0.170959652848917,0.799999999999999,24.7,17,0.104828335740565,0.9,"ka"
"799","7.1","1",0,"n",0,0.202794793464586,0.4,19.6,15,0.0590637549557212,0.9,"ka"
"800","7.6","1",0,"n",0,0.251340879661293,0.0999999999999996,20.5,13,0.0633571079826131,0.9,"ka"
"801","8.2","1",0.1875,"n",0.15,0.121466935623447,1.4,20.7,20,0.0736545834223382,0.9,"ka"
"802","8.8","1",0.0714285714285714,"n",0.0526315789473684,0.139599647909229,1.2,21.7,19,0.0808905333153078,0.9,"ka"
"803","9.4","1",0.0769230769230769,"n",0.0555555555555556,0.156441696290062,1,22.6,18,0.0885237743244743,0.9,"ka"
"804","10","1",0.230769230769231,"n",0.176470588235294,0.170959652848917,0.799999999999999,24.7,17,0.104828335740565,0.9,"ka"
"805","7.1","2",0.8,"n",0.533333333333333,0.202794793464586,0.4,19.6,15,0.0590637549557212,0.9,"ka"
"806","7.6","2",1,"n",0.615384615384615,0.251340879661293,0.0999999999999996,20.5,13,0.0633571079826131,0.9,"ka"
"807","8.2","2",0.4375,"n",0.35,0.121466935623447,1.4,20.7,20,0.0736545834223382,0.9,"ka"
"808","8.8","2",0.5,"n",0.368421052631579,0.139599647909229,1.2,21.7,19,0.0808905333153078,0.9,"ka"
"809","9.4","2",0.538461538461538,"n",0.388888888888889,0.156441696290062,1,22.6,18,0.0885237743244743,0.9,"ka"
"810","10","2",0.538461538461538,"n",0.411764705882353,0.170959652848917,0.799999999999999,24.7,17,0.104828335740565,0.9,"ka"
"811","7.1","0",0,"a",0,0.202794793464586,0.4,19.6,15,0.0590637549557212,0.9,"ka"
"812","7.6","0",0,"a",0,0.251340879661293,0.0999999999999996,20.5,13,0.0633571079826131,0.9,"ka"
"813","8.2","0",0,"a",0,0.121466935623447,1.4,20.7,20,0.0736545834223382,0.9,"ka"
"814","8.8","0",0,"a",0,0.139599647909229,1.2,21.7,19,0.0808905333153078,0.9,"ka"
"815","9.4","0",0,"a",0,0.156441696290062,1,22.6,18,0.0885237743244743,0.9,"ka"
"816","10","0",0,"a",0,0.170959652848917,0.799999999999999,24.7,17,0.104828335740565,0.9,"ka"
"817","7.1","1",0,"a",0,0.202794793464586,0.4,19.6,15,0.0590637549557212,0.9,"ka"
"818","7.6","1",0,"a",0,0.251340879661293,0.0999999999999996,20.5,13,0.0633571079826131,0.9,"ka"
"819","8.2","1",0,"a",0,0.121466935623447,1.4,20.7,20,0.0736545834223382,0.9,"ka"
"820","8.8","1",0,"a",0,0.139599647909229,1.2,21.7,19,0.0808905333153078,0.9,"ka"
"821","9.4","1",0,"a",0,0.156441696290062,1,22.6,18,0.0885237743244743,0.9,"ka"
"822","10","1",0,"a",0,0.170959652848917,0.799999999999999,24.7,17,0.104828335740565,0.9,"ka"
"823","7.1","2",1,"a",0.333333333333333,0.202794793464586,0.4,19.6,15,0.0590637549557212,0.9,"ka"
"824","7.6","2",1,"a",0.384615384615385,0.251340879661293,0.0999999999999996,20.5,13,0.0633571079826131,0.9,"ka"
"825","8.2","2",1,"a",0.2,0.121466935623447,1.4,20.7,20,0.0736545834223382,0.9,"ka"
"826","8.8","2",1,"a",0.263157894736842,0.139599647909229,1.2,21.7,19,0.0808905333153078,0.9,"ka"
"827","9.4","2",1,"a",0.277777777777778,0.156441696290062,1,22.6,18,0.0885237743244743,0.9,"ka"
"828","10","2",1,"a",0.235294117647059,0.170959652848917,0.799999999999999,24.7,17,0.104828335740565,0.9,"ka"
