"","Wstart","Beh","p","h","p.tot","S.cum.riv","G.riv","G.ocean","dur","Fit","yn","Bn","ka","dn0"
"1","7.1","0",0.466666666666667,"n",0.241379310344828,0.0504366640958239,3.9,16.1,29,0.0590637549557212,1,1,1.3,0.1
"2","7.6","0",0.615384615384615,"n",0.296296296296296,0.0619971218557247,3.7,18.4,27,0.0720462380582391,1,1,1.3,0.1
"3","8.2","0",0.6,"n",0.346153846153846,0.0701732413985408,3.7,19.8,26,0.0831983826400026,1,1,1.3,0.1
"4","8.8","0",0.6,"n",0.375,0.0830779044614947,3.6,22.3,24,0.101598148942839,1,1,1.3,0.1
"5","9.4","0",0.6,"n",0.391304347826087,0.0954527818114297,3.3,23.6,23,0.112063315447455,1,1,1.3,0.1
"6","10","0",0.714285714285714,"n",0.535714285714286,0.0616440388059692,5.2,21.7,28,0.116076296505076,1,1,1.3,0.1
"7","7.1","1",0,"n",0,0.0504366640958239,3.9,16.1,29,0.0590637549557212,1,1,1.3,0.1
"8","7.6","1",0,"n",0,0.0619971218557247,3.7,18.4,27,0.0720462380582391,1,1,1.3,0.1
"9","8.2","1",0.0666666666666667,"n",0.0384615384615385,0.0701732413985408,3.7,19.8,26,0.0831983826400026,1,1,1.3,0.1
"10","8.8","1",0.2,"n",0.125,0.0830779044614947,3.6,22.3,24,0.101598148942839,1,1,1.3,0.1
"11","9.4","1",0.133333333333333,"n",0.0869565217391304,0.0954527818114297,3.3,23.6,23,0.112063315447455,1,1,1.3,0.1
"12","10","1",0.0476190476190476,"n",0.0357142857142857,0.0616440388059692,5.2,21.7,28,0.116076296505076,1,1,1.3,0.1
"13","7.1","2",0.533333333333333,"n",0.275862068965517,0.0504366640958239,3.9,16.1,29,0.0590637549557212,1,1,1.3,0.1
"14","7.6","2",0.384615384615385,"n",0.185185185185185,0.0619971218557247,3.7,18.4,27,0.0720462380582391,1,1,1.3,0.1
"15","8.2","2",0.333333333333333,"n",0.192307692307692,0.0701732413985408,3.7,19.8,26,0.0831983826400026,1,1,1.3,0.1
"16","8.8","2",0.2,"n",0.125,0.0830779044614947,3.6,22.3,24,0.101598148942839,1,1,1.3,0.1
"17","9.4","2",0.266666666666667,"n",0.173913043478261,0.0954527818114297,3.3,23.6,23,0.112063315447455,1,1,1.3,0.1
"18","10","2",0.238095238095238,"n",0.178571428571429,0.0616440388059692,5.2,21.7,28,0.116076296505076,1,1,1.3,0.1
"19","7.1","0",0.642857142857143,"a",0.310344827586207,0.0504366640958239,3.9,16.1,29,0.0590637549557212,1,1,1.3,0.1
"20","7.6","0",0.428571428571429,"a",0.222222222222222,0.0619971218557247,3.7,18.4,27,0.0720462380582391,1,1,1.3,0.1
"21","8.2","0",0.363636363636364,"a",0.153846153846154,0.0701732413985408,3.7,19.8,26,0.0831983826400026,1,1,1.3,0.1
"22","8.8","0",0,"a",0,0.0830779044614947,3.6,22.3,24,0.101598148942839,1,1,1.3,0.1
"23","9.4","0",0,"a",0,0.0954527818114297,3.3,23.6,23,0.112063315447455,1,1,1.3,0.1
"24","10","0",0,"a",0,0.0616440388059692,5.2,21.7,28,0.116076296505076,1,1,1.3,0.1
"25","7.1","1",0,"a",0,0.0504366640958239,3.9,16.1,29,0.0590637549557212,1,1,1.3,0.1
"26","7.6","1",0.0714285714285714,"a",0.037037037037037,0.0619971218557247,3.7,18.4,27,0.0720462380582391,1,1,1.3,0.1
"27","8.2","1",0,"a",0,0.0701732413985408,3.7,19.8,26,0.0831983826400026,1,1,1.3,0.1
"28","8.8","1",0.222222222222222,"a",0.0833333333333333,0.0830779044614947,3.6,22.3,24,0.101598148942839,1,1,1.3,0.1
"29","9.4","1",0.125,"a",0.0434782608695652,0.0954527818114297,3.3,23.6,23,0.112063315447455,1,1,1.3,0.1
"30","10","1",0,"a",0,0.0616440388059692,5.2,21.7,28,0.116076296505076,1,1,1.3,0.1
"31","7.1","2",0.357142857142857,"a",0.172413793103448,0.0504366640958239,3.9,16.1,29,0.0590637549557212,1,1,1.3,0.1
"32","7.6","2",0.5,"a",0.259259259259259,0.0619971218557247,3.7,18.4,27,0.0720462380582391,1,1,1.3,0.1
"33","8.2","2",0.636363636363636,"a",0.269230769230769,0.0701732413985408,3.7,19.8,26,0.0831983826400026,1,1,1.3,0.1
"34","8.8","2",0.777777777777778,"a",0.291666666666667,0.0830779044614947,3.6,22.3,24,0.101598148942839,1,1,1.3,0.1
"35","9.4","2",0.875,"a",0.304347826086957,0.0954527818114297,3.3,23.6,23,0.112063315447455,1,1,1.3,0.1
"36","10","2",1,"a",0.25,0.0616440388059692,5.2,21.7,28,0.116076296505076,1,1,1.3,0.1
"37","7.1","0",0.5,"n",0.172413793103448,0.0496619635459536,3.8,16.1,29,0.058599963332954,1,1,1.3,0.28
"38","7.6","0",0.428571428571429,"n",0.214285714285714,0.0566622039445762,3.6,16.8,28,0.0633571079826131,1,1,1.3,0.28
"39","8.2","0",0.571428571428571,"n",0.296296296296296,0.0634491059072236,3.8,19,27,0.0791843286054554,1,1,1.3,0.28
"40","8.8","0",0.6,"n",0.36,0.0788404009097732,3.5,20.7,25,0.0909470885326572,1,1,1.3,0.28
"41","9.4","0",0.6,"n",0.391304347826087,0.0954527818114297,3.3,23.6,23,0.112063315447455,1,1,1.3,0.28
"42","10","0",0.6,"n",0.409090909090909,0.109103669033837,2.9,24.3,22,0.118097367795968,1,1,1.3,0.28
"43","7.1","1",0,"n",0,0.0496619635459536,3.8,16.1,29,0.058599963332954,1,1,1.3,0.28
"44","7.6","1",0,"n",0,0.0566622039445762,3.6,16.8,28,0.0633571079826131,1,1,1.3,0.28
"45","8.2","1",0.0714285714285714,"n",0.037037037037037,0.0634491059072236,3.8,19,27,0.0791843286054554,1,1,1.3,0.28
"46","8.8","1",0.0666666666666667,"n",0.04,0.0788404009097732,3.5,20.7,25,0.0909470885326572,1,1,1.3,0.28
"47","9.4","1",0.133333333333333,"n",0.0869565217391304,0.0954527818114297,3.3,23.6,23,0.112063315447455,1,1,1.3,0.28
"48","10","1",0.0666666666666667,"n",0.0454545454545455,0.109103669033837,2.9,24.3,22,0.118097367795968,1,1,1.3,0.28
"49","7.1","2",0.5,"n",0.172413793103448,0.0496619635459536,3.8,16.1,29,0.058599963332954,1,1,1.3,0.28
"50","7.6","2",0.571428571428571,"n",0.285714285714286,0.0566622039445762,3.6,16.8,28,0.0633571079826131,1,1,1.3,0.28
"51","8.2","2",0.357142857142857,"n",0.185185185185185,0.0634491059072236,3.8,19,27,0.0791843286054554,1,1,1.3,0.28
"52","8.8","2",0.333333333333333,"n",0.2,0.0788404009097732,3.5,20.7,25,0.0909470885326572,1,1,1.3,0.28
"53","9.4","2",0.266666666666667,"n",0.173913043478261,0.0954527818114297,3.3,23.6,23,0.112063315447455,1,1,1.3,0.28
"54","10","2",0.333333333333333,"n",0.227272727272727,0.109103669033837,2.9,24.3,22,0.118097367795968,1,1,1.3,0.28
"55","7.1","0",0.578947368421053,"a",0.379310344827586,0.0496619635459536,3.8,16.1,29,0.058599963332954,1,1,1.3,0.28
"56","7.6","0",0.642857142857143,"a",0.321428571428571,0.0566622039445762,3.6,16.8,28,0.0633571079826131,1,1,1.3,0.28
"57","8.2","0",0.461538461538462,"a",0.222222222222222,0.0634491059072236,3.8,19,27,0.0791843286054554,1,1,1.3,0.28
"58","8.8","0",0.3,"a",0.12,0.0788404009097732,3.5,20.7,25,0.0909470885326572,1,1,1.3,0.28
"59","9.4","0",0,"a",0,0.0954527818114297,3.3,23.6,23,0.112063315447455,1,1,1.3,0.28
"60","10","0",0,"a",0,0.109103669033837,2.9,24.3,22,0.118097367795968,1,1,1.3,0.28
"61","7.1","1",0.0526315789473684,"a",0.0344827586206897,0.0496619635459536,3.8,16.1,29,0.058599963332954,1,1,1.3,0.28
"62","7.6","1",0,"a",0,0.0566622039445762,3.6,16.8,28,0.0633571079826131,1,1,1.3,0.28
"63","8.2","1",0,"a",0,0.0634491059072236,3.8,19,27,0.0791843286054554,1,1,1.3,0.28
"64","8.8","1",0,"a",0,0.0788404009097732,3.5,20.7,25,0.0909470885326572,1,1,1.3,0.28
"65","9.4","1",0.125,"a",0.0434782608695652,0.0954527818114297,3.3,23.6,23,0.112063315447455,1,1,1.3,0.28
"66","10","1",0,"a",0,0.109103669033837,2.9,24.3,22,0.118097367795968,1,1,1.3,0.28
"67","7.1","2",0.368421052631579,"a",0.241379310344828,0.0496619635459536,3.8,16.1,29,0.058599963332954,1,1,1.3,0.28
"68","7.6","2",0.357142857142857,"a",0.178571428571429,0.0566622039445762,3.6,16.8,28,0.0633571079826131,1,1,1.3,0.28
"69","8.2","2",0.538461538461538,"a",0.259259259259259,0.0634491059072236,3.8,19,27,0.0791843286054554,1,1,1.3,0.28
"70","8.8","2",0.7,"a",0.28,0.0788404009097732,3.5,20.7,25,0.0909470885326572,1,1,1.3,0.28
"71","9.4","2",0.875,"a",0.304347826086957,0.0954527818114297,3.3,23.6,23,0.112063315447455,1,1,1.3,0.28
"72","10","2",1,"a",0.318181818181818,0.109103669033837,2.9,24.3,22,0.118097367795968,1,1,1.3,0.28
"73","7.1","0",0,"n",0,0.0991639744872323,1.9,18.2,22,0.0595301993804354,1,1,1.3,0.46
"74","7.6","0",0,"n",0,0.11143585015981,1.7,18.9,21,0.0643402457574889,1,1,1.3,0.46
"75","8.2","0",0.5,"n",0.222222222222222,0.0632335300739995,3.6,19,27,0.078058818587529,1,1,1.3,0.46
"76","8.8","0",0.538461538461538,"n",0.28,0.0785627968228753,3.3,20.5,25,0.0885237743244743,1,1,1.3,0.46
"77","9.4","0",0.538461538461538,"n",0.304347826086957,0.0951066356025661,3.1,23.2,23,0.108094676305006,1,1,1.3,0.46
"78","10","0",0.6,"n",0.409090909090909,0.109103669033837,2.9,24.3,22,0.118097367795968,1,1,1.3,0.46
"79","7.1","1",0,"n",0,0.0991639744872323,1.9,18.2,22,0.0595301993804354,1,1,1.3,0.46
"80","7.6","1",0,"n",0,0.11143585015981,1.7,18.9,21,0.0643402457574889,1,1,1.3,0.46
"81","8.2","1",0.0833333333333333,"n",0.037037037037037,0.0632335300739995,3.6,19,27,0.078058818587529,1,1,1.3,0.46
"82","8.8","1",0.0769230769230769,"n",0.04,0.0785627968228753,3.3,20.5,25,0.0885237743244743,1,1,1.3,0.46
"83","9.4","1",0.153846153846154,"n",0.0869565217391304,0.0951066356025661,3.1,23.2,23,0.108094676305006,1,1,1.3,0.46
"84","10","1",0.0666666666666667,"n",0.0454545454545455,0.109103669033837,2.9,24.3,22,0.118097367795968,1,1,1.3,0.46
"85","7.1","2",1,"n",0.227272727272727,0.0991639744872323,1.9,18.2,22,0.0595301993804354,1,1,1.3,0.46
"86","7.6","2",1,"n",0.238095238095238,0.11143585015981,1.7,18.9,21,0.0643402457574889,1,1,1.3,0.46
"87","8.2","2",0.416666666666667,"n",0.185185185185185,0.0632335300739995,3.6,19,27,0.078058818587529,1,1,1.3,0.46
"88","8.8","2",0.384615384615385,"n",0.2,0.0785627968228753,3.3,20.5,25,0.0885237743244743,1,1,1.3,0.46
"89","9.4","2",0.307692307692308,"n",0.173913043478261,0.0951066356025661,3.1,23.2,23,0.108094676305006,1,1,1.3,0.46
"90","10","2",0.333333333333333,"n",0.227272727272727,0.109103669033837,2.9,24.3,22,0.118097367795968,1,1,1.3,0.46
"91","7.1","0",0.529411764705882,"a",0.409090909090909,0.0991639744872323,1.9,18.2,22,0.0595301993804354,1,1,1.3,0.46
"92","7.6","0",0.5,"a",0.380952380952381,0.11143585015981,1.7,18.9,21,0.0643402457574889,1,1,1.3,0.46
"93","8.2","0",0.533333333333333,"a",0.296296296296296,0.0632335300739995,3.6,19,27,0.078058818587529,1,1,1.3,0.46
"94","8.8","0",0.416666666666667,"a",0.2,0.0785627968228753,3.3,20.5,25,0.0885237743244743,1,1,1.3,0.46
"95","9.4","0",0.2,"a",0.0869565217391304,0.0951066356025661,3.1,23.2,23,0.108094676305006,1,1,1.3,0.46
"96","10","0",0,"a",0,0.109103669033837,2.9,24.3,22,0.118097367795968,1,1,1.3,0.46
"97","7.1","1",0.0588235294117647,"a",0.0454545454545455,0.0991639744872323,1.9,18.2,22,0.0595301993804354,1,1,1.3,0.46
"98","7.6","1",0.0625,"a",0.0476190476190476,0.11143585015981,1.7,18.9,21,0.0643402457574889,1,1,1.3,0.46
"99","8.2","1",0,"a",0,0.0632335300739995,3.6,19,27,0.078058818587529,1,1,1.3,0.46
"100","8.8","1",0,"a",0,0.0785627968228753,3.3,20.5,25,0.0885237743244743,1,1,1.3,0.46
"101","9.4","1",0.1,"a",0.0434782608695652,0.0951066356025661,3.1,23.2,23,0.108094676305006,1,1,1.3,0.46
"102","10","1",0,"a",0,0.109103669033837,2.9,24.3,22,0.118097367795968,1,1,1.3,0.46
"103","7.1","2",0.411764705882353,"a",0.318181818181818,0.0991639744872323,1.9,18.2,22,0.0595301993804354,1,1,1.3,0.46
"104","7.6","2",0.4375,"a",0.333333333333333,0.11143585015981,1.7,18.9,21,0.0643402457574889,1,1,1.3,0.46
"105","8.2","2",0.466666666666667,"a",0.259259259259259,0.0632335300739995,3.6,19,27,0.078058818587529,1,1,1.3,0.46
"106","8.8","2",0.583333333333333,"a",0.28,0.0785627968228753,3.3,20.5,25,0.0885237743244743,1,1,1.3,0.46
"107","9.4","2",0.7,"a",0.304347826086957,0.0951066356025661,3.1,23.2,23,0.108094676305006,1,1,1.3,0.46
"108","10","2",1,"a",0.318181818181818,0.109103669033837,2.9,24.3,22,0.118097367795968,1,1,1.3,0.46
"109","7.1","0",0,"n",0,0.0991639744872323,1.9,18.2,22,0.0595301993804354,1,1,1.3,0.64
"110","7.6","0",0,"n",0,0.11143585015981,1.7,18.9,21,0.0643402457574889,1,1,1.3,0.64
"111","8.2","0",0,"n",0,0.125333748668099,1.5,21.2,20,0.0786203689154736,1,1,1.3,0.64
"112","8.8","0",0.4,"n",0.16,0.0782066558429145,3,20.4,25,0.0861347362791,1,1,1.3,0.64
"113","9.4","0",0.5,"n",0.25,0.0879586362259677,3,22.3,24,0.101598148942839,1,1,1.3,0.64
"114","10","0",0.571428571428571,"n",0.347826086956522,0.0987487923246611,3,23.7,23,0.114734110056427,1,1,1.3,0.64
"115","7.1","1",0,"n",0,0.0991639744872323,1.9,18.2,22,0.0595301993804354,1,1,1.3,0.64
"116","7.6","1",0,"n",0,0.11143585015981,1.7,18.9,21,0.0643402457574889,1,1,1.3,0.64
"117","8.2","1",0,"n",0,0.125333748668099,1.5,21.2,20,0.0786203689154736,1,1,1.3,0.64
"118","8.8","1",0.1,"n",0.04,0.0782066558429145,3,20.4,25,0.0861347362791,1,1,1.3,0.64
"119","9.4","1",0.0833333333333333,"n",0.0416666666666667,0.0879586362259677,3,22.3,24,0.101598148942839,1,1,1.3,0.64
"120","10","1",0.0714285714285714,"n",0.0434782608695652,0.0987487923246611,3,23.7,23,0.114734110056427,1,1,1.3,0.64
"121","7.1","2",1,"n",0.227272727272727,0.0991639744872323,1.9,18.2,22,0.0595301993804354,1,1,1.3,0.64
"122","7.6","2",1,"n",0.238095238095238,0.11143585015981,1.7,18.9,21,0.0643402457574889,1,1,1.3,0.64
"123","8.2","2",1,"n",0.25,0.125333748668099,1.5,21.2,20,0.0786203689154736,1,1,1.3,0.64
"124","8.8","2",0.5,"n",0.2,0.0782066558429145,3,20.4,25,0.0861347362791,1,1,1.3,0.64
"125","9.4","2",0.416666666666667,"n",0.208333333333333,0.0879586362259677,3,22.3,24,0.101598148942839,1,1,1.3,0.64
"126","10","2",0.357142857142857,"n",0.217391304347826,0.0987487923246611,3,23.7,23,0.114734110056427,1,1,1.3,0.64
"127","7.1","0",0.529411764705882,"a",0.409090909090909,0.0991639744872323,1.9,18.2,22,0.0595301993804354,1,1,1.3,0.64
"128","7.6","0",0.5,"a",0.380952380952381,0.11143585015981,1.7,18.9,21,0.0643402457574889,1,1,1.3,0.64
"129","8.2","0",0.466666666666667,"a",0.35,0.125333748668099,1.5,21.2,20,0.0786203689154736,1,1,1.3,0.64
"130","8.8","0",0.533333333333333,"a",0.32,0.0782066558429145,3,20.4,25,0.0861347362791,1,1,1.3,0.64
"131","9.4","0",0.416666666666667,"a",0.208333333333333,0.0879586362259677,3,22.3,24,0.101598148942839,1,1,1.3,0.64
"132","10","0",0.222222222222222,"a",0.0869565217391304,0.0987487923246611,3,23.7,23,0.114734110056427,1,1,1.3,0.64
"133","7.1","1",0.0588235294117647,"a",0.0454545454545455,0.0991639744872323,1.9,18.2,22,0.0595301993804354,1,1,1.3,0.64
"134","7.6","1",0.0625,"a",0.0476190476190476,0.11143585015981,1.7,18.9,21,0.0643402457574889,1,1,1.3,0.64
"135","8.2","1",0.0666666666666667,"a",0.05,0.125333748668099,1.5,21.2,20,0.0786203689154736,1,1,1.3,0.64
"136","8.8","1",0,"a",0,0.0782066558429145,3,20.4,25,0.0861347362791,1,1,1.3,0.64
"137","9.4","1",0,"a",0,0.0879586362259677,3,22.3,24,0.101598148942839,1,1,1.3,0.64
"138","10","1",0,"a",0,0.0987487923246611,3,23.7,23,0.114734110056427,1,1,1.3,0.64
"139","7.1","2",0.411764705882353,"a",0.318181818181818,0.0991639744872323,1.9,18.2,22,0.0595301993804354,1,1,1.3,0.64
"140","7.6","2",0.4375,"a",0.333333333333333,0.11143585015981,1.7,18.9,21,0.0643402457574889,1,1,1.3,0.64
"141","8.2","2",0.466666666666667,"a",0.35,0.125333748668099,1.5,21.2,20,0.0786203689154736,1,1,1.3,0.64
"142","8.8","2",0.466666666666667,"a",0.28,0.0782066558429145,3,20.4,25,0.0861347362791,1,1,1.3,0.64
"143","9.4","2",0.583333333333333,"a",0.291666666666667,0.0879586362259677,3,22.3,24,0.101598148942839,1,1,1.3,0.64
"144","10","2",0.777777777777778,"a",0.304347826086957,0.0987487923246611,3,23.7,23,0.114734110056427,1,1,1.3,0.64
"145","7.1","0",0,"n",0,0.0991639744872323,1.9,18.2,22,0.0595301993804354,1,1,1.3,0.82
"146","7.6","0",0,"n",0,0.11143585015981,1.7,18.9,21,0.0643402457574889,1,1,1.3,0.82
"147","8.2","0",0,"n",0,0.125333748668099,1.5,21.2,20,0.0786203689154736,1,1,1.3,0.82
"148","8.8","0",0,"n",0,0.155321754782881,1.1,22.5,18,0.0873248968312143,1,1,1.3,0.82
"149","9.4","0",0,"n",0,0.173859600605168,0.9,24.4,17,0.101598148942839,1,1,1.3,0.82
"150","10","0",0.454545454545455,"n",0.217391304347826,0.0983129361237073,2.7,23.6,23,0.112063315447455,1,1,1.3,0.82
"151","7.1","1",0,"n",0,0.0991639744872323,1.9,18.2,22,0.0595301993804354,1,1,1.3,0.82
"152","7.6","1",0,"n",0,0.11143585015981,1.7,18.9,21,0.0643402457574889,1,1,1.3,0.82
"153","8.2","1",0,"n",0,0.125333748668099,1.5,21.2,20,0.0786203689154736,1,1,1.3,0.82
"154","8.8","1",0,"n",0,0.155321754782881,1.1,22.5,18,0.0873248968312143,1,1,1.3,0.82
"155","9.4","1",0,"n",0,0.173859600605168,0.9,24.4,17,0.101598148942839,1,1,1.3,0.82
"156","10","1",0.0909090909090909,"n",0.0434782608695652,0.0983129361237073,2.7,23.6,23,0.112063315447455,1,1,1.3,0.82
"157","7.1","2",1,"n",0.227272727272727,0.0991639744872323,1.9,18.2,22,0.0595301993804354,1,1,1.3,0.82
"158","7.6","2",1,"n",0.238095238095238,0.11143585015981,1.7,18.9,21,0.0643402457574889,1,1,1.3,0.82
"159","8.2","2",1,"n",0.25,0.125333748668099,1.5,21.2,20,0.0786203689154736,1,1,1.3,0.82
"160","8.8","2",1,"n",0.277777777777778,0.155321754782881,1.1,22.5,18,0.0873248968312143,1,1,1.3,0.82
"161","9.4","2",1,"n",0.294117647058824,0.173859600605168,0.9,24.4,17,0.101598148942839,1,1,1.3,0.82
"162","10","2",0.454545454545455,"n",0.217391304347826,0.0983129361237073,2.7,23.6,23,0.112063315447455,1,1,1.3,0.82
"163","7.1","0",0.529411764705882,"a",0.409090909090909,0.0991639744872323,1.9,18.2,22,0.0595301993804354,1,1,1.3,0.82
"164","7.6","0",0.5,"a",0.380952380952381,0.11143585015981,1.7,18.9,21,0.0643402457574889,1,1,1.3,0.82
"165","8.2","0",0.466666666666667,"a",0.35,0.125333748668099,1.5,21.2,20,0.0786203689154736,1,1,1.3,0.82
"166","8.8","0",0.384615384615385,"a",0.277777777777778,0.155321754782881,1.1,22.5,18,0.0873248968312143,1,1,1.3,0.82
"167","9.4","0",0.333333333333333,"a",0.235294117647059,0.173859600605168,0.9,24.4,17,0.101598148942839,1,1,1.3,0.82
"168","10","0",0.416666666666667,"a",0.217391304347826,0.0983129361237073,2.7,23.6,23,0.112063315447455,1,1,1.3,0.82
"169","7.1","1",0.0588235294117647,"a",0.0454545454545455,0.0991639744872323,1.9,18.2,22,0.0595301993804354,1,1,1.3,0.82
"170","7.6","1",0.0625,"a",0.0476190476190476,0.11143585015981,1.7,18.9,21,0.0643402457574889,1,1,1.3,0.82
"171","8.2","1",0.0666666666666667,"a",0.05,0.125333748668099,1.5,21.2,20,0.0786203689154736,1,1,1.3,0.82
"172","8.8","1",0.0769230769230769,"a",0.0555555555555556,0.155321754782881,1.1,22.5,18,0.0873248968312143,1,1,1.3,0.82
"173","9.4","1",0.0833333333333333,"a",0.0588235294117647,0.173859600605168,0.9,24.4,17,0.101598148942839,1,1,1.3,0.82
"174","10","1",0,"a",0,0.0983129361237073,2.7,23.6,23,0.112063315447455,1,1,1.3,0.82
"175","7.1","2",0.411764705882353,"a",0.318181818181818,0.0991639744872323,1.9,18.2,22,0.0595301993804354,1,1,1.3,0.82
"176","7.6","2",0.4375,"a",0.333333333333333,0.11143585015981,1.7,18.9,21,0.0643402457574889,1,1,1.3,0.82
"177","8.2","2",0.466666666666667,"a",0.35,0.125333748668099,1.5,21.2,20,0.0786203689154736,1,1,1.3,0.82
"178","8.8","2",0.538461538461538,"a",0.388888888888889,0.155321754782881,1.1,22.5,18,0.0873248968312143,1,1,1.3,0.82
"179","9.4","2",0.583333333333333,"a",0.411764705882353,0.173859600605168,0.9,24.4,17,0.101598148942839,1,1,1.3,0.82
"180","10","2",0.583333333333333,"a",0.304347826086957,0.0983129361237073,2.7,23.6,23,0.112063315447455,1,1,1.3,0.82
"181","7.1","0",0.2,"n",0.133333333333333,0.202794793464586,0.4,19.6,15,0.0590637549557212,1,1,0.9,1
"182","7.6","0",0,"n",0,0.251340879661293,0.0999999999999996,20.5,13,0.0633571079826131,1,1,0.9,1
"183","8.2","0",0.375,"n",0.3,0.121466935623447,1.4,20.7,20,0.0736545834223382,1,1,0.9,1
"184","8.8","0",0.428571428571429,"n",0.315789473684211,0.139599647909229,1.2,21.7,19,0.0808905333153078,1,1,0.9,1
"185","9.4","0",0.384615384615385,"n",0.277777777777778,0.156441696290062,1,22.6,18,0.0885237743244743,1,1,0.9,1
"186","10","0",0.230769230769231,"n",0.176470588235294,0.170959652848917,0.799999999999999,24.7,17,0.104828335740565,1,1,0.9,1
"187","7.1","1",0,"n",0,0.202794793464586,0.4,19.6,15,0.0590637549557212,1,1,0.9,1
"188","7.6","1",0,"n",0,0.251340879661293,0.0999999999999996,20.5,13,0.0633571079826131,1,1,0.9,1
"189","8.2","1",0.1875,"n",0.15,0.121466935623447,1.4,20.7,20,0.0736545834223382,1,1,0.9,1
"190","8.8","1",0.0714285714285714,"n",0.0526315789473684,0.139599647909229,1.2,21.7,19,0.0808905333153078,1,1,0.9,1
"191","9.4","1",0.0769230769230769,"n",0.0555555555555556,0.156441696290062,1,22.6,18,0.0885237743244743,1,1,0.9,1
"192","10","1",0.230769230769231,"n",0.176470588235294,0.170959652848917,0.799999999999999,24.7,17,0.104828335740565,1,1,0.9,1
"193","7.1","2",0.8,"n",0.533333333333333,0.202794793464586,0.4,19.6,15,0.0590637549557212,1,1,0.9,1
"194","7.6","2",1,"n",0.615384615384615,0.251340879661293,0.0999999999999996,20.5,13,0.0633571079826131,1,1,0.9,1
"195","8.2","2",0.4375,"n",0.35,0.121466935623447,1.4,20.7,20,0.0736545834223382,1,1,0.9,1
"196","8.8","2",0.5,"n",0.368421052631579,0.139599647909229,1.2,21.7,19,0.0808905333153078,1,1,0.9,1
"197","9.4","2",0.538461538461538,"n",0.388888888888889,0.156441696290062,1,22.6,18,0.0885237743244743,1,1,0.9,1
"198","10","2",0.538461538461538,"n",0.411764705882353,0.170959652848917,0.799999999999999,24.7,17,0.104828335740565,1,1,0.9,1
"199","7.1","0",0,"a",0,0.202794793464586,0.4,19.6,15,0.0590637549557212,1,1,0.9,1
"200","7.6","0",0,"a",0,0.251340879661293,0.0999999999999996,20.5,13,0.0633571079826131,1,1,0.9,1
"201","8.2","0",0,"a",0,0.121466935623447,1.4,20.7,20,0.0736545834223382,1,1,0.9,1
"202","8.8","0",0,"a",0,0.139599647909229,1.2,21.7,19,0.0808905333153078,1,1,0.9,1
"203","9.4","0",0,"a",0,0.156441696290062,1,22.6,18,0.0885237743244743,1,1,0.9,1
"204","10","0",0,"a",0,0.170959652848917,0.799999999999999,24.7,17,0.104828335740565,1,1,0.9,1
"205","7.1","1",0,"a",0,0.202794793464586,0.4,19.6,15,0.0590637549557212,1,1,0.9,1
"206","7.6","1",0,"a",0,0.251340879661293,0.0999999999999996,20.5,13,0.0633571079826131,1,1,0.9,1
"207","8.2","1",0,"a",0,0.121466935623447,1.4,20.7,20,0.0736545834223382,1,1,0.9,1
"208","8.8","1",0,"a",0,0.139599647909229,1.2,21.7,19,0.0808905333153078,1,1,0.9,1
"209","9.4","1",0,"a",0,0.156441696290062,1,22.6,18,0.0885237743244743,1,1,0.9,1
"210","10","1",0,"a",0,0.170959652848917,0.799999999999999,24.7,17,0.104828335740565,1,1,0.9,1
"211","7.1","2",1,"a",0.333333333333333,0.202794793464586,0.4,19.6,15,0.0590637549557212,1,1,0.9,1
"212","7.6","2",1,"a",0.384615384615385,0.251340879661293,0.0999999999999996,20.5,13,0.0633571079826131,1,1,0.9,1
"213","8.2","2",1,"a",0.2,0.121466935623447,1.4,20.7,20,0.0736545834223382,1,1,0.9,1
"214","8.8","2",1,"a",0.263157894736842,0.139599647909229,1.2,21.7,19,0.0808905333153078,1,1,0.9,1
"215","9.4","2",1,"a",0.277777777777778,0.156441696290062,1,22.6,18,0.0885237743244743,1,1,0.9,1
"216","10","2",1,"a",0.235294117647059,0.170959652848917,0.799999999999999,24.7,17,0.104828335740565,1,1,0.9,1
"217","7.1","0",0.6,"n",0.409090909090909,0.0988401335587552,1.9,18.2,22,0.0595301993804354,1,1,0.98,1
"218","7.6","0",0.5,"n",0.380952380952381,0.112306149272445,1.6,18.9,21,0.0638473605521784,1,1,0.98,1
"219","8.2","0",0.466666666666667,"n",0.35,0.124872020794132,1.4,21.2,20,0.0786203689154736,1,1,0.98,1
"220","8.8","0",0.384615384615385,"n",0.277777777777778,0.1544943948352,1,22.5,18,0.0873248968312143,1,1,0.98,1
"221","9.4","0",0.333333333333333,"n",0.235294117647059,0.172221083046618,0.799999999999999,24.4,17,0.101598148942839,1,1,0.98,1
"222","10","0",0,"n",0,0.175100744148992,0.800000000000001,24.7,17,0.104828335740565,1,1,0.98,1
"223","7.1","1",0.0666666666666667,"n",0.0454545454545455,0.0988401335587552,1.9,18.2,22,0.0595301993804354,1,1,0.98,1
"224","7.6","1",0,"n",0,0.112306149272445,1.6,18.9,21,0.0638473605521784,1,1,0.98,1
"225","8.2","1",0,"n",0,0.124872020794132,1.4,21.2,20,0.0786203689154736,1,1,0.98,1
"226","8.8","1",0,"n",0,0.1544943948352,1,22.5,18,0.0873248968312143,1,1,0.98,1
"227","9.4","1",0,"n",0,0.172221083046618,0.799999999999999,24.4,17,0.101598148942839,1,1,0.98,1
"228","10","1",0,"n",0,0.175100744148992,0.800000000000001,24.7,17,0.104828335740565,1,1,0.98,1
"229","7.1","2",0.333333333333333,"n",0.227272727272727,0.0988401335587552,1.9,18.2,22,0.0595301993804354,1,1,0.98,1
"230","7.6","2",0.5,"n",0.380952380952381,0.112306149272445,1.6,18.9,21,0.0638473605521784,1,1,0.98,1
"231","8.2","2",0.533333333333333,"n",0.4,0.124872020794132,1.4,21.2,20,0.0786203689154736,1,1,0.98,1
"232","8.8","2",0.615384615384615,"n",0.444444444444444,0.1544943948352,1,22.5,18,0.0873248968312143,1,1,0.98,1
"233","9.4","2",0.666666666666667,"n",0.470588235294118,0.172221083046618,0.799999999999999,24.4,17,0.101598148942839,1,1,0.98,1
"234","10","2",1,"n",0.470588235294118,0.175100744148992,0.800000000000001,24.7,17,0.104828335740565,1,1,0.98,1
"235","7.1","0",0,"a",0,0.0988401335587552,1.9,18.2,22,0.0595301993804354,1,1,0.98,1
"236","7.6","0",0,"a",0,0.112306149272445,1.6,18.9,21,0.0638473605521784,1,1,0.98,1
"237","8.2","0",0,"a",0,0.124872020794132,1.4,21.2,20,0.0786203689154736,1,1,0.98,1
"238","8.8","0",0,"a",0,0.1544943948352,1,22.5,18,0.0873248968312143,1,1,0.98,1
"239","9.4","0",0,"a",0,0.172221083046618,0.799999999999999,24.4,17,0.101598148942839,1,1,0.98,1
"240","10","0",0.444444444444444,"a",0.235294117647059,0.175100744148992,0.800000000000001,24.7,17,0.104828335740565,1,1,0.98,1
"241","7.1","1",0,"a",0,0.0988401335587552,1.9,18.2,22,0.0595301993804354,1,1,0.98,1
"242","7.6","1",0,"a",0,0.112306149272445,1.6,18.9,21,0.0638473605521784,1,1,0.98,1
"243","8.2","1",0.2,"a",0.05,0.124872020794132,1.4,21.2,20,0.0786203689154736,1,1,0.98,1
"244","8.8","1",0.2,"a",0.0555555555555556,0.1544943948352,1,22.5,18,0.0873248968312143,1,1,0.98,1
"245","9.4","1",0.2,"a",0.0588235294117647,0.172221083046618,0.799999999999999,24.4,17,0.101598148942839,1,1,0.98,1
"246","10","1",0.111111111111111,"a",0.0588235294117647,0.175100744148992,0.800000000000001,24.7,17,0.104828335740565,1,1,0.98,1
"247","7.1","2",1,"a",0.318181818181818,0.0988401335587552,1.9,18.2,22,0.0595301993804354,1,1,0.98,1
"248","7.6","2",1,"a",0.238095238095238,0.112306149272445,1.6,18.9,21,0.0638473605521784,1,1,0.98,1
"249","8.2","2",0.8,"a",0.2,0.124872020794132,1.4,21.2,20,0.0786203689154736,1,1,0.98,1
"250","8.8","2",0.8,"a",0.222222222222222,0.1544943948352,1,22.5,18,0.0873248968312143,1,1,0.98,1
"251","9.4","2",0.8,"a",0.235294117647059,0.172221083046618,0.799999999999999,24.4,17,0.101598148942839,1,1,0.98,1
"252","10","2",0.444444444444444,"a",0.235294117647059,0.175100744148992,0.800000000000001,24.7,17,0.104828335740565,1,1,0.98,1
"253","7.1","0",0.6,"n",0.409090909090909,0.0988401335587552,1.9,18.2,22,0.0595301993804354,1,1,1.06,1
"254","7.6","0",0.5,"n",0.380952380952381,0.112306149272445,1.6,18.9,21,0.0638473605521784,1,1,1.06,1
"255","8.2","0",0.538461538461538,"n",0.35,0.125055212163871,1.5,21.2,20,0.0786203689154736,1,1,1.06,1
"256","8.8","0",0,"n",0,0.155321754782881,1.1,22.5,18,0.0873248968312143,1,1,1.06,1
"257","9.4","0",0,"n",0,0.173859600605168,0.9,24.4,17,0.101598148942839,1,1,1.06,1
"258","10","0",0,"n",0,0.194247847617525,0.699999999999999,25.7,16,0.112729240671452,1,1,1.06,1
"259","7.1","1",0.0666666666666667,"n",0.0454545454545455,0.0988401335587552,1.9,18.2,22,0.0595301993804354,1,1,1.06,1
"260","7.6","1",0,"n",0,0.112306149272445,1.6,18.9,21,0.0638473605521784,1,1,1.06,1
"261","8.2","1",0.0769230769230769,"n",0.05,0.125055212163871,1.5,21.2,20,0.0786203689154736,1,1,1.06,1
"262","8.8","1",0,"n",0,0.155321754782881,1.1,22.5,18,0.0873248968312143,1,1,1.06,1
"263","9.4","1",0,"n",0,0.173859600605168,0.9,24.4,17,0.101598148942839,1,1,1.06,1
"264","10","1",0,"n",0,0.194247847617525,0.699999999999999,25.7,16,0.112729240671452,1,1,1.06,1
"265","7.1","2",0.333333333333333,"n",0.227272727272727,0.0988401335587552,1.9,18.2,22,0.0595301993804354,1,1,1.06,1
"266","7.6","2",0.5,"n",0.380952380952381,0.112306149272445,1.6,18.9,21,0.0638473605521784,1,1,1.06,1
"267","8.2","2",0.384615384615385,"n",0.25,0.125055212163871,1.5,21.2,20,0.0786203689154736,1,1,1.06,1
"268","8.8","2",1,"n",0.277777777777778,0.155321754782881,1.1,22.5,18,0.0873248968312143,1,1,1.06,1
"269","9.4","2",1,"n",0.294117647058824,0.173859600605168,0.9,24.4,17,0.101598148942839,1,1,1.06,1
"270","10","2",1,"n",0.3125,0.194247847617525,0.699999999999999,25.7,16,0.112729240671452,1,1,1.06,1
"271","7.1","0",0,"a",0,0.0988401335587552,1.9,18.2,22,0.0595301993804354,1,1,1.06,1
"272","7.6","0",0,"a",0,0.112306149272445,1.6,18.9,21,0.0638473605521784,1,1,1.06,1
"273","8.2","0",0,"a",0,0.125055212163871,1.5,21.2,20,0.0786203689154736,1,1,1.06,1
"274","8.8","0",0.384615384615385,"a",0.277777777777778,0.155321754782881,1.1,22.5,18,0.0873248968312143,1,1,1.06,1
"275","9.4","0",0.333333333333333,"a",0.235294117647059,0.173859600605168,0.9,24.4,17,0.101598148942839,1,1,1.06,1
"276","10","0",0.272727272727273,"a",0.1875,0.194247847617525,0.699999999999999,25.7,16,0.112729240671452,1,1,1.06,1
"277","7.1","1",0,"a",0,0.0988401335587552,1.9,18.2,22,0.0595301993804354,1,1,1.06,1
"278","7.6","1",0,"a",0,0.112306149272445,1.6,18.9,21,0.0638473605521784,1,1,1.06,1
"279","8.2","1",0,"a",0,0.125055212163871,1.5,21.2,20,0.0786203689154736,1,1,1.06,1
"280","8.8","1",0.0769230769230769,"a",0.0555555555555556,0.155321754782881,1.1,22.5,18,0.0873248968312143,1,1,1.06,1
"281","9.4","1",0.0833333333333333,"a",0.0588235294117647,0.173859600605168,0.9,24.4,17,0.101598148942839,1,1,1.06,1
"282","10","1",0.0909090909090909,"a",0.0625,0.194247847617525,0.699999999999999,25.7,16,0.112729240671452,1,1,1.06,1
"283","7.1","2",1,"a",0.318181818181818,0.0988401335587552,1.9,18.2,22,0.0595301993804354,1,1,1.06,1
"284","7.6","2",1,"a",0.238095238095238,0.112306149272445,1.6,18.9,21,0.0638473605521784,1,1,1.06,1
"285","8.2","2",1,"a",0.35,0.125055212163871,1.5,21.2,20,0.0786203689154736,1,1,1.06,1
"286","8.8","2",0.538461538461538,"a",0.388888888888889,0.155321754782881,1.1,22.5,18,0.0873248968312143,1,1,1.06,1
"287","9.4","2",0.583333333333333,"a",0.411764705882353,0.173859600605168,0.9,24.4,17,0.101598148942839,1,1,1.06,1
"288","10","2",0.636363636363636,"a",0.4375,0.194247847617525,0.699999999999999,25.7,16,0.112729240671452,1,1,1.06,1
"289","7.1","0",0.6,"n",0.409090909090909,0.0988401335587552,1.9,18.2,22,0.0595301993804354,1,1,1.14,1
"290","7.6","0",0,"n",0,0.111292557127591,1.7,18.9,21,0.0643402457574889,1,1,1.14,1
"291","8.2","0",0,"n",0,0.125333748668099,1.5,21.2,20,0.0786203689154736,1,1,1.14,1
"292","8.8","0",0,"n",0,0.155321754782881,1.1,22.5,18,0.0873248968312143,1,1,1.14,1
"293","9.4","0",0,"n",0,0.173859600605168,0.9,24.4,17,0.101598148942839,1,1,1.14,1
"294","10","0",0,"n",0,0.194247847617525,0.699999999999999,25.7,16,0.112729240671452,1,1,1.14,1
"295","7.1","1",0.0666666666666667,"n",0.0454545454545455,0.0988401335587552,1.9,18.2,22,0.0595301993804354,1,1,1.14,1
"296","7.6","1",0,"n",0,0.111292557127591,1.7,18.9,21,0.0643402457574889,1,1,1.14,1
"297","8.2","1",0,"n",0,0.125333748668099,1.5,21.2,20,0.0786203689154736,1,1,1.14,1
"298","8.8","1",0,"n",0,0.155321754782881,1.1,22.5,18,0.0873248968312143,1,1,1.14,1
"299","9.4","1",0,"n",0,0.173859600605168,0.9,24.4,17,0.101598148942839,1,1,1.14,1
"300","10","1",0,"n",0,0.194247847617525,0.699999999999999,25.7,16,0.112729240671452,1,1,1.14,1
"301","7.1","2",0.333333333333333,"n",0.227272727272727,0.0988401335587552,1.9,18.2,22,0.0595301993804354,1,1,1.14,1
"302","7.6","2",1,"n",0.238095238095238,0.111292557127591,1.7,18.9,21,0.0643402457574889,1,1,1.14,1
"303","8.2","2",1,"n",0.25,0.125333748668099,1.5,21.2,20,0.0786203689154736,1,1,1.14,1
"304","8.8","2",1,"n",0.277777777777778,0.155321754782881,1.1,22.5,18,0.0873248968312143,1,1,1.14,1
"305","9.4","2",1,"n",0.294117647058824,0.173859600605168,0.9,24.4,17,0.101598148942839,1,1,1.14,1
"306","10","2",1,"n",0.3125,0.194247847617525,0.699999999999999,25.7,16,0.112729240671452,1,1,1.14,1
"307","7.1","0",0,"a",0,0.0988401335587552,1.9,18.2,22,0.0595301993804354,1,1,1.14,1
"308","7.6","0",0.5,"a",0.380952380952381,0.111292557127591,1.7,18.9,21,0.0643402457574889,1,1,1.14,1
"309","8.2","0",0.466666666666667,"a",0.35,0.125333748668099,1.5,21.2,20,0.0786203689154736,1,1,1.14,1
"310","8.8","0",0.384615384615385,"a",0.277777777777778,0.155321754782881,1.1,22.5,18,0.0873248968312143,1,1,1.14,1
"311","9.4","0",0.333333333333333,"a",0.235294117647059,0.173859600605168,0.9,24.4,17,0.101598148942839,1,1,1.14,1
"312","10","0",0.272727272727273,"a",0.1875,0.194247847617525,0.699999999999999,25.7,16,0.112729240671452,1,1,1.14,1
"313","7.1","1",0,"a",0,0.0988401335587552,1.9,18.2,22,0.0595301993804354,1,1,1.14,1
"314","7.6","1",0.0625,"a",0.0476190476190476,0.111292557127591,1.7,18.9,21,0.0643402457574889,1,1,1.14,1
"315","8.2","1",0.0666666666666667,"a",0.05,0.125333748668099,1.5,21.2,20,0.0786203689154736,1,1,1.14,1
"316","8.8","1",0.0769230769230769,"a",0.0555555555555556,0.155321754782881,1.1,22.5,18,0.0873248968312143,1,1,1.14,1
"317","9.4","1",0.0833333333333333,"a",0.0588235294117647,0.173859600605168,0.9,24.4,17,0.101598148942839,1,1,1.14,1
"318","10","1",0.0909090909090909,"a",0.0625,0.194247847617525,0.699999999999999,25.7,16,0.112729240671452,1,1,1.14,1
"319","7.1","2",1,"a",0.318181818181818,0.0988401335587552,1.9,18.2,22,0.0595301993804354,1,1,1.14,1
"320","7.6","2",0.4375,"a",0.333333333333333,0.111292557127591,1.7,18.9,21,0.0643402457574889,1,1,1.14,1
"321","8.2","2",0.466666666666667,"a",0.35,0.125333748668099,1.5,21.2,20,0.0786203689154736,1,1,1.14,1
"322","8.8","2",0.538461538461538,"a",0.388888888888889,0.155321754782881,1.1,22.5,18,0.0873248968312143,1,1,1.14,1
"323","9.4","2",0.583333333333333,"a",0.411764705882353,0.173859600605168,0.9,24.4,17,0.101598148942839,1,1,1.14,1
"324","10","2",0.636363636363636,"a",0.4375,0.194247847617525,0.699999999999999,25.7,16,0.112729240671452,1,1,1.14,1
"325","7.1","0",0,"n",0,0.0991639744872323,1.9,18.2,22,0.0595301993804354,1,1,1.22,1
"326","7.6","0",0,"n",0,0.11143585015981,1.7,18.9,21,0.0643402457574889,1,1,1.22,1
"327","8.2","0",0,"n",0,0.125333748668099,1.5,21.2,20,0.0786203689154736,1,1,1.22,1
"328","8.8","0",0,"n",0,0.155321754782881,1.1,22.5,18,0.0873248968312143,1,1,1.22,1
"329","9.4","0",0,"n",0,0.173859600605168,0.9,24.4,17,0.101598148942839,1,1,1.22,1
"330","10","0",0,"n",0,0.194247847617525,0.699999999999999,25.7,16,0.112729240671452,1,1,1.22,1
"331","7.1","1",0,"n",0,0.0991639744872323,1.9,18.2,22,0.0595301993804354,1,1,1.22,1
"332","7.6","1",0,"n",0,0.11143585015981,1.7,18.9,21,0.0643402457574889,1,1,1.22,1
"333","8.2","1",0,"n",0,0.125333748668099,1.5,21.2,20,0.0786203689154736,1,1,1.22,1
"334","8.8","1",0,"n",0,0.155321754782881,1.1,22.5,18,0.0873248968312143,1,1,1.22,1
"335","9.4","1",0,"n",0,0.173859600605168,0.9,24.4,17,0.101598148942839,1,1,1.22,1
"336","10","1",0,"n",0,0.194247847617525,0.699999999999999,25.7,16,0.112729240671452,1,1,1.22,1
"337","7.1","2",1,"n",0.227272727272727,0.0991639744872323,1.9,18.2,22,0.0595301993804354,1,1,1.22,1
"338","7.6","2",1,"n",0.238095238095238,0.11143585015981,1.7,18.9,21,0.0643402457574889,1,1,1.22,1
"339","8.2","2",1,"n",0.25,0.125333748668099,1.5,21.2,20,0.0786203689154736,1,1,1.22,1
"340","8.8","2",1,"n",0.277777777777778,0.155321754782881,1.1,22.5,18,0.0873248968312143,1,1,1.22,1
"341","9.4","2",1,"n",0.294117647058824,0.173859600605168,0.9,24.4,17,0.101598148942839,1,1,1.22,1
"342","10","2",1,"n",0.3125,0.194247847617525,0.699999999999999,25.7,16,0.112729240671452,1,1,1.22,1
"343","7.1","0",0.529411764705882,"a",0.409090909090909,0.0991639744872323,1.9,18.2,22,0.0595301993804354,1,1,1.22,1
"344","7.6","0",0.5,"a",0.380952380952381,0.11143585015981,1.7,18.9,21,0.0643402457574889,1,1,1.22,1
"345","8.2","0",0.466666666666667,"a",0.35,0.125333748668099,1.5,21.2,20,0.0786203689154736,1,1,1.22,1
"346","8.8","0",0.384615384615385,"a",0.277777777777778,0.155321754782881,1.1,22.5,18,0.0873248968312143,1,1,1.22,1
"347","9.4","0",0.333333333333333,"a",0.235294117647059,0.173859600605168,0.9,24.4,17,0.101598148942839,1,1,1.22,1
"348","10","0",0.272727272727273,"a",0.1875,0.194247847617525,0.699999999999999,25.7,16,0.112729240671452,1,1,1.22,1
"349","7.1","1",0.0588235294117647,"a",0.0454545454545455,0.0991639744872323,1.9,18.2,22,0.0595301993804354,1,1,1.22,1
"350","7.6","1",0.0625,"a",0.0476190476190476,0.11143585015981,1.7,18.9,21,0.0643402457574889,1,1,1.22,1
"351","8.2","1",0.0666666666666667,"a",0.05,0.125333748668099,1.5,21.2,20,0.0786203689154736,1,1,1.22,1
"352","8.8","1",0.0769230769230769,"a",0.0555555555555556,0.155321754782881,1.1,22.5,18,0.0873248968312143,1,1,1.22,1
"353","9.4","1",0.0833333333333333,"a",0.0588235294117647,0.173859600605168,0.9,24.4,17,0.101598148942839,1,1,1.22,1
"354","10","1",0.0909090909090909,"a",0.0625,0.194247847617525,0.699999999999999,25.7,16,0.112729240671452,1,1,1.22,1
"355","7.1","2",0.411764705882353,"a",0.318181818181818,0.0991639744872323,1.9,18.2,22,0.0595301993804354,1,1,1.22,1
"356","7.6","2",0.4375,"a",0.333333333333333,0.11143585015981,1.7,18.9,21,0.0643402457574889,1,1,1.22,1
"357","8.2","2",0.466666666666667,"a",0.35,0.125333748668099,1.5,21.2,20,0.0786203689154736,1,1,1.22,1
"358","8.8","2",0.538461538461538,"a",0.388888888888889,0.155321754782881,1.1,22.5,18,0.0873248968312143,1,1,1.22,1
"359","9.4","2",0.583333333333333,"a",0.411764705882353,0.173859600605168,0.9,24.4,17,0.101598148942839,1,1,1.22,1
"360","10","2",0.636363636363636,"a",0.4375,0.194247847617525,0.699999999999999,25.7,16,0.112729240671452,1,1,1.22,1
"361","7.1","0",0.785714285714286,"n",0.745762711864407,0.0198152107754463,12.3,0,59,0.0308423858115958,1,0.1,1.3,1
"362","7.6","0",0.785714285714286,"n",0.745762711864407,0.0204750051953014,12.9,0,59,0.0340004172000557,1,0.1,1.3,1
"363","8.2","0",0.785714285714286,"n",0.745762711864407,0.0212434640086741,13.5,0,59,0.0377567767012637,1,0.1,1.3,1
"364","8.8","0",0.785714285714286,"n",0.745762711864407,0.0224523253071563,13.9,0,59,0.0411472271811644,1,0.1,1.3,1
"365","9.4","0",0.785714285714286,"n",0.745762711864407,0.0233333966607051,14.9,0,59,0.047086836514185,1,0.1,1.3,1
"366","10","0",0.785714285714286,"n",0.745762711864407,0.0241157377865093,15.8,0,59,0.0532525310736428,1,0.1,1.3,1
"367","7.1","1",0.0892857142857143,"n",0.0847457627118644,0.0198152107754463,12.3,0,59,0.0308423858115958,1,0.1,1.3,1
"368","7.6","1",0.0892857142857143,"n",0.0847457627118644,0.0204750051953014,12.9,0,59,0.0340004172000557,1,0.1,1.3,1
"369","8.2","1",0.0892857142857143,"n",0.0847457627118644,0.0212434640086741,13.5,0,59,0.0377567767012637,1,0.1,1.3,1
"370","8.8","1",0.0892857142857143,"n",0.0847457627118644,0.0224523253071563,13.9,0,59,0.0411472271811644,1,0.1,1.3,1
"371","9.4","1",0.0892857142857143,"n",0.0847457627118644,0.0233333966607051,14.9,0,59,0.047086836514185,1,0.1,1.3,1
"372","10","1",0.0892857142857143,"n",0.0847457627118644,0.0241157377865093,15.8,0,59,0.0532525310736428,1,0.1,1.3,1
"373","7.1","2",0.125,"n",0.11864406779661,0.0198152107754463,12.3,0,59,0.0308423858115958,1,0.1,1.3,1
"374","7.6","2",0.125,"n",0.11864406779661,0.0204750051953014,12.9,0,59,0.0340004172000557,1,0.1,1.3,1
"375","8.2","2",0.125,"n",0.11864406779661,0.0212434640086741,13.5,0,59,0.0377567767012637,1,0.1,1.3,1
"376","8.8","2",0.125,"n",0.11864406779661,0.0224523253071563,13.9,0,59,0.0411472271811644,1,0.1,1.3,1
"377","9.4","2",0.125,"n",0.11864406779661,0.0233333966607051,14.9,0,59,0.047086836514185,1,0.1,1.3,1
"378","10","2",0.125,"n",0.11864406779661,0.0241157377865093,15.8,0,59,0.0532525310736428,1,0.1,1.3,1
"379","7.1","0",0,"a",0,0.0198152107754463,12.3,0,59,0.0308423858115958,1,0.1,1.3,1
"380","7.6","0",0,"a",0,0.0204750051953014,12.9,0,59,0.0340004172000557,1,0.1,1.3,1
"381","8.2","0",0,"a",0,0.0212434640086741,13.5,0,59,0.0377567767012637,1,0.1,1.3,1
"382","8.8","0",0,"a",0,0.0224523253071563,13.9,0,59,0.0411472271811644,1,0.1,1.3,1
"383","9.4","0",0,"a",0,0.0233333966607051,14.9,0,59,0.047086836514185,1,0.1,1.3,1
"384","10","0",0,"a",0,0.0241157377865093,15.8,0,59,0.0532525310736428,1,0.1,1.3,1
"385","7.1","1",0,"a",0,0.0198152107754463,12.3,0,59,0.0308423858115958,1,0.1,1.3,1
"386","7.6","1",0,"a",0,0.0204750051953014,12.9,0,59,0.0340004172000557,1,0.1,1.3,1
"387","8.2","1",0,"a",0,0.0212434640086741,13.5,0,59,0.0377567767012637,1,0.1,1.3,1
"388","8.8","1",0,"a",0,0.0224523253071563,13.9,0,59,0.0411472271811644,1,0.1,1.3,1
"389","9.4","1",0,"a",0,0.0233333966607051,14.9,0,59,0.047086836514185,1,0.1,1.3,1
"390","10","1",0,"a",0,0.0241157377865093,15.8,0,59,0.0532525310736428,1,0.1,1.3,1
"391","7.1","2",1,"a",0.0508474576271186,0.0198152107754463,12.3,0,59,0.0308423858115958,1,0.1,1.3,1
"392","7.6","2",1,"a",0.0508474576271186,0.0204750051953014,12.9,0,59,0.0340004172000557,1,0.1,1.3,1
"393","8.2","2",1,"a",0.0508474576271186,0.0212434640086741,13.5,0,59,0.0377567767012637,1,0.1,1.3,1
"394","8.8","2",1,"a",0.0508474576271186,0.0224523253071563,13.9,0,59,0.0411472271811644,1,0.1,1.3,1
"395","9.4","2",1,"a",0.0508474576271186,0.0233333966607051,14.9,0,59,0.047086836514185,1,0.1,1.3,1
"396","10","2",1,"a",0.0508474576271186,0.0241157377865093,15.8,0,59,0.0532525310736428,1,0.1,1.3,1
"397","7.1","0",0.785714285714286,"n",0.745762711864407,0.0132218442203193,12.3,0,59,0.0308423858115958,1,0.28,1.3,1
"398","7.6","0",0.785714285714286,"n",0.745762711864407,0.0136622513939309,12.9,0,59,0.0340004172000557,1,0.28,1.3,1
"399","8.2","0",0.785714285714286,"n",0.745762711864407,0.0141751974456095,13.5,0,59,0.0377567767012637,1,0.28,1.3,1
"400","8.8","0",0.785714285714286,"n",0.745762711864407,0.0149821167022683,13.9,0,59,0.0411472271811644,1,0.28,1.3,1
"401","9.4","0",0.785714285714286,"n",0.745762711864407,0.0155702481363698,14.9,0,59,0.047086836514185,1,0.28,1.3,1
"402","10","0",0.785714285714286,"n",0.745762711864407,0.0160924840484485,15.8,0,59,0.0532525310736428,1,0.28,1.3,1
"403","7.1","1",0.0892857142857143,"n",0.0847457627118644,0.0132218442203193,12.3,0,59,0.0308423858115958,1,0.28,1.3,1
"404","7.6","1",0.0892857142857143,"n",0.0847457627118644,0.0136622513939309,12.9,0,59,0.0340004172000557,1,0.28,1.3,1
"405","8.2","1",0.0892857142857143,"n",0.0847457627118644,0.0141751974456095,13.5,0,59,0.0377567767012637,1,0.28,1.3,1
"406","8.8","1",0.0892857142857143,"n",0.0847457627118644,0.0149821167022683,13.9,0,59,0.0411472271811644,1,0.28,1.3,1
"407","9.4","1",0.0892857142857143,"n",0.0847457627118644,0.0155702481363698,14.9,0,59,0.047086836514185,1,0.28,1.3,1
"408","10","1",0.0892857142857143,"n",0.0847457627118644,0.0160924840484485,15.8,0,59,0.0532525310736428,1,0.28,1.3,1
"409","7.1","2",0.125,"n",0.11864406779661,0.0132218442203193,12.3,0,59,0.0308423858115958,1,0.28,1.3,1
"410","7.6","2",0.125,"n",0.11864406779661,0.0136622513939309,12.9,0,59,0.0340004172000557,1,0.28,1.3,1
"411","8.2","2",0.125,"n",0.11864406779661,0.0141751974456095,13.5,0,59,0.0377567767012637,1,0.28,1.3,1
"412","8.8","2",0.125,"n",0.11864406779661,0.0149821167022683,13.9,0,59,0.0411472271811644,1,0.28,1.3,1
"413","9.4","2",0.125,"n",0.11864406779661,0.0155702481363698,14.9,0,59,0.047086836514185,1,0.28,1.3,1
"414","10","2",0.125,"n",0.11864406779661,0.0160924840484485,15.8,0,59,0.0532525310736428,1,0.28,1.3,1
"415","7.1","0",0,"a",0,0.0132218442203193,12.3,0,59,0.0308423858115958,1,0.28,1.3,1
"416","7.6","0",0,"a",0,0.0136622513939309,12.9,0,59,0.0340004172000557,1,0.28,1.3,1
"417","8.2","0",0,"a",0,0.0141751974456095,13.5,0,59,0.0377567767012637,1,0.28,1.3,1
"418","8.8","0",0,"a",0,0.0149821167022683,13.9,0,59,0.0411472271811644,1,0.28,1.3,1
"419","9.4","0",0,"a",0,0.0155702481363698,14.9,0,59,0.047086836514185,1,0.28,1.3,1
"420","10","0",0,"a",0,0.0160924840484485,15.8,0,59,0.0532525310736428,1,0.28,1.3,1
"421","7.1","1",0,"a",0,0.0132218442203193,12.3,0,59,0.0308423858115958,1,0.28,1.3,1
"422","7.6","1",0,"a",0,0.0136622513939309,12.9,0,59,0.0340004172000557,1,0.28,1.3,1
"423","8.2","1",0,"a",0,0.0141751974456095,13.5,0,59,0.0377567767012637,1,0.28,1.3,1
"424","8.8","1",0,"a",0,0.0149821167022683,13.9,0,59,0.0411472271811644,1,0.28,1.3,1
"425","9.4","1",0,"a",0,0.0155702481363698,14.9,0,59,0.047086836514185,1,0.28,1.3,1
"426","10","1",0,"a",0,0.0160924840484485,15.8,0,59,0.0532525310736428,1,0.28,1.3,1
"427","7.1","2",1,"a",0.0508474576271186,0.0132218442203193,12.3,0,59,0.0308423858115958,1,0.28,1.3,1
"428","7.6","2",1,"a",0.0508474576271186,0.0136622513939309,12.9,0,59,0.0340004172000557,1,0.28,1.3,1
"429","8.2","2",1,"a",0.0508474576271186,0.0141751974456095,13.5,0,59,0.0377567767012637,1,0.28,1.3,1
"430","8.8","2",1,"a",0.0508474576271186,0.0149821167022683,13.9,0,59,0.0411472271811644,1,0.28,1.3,1
"431","9.4","2",1,"a",0.0508474576271186,0.0155702481363698,14.9,0,59,0.047086836514185,1,0.28,1.3,1
"432","10","2",1,"a",0.0508474576271186,0.0160924840484485,15.8,0,59,0.0532525310736428,1,0.28,1.3,1
"433","7.1","0",0.818181818181818,"n",0.76271186440678,0.00890850393381003,12.2,0,59,0.0305683147628974,1,0.46,1.3,1
"434","7.6","0",0.785714285714286,"n",0.745762711864407,0.00911500757443115,12.9,0,59,0.0340004172000557,1,0.46,1.3,1
"435","8.2","0",0.818181818181818,"n",0.76271186440678,0.00964763480040988,13.3,0,59,0.0371074474001108,1,0.46,1.3,1
"436","8.8","0",0.818181818181818,"n",0.76271186440678,0.0100351743169264,13.9,0,59,0.0411472271811644,1,0.46,1.3,1
"437","9.4","0",0.785714285714286,"n",0.745762711864407,0.0103884230539099,14.9,0,59,0.047086836514185,1,0.46,1.3,1
"438","10","0",0.785714285714286,"n",0.745762711864407,0.0107369801172241,15.8,0,59,0.0532525310736428,1,0.46,1.3,1
"439","7.1","1",0.0545454545454545,"n",0.0508474576271186,0.00890850393381003,12.2,0,59,0.0305683147628974,1,0.46,1.3,1
"440","7.6","1",0.0892857142857143,"n",0.0847457627118644,0.00911500757443115,12.9,0,59,0.0340004172000557,1,0.46,1.3,1
"441","8.2","1",0.0545454545454545,"n",0.0508474576271186,0.00964763480040988,13.3,0,59,0.0371074474001108,1,0.46,1.3,1
"442","8.8","1",0.0545454545454545,"n",0.0508474576271186,0.0100351743169264,13.9,0,59,0.0411472271811644,1,0.46,1.3,1
"443","9.4","1",0.0892857142857143,"n",0.0847457627118644,0.0103884230539099,14.9,0,59,0.047086836514185,1,0.46,1.3,1
"444","10","1",0.0892857142857143,"n",0.0847457627118644,0.0107369801172241,15.8,0,59,0.0532525310736428,1,0.46,1.3,1
"445","7.1","2",0.127272727272727,"n",0.11864406779661,0.00890850393381003,12.2,0,59,0.0305683147628974,1,0.46,1.3,1
"446","7.6","2",0.125,"n",0.11864406779661,0.00911500757443115,12.9,0,59,0.0340004172000557,1,0.46,1.3,1
"447","8.2","2",0.127272727272727,"n",0.11864406779661,0.00964763480040988,13.3,0,59,0.0371074474001108,1,0.46,1.3,1
"448","8.8","2",0.127272727272727,"n",0.11864406779661,0.0100351743169264,13.9,0,59,0.0411472271811644,1,0.46,1.3,1
"449","9.4","2",0.125,"n",0.11864406779661,0.0103884230539099,14.9,0,59,0.047086836514185,1,0.46,1.3,1
"450","10","2",0.125,"n",0.11864406779661,0.0107369801172241,15.8,0,59,0.0532525310736428,1,0.46,1.3,1
"451","7.1","0",0,"a",0,0.00890850393381003,12.2,0,59,0.0305683147628974,1,0.46,1.3,1
"452","7.6","0",0,"a",0,0.00911500757443115,12.9,0,59,0.0340004172000557,1,0.46,1.3,1
"453","8.2","0",0,"a",0,0.00964763480040988,13.3,0,59,0.0371074474001108,1,0.46,1.3,1
"454","8.8","0",0,"a",0,0.0100351743169264,13.9,0,59,0.0411472271811644,1,0.46,1.3,1
"455","9.4","0",0,"a",0,0.0103884230539099,14.9,0,59,0.047086836514185,1,0.46,1.3,1
"456","10","0",0,"a",0,0.0107369801172241,15.8,0,59,0.0532525310736428,1,0.46,1.3,1
"457","7.1","1",0,"a",0,0.00890850393381003,12.2,0,59,0.0305683147628974,1,0.46,1.3,1
"458","7.6","1",0,"a",0,0.00911500757443115,12.9,0,59,0.0340004172000557,1,0.46,1.3,1
"459","8.2","1",0,"a",0,0.00964763480040988,13.3,0,59,0.0371074474001108,1,0.46,1.3,1
"460","8.8","1",0,"a",0,0.0100351743169264,13.9,0,59,0.0411472271811644,1,0.46,1.3,1
"461","9.4","1",0,"a",0,0.0103884230539099,14.9,0,59,0.047086836514185,1,0.46,1.3,1
"462","10","1",0,"a",0,0.0107369801172241,15.8,0,59,0.0532525310736428,1,0.46,1.3,1
"463","7.1","2",1,"a",0.0677966101694915,0.00890850393381003,12.2,0,59,0.0305683147628974,1,0.46,1.3,1
"464","7.6","2",1,"a",0.0508474576271186,0.00911500757443115,12.9,0,59,0.0340004172000557,1,0.46,1.3,1
"465","8.2","2",1,"a",0.0677966101694915,0.00964763480040988,13.3,0,59,0.0371074474001108,1,0.46,1.3,1
"466","8.8","2",1,"a",0.0677966101694915,0.0100351743169264,13.9,0,59,0.0411472271811644,1,0.46,1.3,1
"467","9.4","2",1,"a",0.0508474576271186,0.0103884230539099,14.9,0,59,0.047086836514185,1,0.46,1.3,1
"468","10","2",1,"a",0.0508474576271186,0.0107369801172241,15.8,0,59,0.0532525310736428,1,0.46,1.3,1
"469","7.1","0",0.6,"n",0.48,0.0976365436337406,2.5,17.3,25,0.0581388249819421,1,0.64,1.3,1
"470","7.6","0",0.619047619047619,"n",0.5,0.0913623381219374,2.7,17.3,26,0.0614224861024591,1,0.64,1.3,1
"471","8.2","0",0.466666666666667,"n",0.35,0.155224525519709,1.5,21.2,20,0.0786203689154736,1,0.64,1.3,1
"472","8.8","0",0.555555555555556,"n",0.5,0.0669494496223763,4.1,17.8,30,0.0774996901503023,1,0.64,1.3,1
"473","9.4","0",0.571428571428571,"n",0.516129032258065,0.0631937679172963,4.7,17.9,31,0.0849534336062737,1,0.64,1.3,1
"474","10","0",0.5,"n",0.444444444444444,0.0894514469787894,3.8,21.4,27,0.104828335740565,1,0.64,1.3,1
"475","7.1","1",0.05,"n",0.04,0.0976365436337406,2.5,17.3,25,0.0581388249819421,1,0.64,1.3,1
"476","7.6","1",0.0476190476190476,"n",0.0384615384615385,0.0913623381219374,2.7,17.3,26,0.0614224861024591,1,0.64,1.3,1
"477","8.2","1",0.0666666666666667,"n",0.05,0.155224525519709,1.5,21.2,20,0.0786203689154736,1,0.64,1.3,1
"478","8.8","1",0.185185185185185,"n",0.166666666666667,0.0669494496223763,4.1,17.8,30,0.0774996901503023,1,0.64,1.3,1
"479","9.4","1",0.178571428571429,"n",0.161290322580645,0.0631937679172963,4.7,17.9,31,0.0849534336062737,1,0.64,1.3,1
"480","10","1",0.208333333333333,"n",0.185185185185185,0.0894514469787894,3.8,21.4,27,0.104828335740565,1,0.64,1.3,1
"481","7.1","2",0.35,"n",0.28,0.0976365436337406,2.5,17.3,25,0.0581388249819421,1,0.64,1.3,1
"482","7.6","2",0.333333333333333,"n",0.269230769230769,0.0913623381219374,2.7,17.3,26,0.0614224861024591,1,0.64,1.3,1
"483","8.2","2",0.466666666666667,"n",0.35,0.155224525519709,1.5,21.2,20,0.0786203689154736,1,0.64,1.3,1
"484","8.8","2",0.259259259259259,"n",0.233333333333333,0.0669494496223763,4.1,17.8,30,0.0774996901503023,1,0.64,1.3,1
"485","9.4","2",0.25,"n",0.225806451612903,0.0631937679172963,4.7,17.9,31,0.0849534336062737,1,0.64,1.3,1
"486","10","2",0.291666666666667,"n",0.259259259259259,0.0894514469787894,3.8,21.4,27,0.104828335740565,1,0.64,1.3,1
"487","7.1","0",0,"a",0,0.0976365436337406,2.5,17.3,25,0.0581388249819421,1,0.64,1.3,1
"488","7.6","0",0,"a",0,0.0913623381219374,2.7,17.3,26,0.0614224861024591,1,0.64,1.3,1
"489","8.2","0",0,"a",0,0.155224525519709,1.5,21.2,20,0.0786203689154736,1,0.64,1.3,1
"490","8.8","0",0,"a",0,0.0669494496223763,4.1,17.8,30,0.0774996901503023,1,0.64,1.3,1
"491","9.4","0",0,"a",0,0.0631937679172963,4.7,17.9,31,0.0849534336062737,1,0.64,1.3,1
"492","10","0",0,"a",0,0.0894514469787894,3.8,21.4,27,0.104828335740565,1,0.64,1.3,1
"493","7.1","1",0,"a",0,0.0976365436337406,2.5,17.3,25,0.0581388249819421,1,0.64,1.3,1
"494","7.6","1",0,"a",0,0.0913623381219374,2.7,17.3,26,0.0614224861024591,1,0.64,1.3,1
"495","8.2","1",0,"a",0,0.155224525519709,1.5,21.2,20,0.0786203689154736,1,0.64,1.3,1
"496","8.8","1",0,"a",0,0.0669494496223763,4.1,17.8,30,0.0774996901503023,1,0.64,1.3,1
"497","9.4","1",0,"a",0,0.0631937679172963,4.7,17.9,31,0.0849534336062737,1,0.64,1.3,1
"498","10","1",0,"a",0,0.0894514469787894,3.8,21.4,27,0.104828335740565,1,0.64,1.3,1
"499","7.1","2",1,"a",0.2,0.0976365436337406,2.5,17.3,25,0.0581388249819421,1,0.64,1.3,1
"500","7.6","2",1,"a",0.192307692307692,0.0913623381219374,2.7,17.3,26,0.0614224861024591,1,0.64,1.3,1
"501","8.2","2",1,"a",0.25,0.155224525519709,1.5,21.2,20,0.0786203689154736,1,0.64,1.3,1
"502","8.8","2",1,"a",0.1,0.0669494496223763,4.1,17.8,30,0.0774996901503023,1,0.64,1.3,1
"503","9.4","2",1,"a",0.0967741935483871,0.0631937679172963,4.7,17.9,31,0.0849534336062737,1,0.64,1.3,1
"504","10","2",1,"a",0.111111111111111,0.0894514469787894,3.8,21.4,27,0.104828335740565,1,0.64,1.3,1
"505","7.1","0",0.578947368421053,"n",0.458333333333333,0.0937718472182532,2.2,17.6,24,0.0581388249819421,1,0.82,1.3,1
"506","7.6","0",0.555555555555556,"n",0.434782608695652,0.104738547949847,2,18.3,23,0.062869491373542,1,0.82,1.3,1
"507","8.2","0",0.466666666666667,"n",0.35,0.139263408796124,1.5,21.2,20,0.0786203689154736,1,0.82,1.3,1
"508","8.8","0",0.428571428571429,"n",0.315789473684211,0.157016253762352,1.2,22.2,19,0.0861347362791,1,0.82,1.3,1
"509","9.4","0",0.333333333333333,"n",0.235294117647059,0.189247109492681,0.9,24.4,17,0.101598148942839,1,0.82,1.3,1
"510","10","0",0.5,"n",0.416666666666667,0.100094859401846,2.8,22.8,24,0.107437993537192,1,0.82,1.3,1
"511","7.1","1",0,"n",0,0.0937718472182532,2.2,17.6,24,0.0581388249819421,1,0.82,1.3,1
"512","7.6","1",0,"n",0,0.104738547949847,2,18.3,23,0.062869491373542,1,0.82,1.3,1
"513","8.2","1",0.0666666666666667,"n",0.05,0.139263408796124,1.5,21.2,20,0.0786203689154736,1,0.82,1.3,1
"514","8.8","1",0,"n",0,0.157016253762352,1.2,22.2,19,0.0861347362791,1,0.82,1.3,1
"515","9.4","1",0.0833333333333333,"n",0.0588235294117647,0.189247109492681,0.9,24.4,17,0.101598148942839,1,0.82,1.3,1
"516","10","1",0.15,"n",0.125,0.100094859401846,2.8,22.8,24,0.107437993537192,1,0.82,1.3,1
"517","7.1","2",0.421052631578947,"n",0.333333333333333,0.0937718472182532,2.2,17.6,24,0.0581388249819421,1,0.82,1.3,1
"518","7.6","2",0.444444444444444,"n",0.347826086956522,0.104738547949847,2,18.3,23,0.062869491373542,1,0.82,1.3,1
"519","8.2","2",0.466666666666667,"n",0.35,0.139263408796124,1.5,21.2,20,0.0786203689154736,1,0.82,1.3,1
"520","8.8","2",0.571428571428571,"n",0.421052631578947,0.157016253762352,1.2,22.2,19,0.0861347362791,1,0.82,1.3,1
"521","9.4","2",0.583333333333333,"n",0.411764705882353,0.189247109492681,0.9,24.4,17,0.101598148942839,1,0.82,1.3,1
"522","10","2",0.35,"n",0.291666666666667,0.100094859401846,2.8,22.8,24,0.107437993537192,1,0.82,1.3,1
"523","7.1","0",0,"a",0,0.0937718472182532,2.2,17.6,24,0.0581388249819421,1,0.82,1.3,1
"524","7.6","0",0,"a",0,0.104738547949847,2,18.3,23,0.062869491373542,1,0.82,1.3,1
"525","8.2","0",0,"a",0,0.139263408796124,1.5,21.2,20,0.0786203689154736,1,0.82,1.3,1
"526","8.8","0",0,"a",0,0.157016253762352,1.2,22.2,19,0.0861347362791,1,0.82,1.3,1
"527","9.4","0",0,"a",0,0.189247109492681,0.9,24.4,17,0.101598148942839,1,0.82,1.3,1
"528","10","0",0,"a",0,0.100094859401846,2.8,22.8,24,0.107437993537192,1,0.82,1.3,1
"529","7.1","1",0,"a",0,0.0937718472182532,2.2,17.6,24,0.0581388249819421,1,0.82,1.3,1
"530","7.6","1",0,"a",0,0.104738547949847,2,18.3,23,0.062869491373542,1,0.82,1.3,1
"531","8.2","1",0,"a",0,0.139263408796124,1.5,21.2,20,0.0786203689154736,1,0.82,1.3,1
"532","8.8","1",0,"a",0,0.157016253762352,1.2,22.2,19,0.0861347362791,1,0.82,1.3,1
"533","9.4","1",0,"a",0,0.189247109492681,0.9,24.4,17,0.101598148942839,1,0.82,1.3,1
"534","10","1",0,"a",0,0.100094859401846,2.8,22.8,24,0.107437993537192,1,0.82,1.3,1
"535","7.1","2",1,"a",0.208333333333333,0.0937718472182532,2.2,17.6,24,0.0581388249819421,1,0.82,1.3,1
"536","7.6","2",1,"a",0.217391304347826,0.104738547949847,2,18.3,23,0.062869491373542,1,0.82,1.3,1
"537","8.2","2",1,"a",0.25,0.139263408796124,1.5,21.2,20,0.0786203689154736,1,0.82,1.3,1
"538","8.8","2",1,"a",0.263157894736842,0.157016253762352,1.2,22.2,19,0.0861347362791,1,0.82,1.3,1
"539","9.4","2",1,"a",0.294117647058824,0.189247109492681,0.9,24.4,17,0.101598148942839,1,0.82,1.3,1
"540","10","2",1,"a",0.166666666666667,0.100094859401846,2.8,22.8,24,0.107437993537192,1,0.82,1.3,1
"541","7.1","0",0.767857142857143,"n",0.728813559322034,0.421052038864348,12.4,0,59,0.0311185908730597,0.1,1,1.3,1
"542","7.6","0",0.767857142857143,"n",0.728813559322034,0.42293598383115,13,0,59,0.0343008140850957,0.1,1,1.3,1
"543","8.2","0",0.767857142857143,"n",0.728813559322034,0.425115830180376,13.6,0,59,0.038084995079863,0.1,1,1.3,1
"544","8.8","0",0.767857142857143,"n",0.728813559322034,0.427181962577724,14.2,0,59,0.0422119616272972,0.1,1,1.3,1
"545","9.4","0",0.767857142857143,"n",0.728813559322034,0.43119148708405,15,0,59,0.0474796717069972,0.1,1,1.3,1
"546","10","0",0.767857142857143,"n",0.728813559322034,0.433730085078734,15.9,0,59,0.0536845578769371,0.1,1,1.3,1
"547","7.1","1",0.125,"n",0.11864406779661,0.421052038864348,12.4,0,59,0.0311185908730597,0.1,1,1.3,1
"548","7.6","1",0.125,"n",0.11864406779661,0.42293598383115,13,0,59,0.0343008140850957,0.1,1,1.3,1
"549","8.2","1",0.125,"n",0.11864406779661,0.425115830180376,13.6,0,59,0.038084995079863,0.1,1,1.3,1
"550","8.8","1",0.125,"n",0.11864406779661,0.427181962577724,14.2,0,59,0.0422119616272972,0.1,1,1.3,1
"551","9.4","1",0.125,"n",0.11864406779661,0.43119148708405,15,0,59,0.0474796717069972,0.1,1,1.3,1
"552","10","1",0.125,"n",0.11864406779661,0.433730085078734,15.9,0,59,0.0536845578769371,0.1,1,1.3,1
"553","7.1","2",0.107142857142857,"n",0.101694915254237,0.421052038864348,12.4,0,59,0.0311185908730597,0.1,1,1.3,1
"554","7.6","2",0.107142857142857,"n",0.101694915254237,0.42293598383115,13,0,59,0.0343008140850957,0.1,1,1.3,1
"555","8.2","2",0.107142857142857,"n",0.101694915254237,0.425115830180376,13.6,0,59,0.038084995079863,0.1,1,1.3,1
"556","8.8","2",0.107142857142857,"n",0.101694915254237,0.427181962577724,14.2,0,59,0.0422119616272972,0.1,1,1.3,1
"557","9.4","2",0.107142857142857,"n",0.101694915254237,0.43119148708405,15,0,59,0.0474796717069972,0.1,1,1.3,1
"558","10","2",0.107142857142857,"n",0.101694915254237,0.433730085078734,15.9,0,59,0.0536845578769371,0.1,1,1.3,1
"559","7.1","0",0,"a",0,0.421052038864348,12.4,0,59,0.0311185908730597,0.1,1,1.3,1
"560","7.6","0",0,"a",0,0.42293598383115,13,0,59,0.0343008140850957,0.1,1,1.3,1
"561","8.2","0",0,"a",0,0.425115830180376,13.6,0,59,0.038084995079863,0.1,1,1.3,1
"562","8.8","0",0,"a",0,0.427181962577724,14.2,0,59,0.0422119616272972,0.1,1,1.3,1
"563","9.4","0",0,"a",0,0.43119148708405,15,0,59,0.0474796717069972,0.1,1,1.3,1
"564","10","0",0,"a",0,0.433730085078734,15.9,0,59,0.0536845578769371,0.1,1,1.3,1
"565","7.1","1",0,"a",0,0.421052038864348,12.4,0,59,0.0311185908730597,0.1,1,1.3,1
"566","7.6","1",0,"a",0,0.42293598383115,13,0,59,0.0343008140850957,0.1,1,1.3,1
"567","8.2","1",0,"a",0,0.425115830180376,13.6,0,59,0.038084995079863,0.1,1,1.3,1
"568","8.8","1",0,"a",0,0.427181962577724,14.2,0,59,0.0422119616272972,0.1,1,1.3,1
"569","9.4","1",0,"a",0,0.43119148708405,15,0,59,0.0474796717069972,0.1,1,1.3,1
"570","10","1",0,"a",0,0.433730085078734,15.9,0,59,0.0536845578769371,0.1,1,1.3,1
"571","7.1","2",1,"a",0.0508474576271186,0.421052038864348,12.4,0,59,0.0311185908730597,0.1,1,1.3,1
"572","7.6","2",1,"a",0.0508474576271186,0.42293598383115,13,0,59,0.0343008140850957,0.1,1,1.3,1
"573","8.2","2",1,"a",0.0508474576271186,0.425115830180376,13.6,0,59,0.038084995079863,0.1,1,1.3,1
"574","8.8","2",1,"a",0.0508474576271186,0.427181962577724,14.2,0,59,0.0422119616272972,0.1,1,1.3,1
"575","9.4","2",1,"a",0.0508474576271186,0.43119148708405,15,0,59,0.0474796717069972,0.1,1,1.3,1
"576","10","2",1,"a",0.0508474576271186,0.433730085078734,15.9,0,59,0.0536845578769371,0.1,1,1.3,1
"577","7.1","0",0.767857142857143,"n",0.728813559322034,0.151737064245971,12.4,0,59,0.0311185908730597,0.28,1,1.3,1
"578","7.6","0",0.767857142857143,"n",0.728813559322034,0.153246192996214,13,0,59,0.0343008140850957,0.28,1,1.3,1
"579","8.2","0",0.767857142857143,"n",0.728813559322034,0.15502182193682,13.6,0,59,0.038084995079863,0.28,1,1.3,1
"580","8.8","0",0.767857142857143,"n",0.728813559322034,0.156729202513261,14.2,0,59,0.0422119616272972,0.28,1,1.3,1
"581","9.4","0",0.767857142857143,"n",0.728813559322034,0.159593380839593,15,0,59,0.0474796717069972,0.28,1,1.3,1
"582","10","0",0.767857142857143,"n",0.728813559322034,0.161684828811024,15.9,0,59,0.0536845578769371,0.28,1,1.3,1
"583","7.1","1",0.125,"n",0.11864406779661,0.151737064245971,12.4,0,59,0.0311185908730597,0.28,1,1.3,1
"584","7.6","1",0.125,"n",0.11864406779661,0.153246192996214,13,0,59,0.0343008140850957,0.28,1,1.3,1
"585","8.2","1",0.125,"n",0.11864406779661,0.15502182193682,13.6,0,59,0.038084995079863,0.28,1,1.3,1
"586","8.8","1",0.125,"n",0.11864406779661,0.156729202513261,14.2,0,59,0.0422119616272972,0.28,1,1.3,1
"587","9.4","1",0.125,"n",0.11864406779661,0.159593380839593,15,0,59,0.0474796717069972,0.28,1,1.3,1
"588","10","1",0.125,"n",0.11864406779661,0.161684828811024,15.9,0,59,0.0536845578769371,0.28,1,1.3,1
"589","7.1","2",0.107142857142857,"n",0.101694915254237,0.151737064245971,12.4,0,59,0.0311185908730597,0.28,1,1.3,1
"590","7.6","2",0.107142857142857,"n",0.101694915254237,0.153246192996214,13,0,59,0.0343008140850957,0.28,1,1.3,1
"591","8.2","2",0.107142857142857,"n",0.101694915254237,0.15502182193682,13.6,0,59,0.038084995079863,0.28,1,1.3,1
"592","8.8","2",0.107142857142857,"n",0.101694915254237,0.156729202513261,14.2,0,59,0.0422119616272972,0.28,1,1.3,1
"593","9.4","2",0.107142857142857,"n",0.101694915254237,0.159593380839593,15,0,59,0.0474796717069972,0.28,1,1.3,1
"594","10","2",0.107142857142857,"n",0.101694915254237,0.161684828811024,15.9,0,59,0.0536845578769371,0.28,1,1.3,1
"595","7.1","0",0,"a",0,0.151737064245971,12.4,0,59,0.0311185908730597,0.28,1,1.3,1
"596","7.6","0",0,"a",0,0.153246192996214,13,0,59,0.0343008140850957,0.28,1,1.3,1
"597","8.2","0",0,"a",0,0.15502182193682,13.6,0,59,0.038084995079863,0.28,1,1.3,1
"598","8.8","0",0,"a",0,0.156729202513261,14.2,0,59,0.0422119616272972,0.28,1,1.3,1
"599","9.4","0",0,"a",0,0.159593380839593,15,0,59,0.0474796717069972,0.28,1,1.3,1
"600","10","0",0,"a",0,0.161684828811024,15.9,0,59,0.0536845578769371,0.28,1,1.3,1
"601","7.1","1",0,"a",0,0.151737064245971,12.4,0,59,0.0311185908730597,0.28,1,1.3,1
"602","7.6","1",0,"a",0,0.153246192996214,13,0,59,0.0343008140850957,0.28,1,1.3,1
"603","8.2","1",0,"a",0,0.15502182193682,13.6,0,59,0.038084995079863,0.28,1,1.3,1
"604","8.8","1",0,"a",0,0.156729202513261,14.2,0,59,0.0422119616272972,0.28,1,1.3,1
"605","9.4","1",0,"a",0,0.159593380839593,15,0,59,0.0474796717069972,0.28,1,1.3,1
"606","10","1",0,"a",0,0.161684828811024,15.9,0,59,0.0536845578769371,0.28,1,1.3,1
"607","7.1","2",1,"a",0.0508474576271186,0.151737064245971,12.4,0,59,0.0311185908730597,0.28,1,1.3,1
"608","7.6","2",1,"a",0.0508474576271186,0.153246192996214,13,0,59,0.0343008140850957,0.28,1,1.3,1
"609","8.2","2",1,"a",0.0508474576271186,0.15502182193682,13.6,0,59,0.038084995079863,0.28,1,1.3,1
"610","8.8","2",1,"a",0.0508474576271186,0.156729202513261,14.2,0,59,0.0422119616272972,0.28,1,1.3,1
"611","9.4","2",1,"a",0.0508474576271186,0.159593380839593,15,0,59,0.0474796717069972,0.28,1,1.3,1
"612","10","2",1,"a",0.0508474576271186,0.161684828811024,15.9,0,59,0.0536845578769371,0.28,1,1.3,1
"613","7.1","0",0.785714285714286,"n",0.745762711864407,0.0552446579658421,12.3,0,59,0.0308423858115958,0.46,1,1.3,1
"614","7.6","0",0.785714285714286,"n",0.745762711864407,0.0561287340691719,12.9,0,59,0.0340004172000557,0.46,1,1.3,1
"615","8.2","0",0.785714285714286,"n",0.745762711864407,0.0571391656105689,13.5,0,59,0.0377567767012637,0.46,1,1.3,1
"616","8.8","0",0.785714285714286,"n",0.745762711864407,0.0581191360420325,14.1,0,59,0.0418545754388353,0.46,1,1.3,1
"617","9.4","0",0.785714285714286,"n",0.745762711864407,0.0598561134319912,14.9,0,59,0.047086836514185,0.46,1,1.3,1
"618","10","0",0.785714285714286,"n",0.745762711864407,0.0608165136717023,15.8,0,59,0.0532525310736428,0.46,1,1.3,1
"619","7.1","1",0.0892857142857143,"n",0.0847457627118644,0.0552446579658421,12.3,0,59,0.0308423858115958,0.46,1,1.3,1
"620","7.6","1",0.0892857142857143,"n",0.0847457627118644,0.0561287340691719,12.9,0,59,0.0340004172000557,0.46,1,1.3,1
"621","8.2","1",0.0892857142857143,"n",0.0847457627118644,0.0571391656105689,13.5,0,59,0.0377567767012637,0.46,1,1.3,1
"622","8.8","1",0.0892857142857143,"n",0.0847457627118644,0.0581191360420325,14.1,0,59,0.0418545754388353,0.46,1,1.3,1
"623","9.4","1",0.0892857142857143,"n",0.0847457627118644,0.0598561134319912,14.9,0,59,0.047086836514185,0.46,1,1.3,1
"624","10","1",0.0892857142857143,"n",0.0847457627118644,0.0608165136717023,15.8,0,59,0.0532525310736428,0.46,1,1.3,1
"625","7.1","2",0.125,"n",0.11864406779661,0.0552446579658421,12.3,0,59,0.0308423858115958,0.46,1,1.3,1
"626","7.6","2",0.125,"n",0.11864406779661,0.0561287340691719,12.9,0,59,0.0340004172000557,0.46,1,1.3,1
"627","8.2","2",0.125,"n",0.11864406779661,0.0571391656105689,13.5,0,59,0.0377567767012637,0.46,1,1.3,1
"628","8.8","2",0.125,"n",0.11864406779661,0.0581191360420325,14.1,0,59,0.0418545754388353,0.46,1,1.3,1
"629","9.4","2",0.125,"n",0.11864406779661,0.0598561134319912,14.9,0,59,0.047086836514185,0.46,1,1.3,1
"630","10","2",0.125,"n",0.11864406779661,0.0608165136717023,15.8,0,59,0.0532525310736428,0.46,1,1.3,1
"631","7.1","0",0,"a",0,0.0552446579658421,12.3,0,59,0.0308423858115958,0.46,1,1.3,1
"632","7.6","0",0,"a",0,0.0561287340691719,12.9,0,59,0.0340004172000557,0.46,1,1.3,1
"633","8.2","0",0,"a",0,0.0571391656105689,13.5,0,59,0.0377567767012637,0.46,1,1.3,1
"634","8.8","0",0,"a",0,0.0581191360420325,14.1,0,59,0.0418545754388353,0.46,1,1.3,1
"635","9.4","0",0,"a",0,0.0598561134319912,14.9,0,59,0.047086836514185,0.46,1,1.3,1
"636","10","0",0,"a",0,0.0608165136717023,15.8,0,59,0.0532525310736428,0.46,1,1.3,1
"637","7.1","1",0,"a",0,0.0552446579658421,12.3,0,59,0.0308423858115958,0.46,1,1.3,1
"638","7.6","1",0,"a",0,0.0561287340691719,12.9,0,59,0.0340004172000557,0.46,1,1.3,1
"639","8.2","1",0,"a",0,0.0571391656105689,13.5,0,59,0.0377567767012637,0.46,1,1.3,1
"640","8.8","1",0,"a",0,0.0581191360420325,14.1,0,59,0.0418545754388353,0.46,1,1.3,1
"641","9.4","1",0,"a",0,0.0598561134319912,14.9,0,59,0.047086836514185,0.46,1,1.3,1
"642","10","1",0,"a",0,0.0608165136717023,15.8,0,59,0.0532525310736428,0.46,1,1.3,1
"643","7.1","2",1,"a",0.0508474576271186,0.0552446579658421,12.3,0,59,0.0308423858115958,0.46,1,1.3,1
"644","7.6","2",1,"a",0.0508474576271186,0.0561287340691719,12.9,0,59,0.0340004172000557,0.46,1,1.3,1
"645","8.2","2",1,"a",0.0508474576271186,0.0571391656105689,13.5,0,59,0.0377567767012637,0.46,1,1.3,1
"646","8.8","2",1,"a",0.0508474576271186,0.0581191360420325,14.1,0,59,0.0418545754388353,0.46,1,1.3,1
"647","9.4","2",1,"a",0.0508474576271186,0.0598561134319912,14.9,0,59,0.047086836514185,0.46,1,1.3,1
"648","10","2",1,"a",0.0508474576271186,0.0608165136717023,15.8,0,59,0.0532525310736428,0.46,1,1.3,1
"649","7.1","0",0.785714285714286,"n",0.745762711864407,0.0199895733753579,12.3,0,59,0.0308423858115958,0.64,1,1.3,1
"650","7.6","0",0.785714285714286,"n",0.745762711864407,0.0204244390423715,12.9,0,59,0.0340004172000557,0.64,1,1.3,1
"651","8.2","0",0.785714285714286,"n",0.745762711864407,0.0209246837771161,13.5,0,59,0.0377567767012637,0.64,1,1.3,1
"652","8.8","0",0.785714285714286,"n",0.745762711864407,0.0214134170732599,14.1,0,59,0.0418545754388353,0.64,1,1.3,1
"653","9.4","0",0.785714285714286,"n",0.745762711864407,0.0222697772486448,14.9,0,59,0.047086836514185,0.64,1,1.3,1
"654","10","0",0.785714285714286,"n",0.745762711864407,0.0227565816938177,15.8,0,59,0.0532525310736428,0.64,1,1.3,1
"655","7.1","1",0.0892857142857143,"n",0.0847457627118644,0.0199895733753579,12.3,0,59,0.0308423858115958,0.64,1,1.3,1
"656","7.6","1",0.0892857142857143,"n",0.0847457627118644,0.0204244390423715,12.9,0,59,0.0340004172000557,0.64,1,1.3,1
"657","8.2","1",0.0892857142857143,"n",0.0847457627118644,0.0209246837771161,13.5,0,59,0.0377567767012637,0.64,1,1.3,1
"658","8.8","1",0.0892857142857143,"n",0.0847457627118644,0.0214134170732599,14.1,0,59,0.0418545754388353,0.64,1,1.3,1
"659","9.4","1",0.0892857142857143,"n",0.0847457627118644,0.0222697772486448,14.9,0,59,0.047086836514185,0.64,1,1.3,1
"660","10","1",0.0892857142857143,"n",0.0847457627118644,0.0227565816938177,15.8,0,59,0.0532525310736428,0.64,1,1.3,1
"661","7.1","2",0.125,"n",0.11864406779661,0.0199895733753579,12.3,0,59,0.0308423858115958,0.64,1,1.3,1
"662","7.6","2",0.125,"n",0.11864406779661,0.0204244390423715,12.9,0,59,0.0340004172000557,0.64,1,1.3,1
"663","8.2","2",0.125,"n",0.11864406779661,0.0209246837771161,13.5,0,59,0.0377567767012637,0.64,1,1.3,1
"664","8.8","2",0.125,"n",0.11864406779661,0.0214134170732599,14.1,0,59,0.0418545754388353,0.64,1,1.3,1
"665","9.4","2",0.125,"n",0.11864406779661,0.0222697772486448,14.9,0,59,0.047086836514185,0.64,1,1.3,1
"666","10","2",0.125,"n",0.11864406779661,0.0227565816938177,15.8,0,59,0.0532525310736428,0.64,1,1.3,1
"667","7.1","0",0,"a",0,0.0199895733753579,12.3,0,59,0.0308423858115958,0.64,1,1.3,1
"668","7.6","0",0,"a",0,0.0204244390423715,12.9,0,59,0.0340004172000557,0.64,1,1.3,1
"669","8.2","0",0,"a",0,0.0209246837771161,13.5,0,59,0.0377567767012637,0.64,1,1.3,1
"670","8.8","0",0,"a",0,0.0214134170732599,14.1,0,59,0.0418545754388353,0.64,1,1.3,1
"671","9.4","0",0,"a",0,0.0222697772486448,14.9,0,59,0.047086836514185,0.64,1,1.3,1
"672","10","0",0,"a",0,0.0227565816938177,15.8,0,59,0.0532525310736428,0.64,1,1.3,1
"673","7.1","1",0,"a",0,0.0199895733753579,12.3,0,59,0.0308423858115958,0.64,1,1.3,1
"674","7.6","1",0,"a",0,0.0204244390423715,12.9,0,59,0.0340004172000557,0.64,1,1.3,1
"675","8.2","1",0,"a",0,0.0209246837771161,13.5,0,59,0.0377567767012637,0.64,1,1.3,1
"676","8.8","1",0,"a",0,0.0214134170732599,14.1,0,59,0.0418545754388353,0.64,1,1.3,1
"677","9.4","1",0,"a",0,0.0222697772486448,14.9,0,59,0.047086836514185,0.64,1,1.3,1
"678","10","1",0,"a",0,0.0227565816938177,15.8,0,59,0.0532525310736428,0.64,1,1.3,1
"679","7.1","2",1,"a",0.0508474576271186,0.0199895733753579,12.3,0,59,0.0308423858115958,0.64,1,1.3,1
"680","7.6","2",1,"a",0.0508474576271186,0.0204244390423715,12.9,0,59,0.0340004172000557,0.64,1,1.3,1
"681","8.2","2",1,"a",0.0508474576271186,0.0209246837771161,13.5,0,59,0.0377567767012637,0.64,1,1.3,1
"682","8.8","2",1,"a",0.0508474576271186,0.0214134170732599,14.1,0,59,0.0418545754388353,0.64,1,1.3,1
"683","9.4","2",1,"a",0.0508474576271186,0.0222697772486448,14.9,0,59,0.047086836514185,0.64,1,1.3,1
"684","10","2",1,"a",0.0508474576271186,0.0227565816938177,15.8,0,59,0.0532525310736428,0.64,1,1.3,1
"685","7.1","0",0.68,"n",0.566666666666667,0.0709739836998682,3.5,15.3,30,0.0536732860357246,0.82,1,1.3,1
"686","7.6","0",0.647058823529412,"n",0.594594594594595,0.0411523464039972,5.6,12.4,37,0.0523852108857954,0.82,1,1.3,1
"687","8.2","0",0.619047619047619,"n",0.5,0.101666259347033,2.7,18.7,26,0.0715144725738188,0.82,1,1.3,1
"688","8.8","0",0.6,"n",0.545454545454545,0.0591114559088285,5,16.2,33,0.0736545834223382,0.82,1,1.3,1
"689","9.4","0",0.571428571428571,"n",0.516129032258065,0.0706005165332198,4.7,17.9,31,0.0849534336062737,0.82,1,1.3,1
"690","10","0",0.538461538461538,"n",0.482758620689655,0.0841528851697387,4.4,20.3,29,0.101598148942839,0.82,1,1.3,1
"691","7.1","1",0.04,"n",0.0333333333333333,0.0709739836998682,3.5,15.3,30,0.0536732860357246,0.82,1,1.3,1
"692","7.6","1",0.147058823529412,"n",0.135135135135135,0.0411523464039972,5.6,12.4,37,0.0523852108857954,0.82,1,1.3,1
"693","8.2","1",0.0476190476190476,"n",0.0384615384615385,0.101666259347033,2.7,18.7,26,0.0715144725738188,0.82,1,1.3,1
"694","8.8","1",0.166666666666667,"n",0.151515151515152,0.0591114559088285,5,16.2,33,0.0736545834223382,0.82,1,1.3,1
"695","9.4","1",0.178571428571429,"n",0.161290322580645,0.0706005165332198,4.7,17.9,31,0.0849534336062737,0.82,1,1.3,1
"696","10","1",0.192307692307692,"n",0.172413793103448,0.0841528851697387,4.4,20.3,29,0.101598148942839,0.82,1,1.3,1
"697","7.1","2",0.28,"n",0.233333333333333,0.0709739836998682,3.5,15.3,30,0.0536732860357246,0.82,1,1.3,1
"698","7.6","2",0.205882352941176,"n",0.189189189189189,0.0411523464039972,5.6,12.4,37,0.0523852108857954,0.82,1,1.3,1
"699","8.2","2",0.333333333333333,"n",0.269230769230769,0.101666259347033,2.7,18.7,26,0.0715144725738188,0.82,1,1.3,1
"700","8.8","2",0.233333333333333,"n",0.212121212121212,0.0591114559088285,5,16.2,33,0.0736545834223382,0.82,1,1.3,1
"701","9.4","2",0.25,"n",0.225806451612903,0.0706005165332198,4.7,17.9,31,0.0849534336062737,0.82,1,1.3,1
"702","10","2",0.269230769230769,"n",0.241379310344828,0.0841528851697387,4.4,20.3,29,0.101598148942839,0.82,1,1.3,1
"703","7.1","0",0,"a",0,0.0709739836998682,3.5,15.3,30,0.0536732860357246,0.82,1,1.3,1
"704","7.6","0",0,"a",0,0.0411523464039972,5.6,12.4,37,0.0523852108857954,0.82,1,1.3,1
"705","8.2","0",0,"a",0,0.101666259347033,2.7,18.7,26,0.0715144725738188,0.82,1,1.3,1
"706","8.8","0",0,"a",0,0.0591114559088285,5,16.2,33,0.0736545834223382,0.82,1,1.3,1
"707","9.4","0",0,"a",0,0.0706005165332198,4.7,17.9,31,0.0849534336062737,0.82,1,1.3,1
"708","10","0",0,"a",0,0.0841528851697387,4.4,20.3,29,0.101598148942839,0.82,1,1.3,1
"709","7.1","1",0,"a",0,0.0709739836998682,3.5,15.3,30,0.0536732860357246,0.82,1,1.3,1
"710","7.6","1",0,"a",0,0.0411523464039972,5.6,12.4,37,0.0523852108857954,0.82,1,1.3,1
"711","8.2","1",0,"a",0,0.101666259347033,2.7,18.7,26,0.0715144725738188,0.82,1,1.3,1
"712","8.8","1",0,"a",0,0.0591114559088285,5,16.2,33,0.0736545834223382,0.82,1,1.3,1
"713","9.4","1",0,"a",0,0.0706005165332198,4.7,17.9,31,0.0849534336062737,0.82,1,1.3,1
"714","10","1",0,"a",0,0.0841528851697387,4.4,20.3,29,0.101598148942839,0.82,1,1.3,1
"715","7.1","2",1,"a",0.166666666666667,0.0709739836998682,3.5,15.3,30,0.0536732860357246,0.82,1,1.3,1
"716","7.6","2",1,"a",0.0810810810810811,0.0411523464039972,5.6,12.4,37,0.0523852108857954,0.82,1,1.3,1
"717","8.2","2",1,"a",0.192307692307692,0.101666259347033,2.7,18.7,26,0.0715144725738188,0.82,1,1.3,1
"718","8.8","2",1,"a",0.0909090909090909,0.0591114559088285,5,16.2,33,0.0736545834223382,0.82,1,1.3,1
"719","9.4","2",1,"a",0.0967741935483871,0.0706005165332198,4.7,17.9,31,0.0849534336062737,0.82,1,1.3,1
"720","10","2",1,"a",0.103448275862069,0.0841528851697387,4.4,20.3,29,0.101598148942839,0.82,1,1.3,1
