"","Wstart","Beh","p","h","p.tot","S.cum.riv","G.riv","G.ocean","dur","Fit","yn","Bn","ka","dn0","iter_id"
"1","7.1","0",0.466666666666667,"n",0.241379310344828,0.0504366640958239,3.9,16.1,29,0.0590637549557212,1,1,1.3,0.1,16
"2","7.6","0",0.615384615384615,"n",0.296296296296296,0.0619971218557247,3.7,18.4,27,0.0720462380582391,1,1,1.3,0.1,16
"3","8.2","0",0.6,"n",0.346153846153846,0.0701732413985408,3.7,19.8,26,0.0831983826400026,1,1,1.3,0.1,16
"4","8.8","0",0.6,"n",0.375,0.0830779044614947,3.6,22.3,24,0.101598148942839,1,1,1.3,0.1,16
"5","9.4","0",0.6,"n",0.391304347826087,0.0954527818114297,3.3,23.6,23,0.112063315447455,1,1,1.3,0.1,16
"6","10","0",0.714285714285714,"n",0.535714285714286,0.0616440388059692,5.2,21.7,28,0.116076296505076,1,1,1.3,0.1,16
"7","7.1","1",0,"n",0,0.0504366640958239,3.9,16.1,29,0.0590637549557212,1,1,1.3,0.1,16
"8","7.6","1",0,"n",0,0.0619971218557247,3.7,18.4,27,0.0720462380582391,1,1,1.3,0.1,16
"9","8.2","1",0.0666666666666667,"n",0.0384615384615385,0.0701732413985408,3.7,19.8,26,0.0831983826400026,1,1,1.3,0.1,16
"10","8.8","1",0.2,"n",0.125,0.0830779044614947,3.6,22.3,24,0.101598148942839,1,1,1.3,0.1,16
"11","9.4","1",0.133333333333333,"n",0.0869565217391304,0.0954527818114297,3.3,23.6,23,0.112063315447455,1,1,1.3,0.1,16
"12","10","1",0.0476190476190476,"n",0.0357142857142857,0.0616440388059692,5.2,21.7,28,0.116076296505076,1,1,1.3,0.1,16
"13","7.1","2",0.533333333333333,"n",0.275862068965517,0.0504366640958239,3.9,16.1,29,0.0590637549557212,1,1,1.3,0.1,16
"14","7.6","2",0.384615384615385,"n",0.185185185185185,0.0619971218557247,3.7,18.4,27,0.0720462380582391,1,1,1.3,0.1,16
"15","8.2","2",0.333333333333333,"n",0.192307692307692,0.0701732413985408,3.7,19.8,26,0.0831983826400026,1,1,1.3,0.1,16
"16","8.8","2",0.2,"n",0.125,0.0830779044614947,3.6,22.3,24,0.101598148942839,1,1,1.3,0.1,16
"17","9.4","2",0.266666666666667,"n",0.173913043478261,0.0954527818114297,3.3,23.6,23,0.112063315447455,1,1,1.3,0.1,16
"18","10","2",0.238095238095238,"n",0.178571428571429,0.0616440388059692,5.2,21.7,28,0.116076296505076,1,1,1.3,0.1,16
"19","7.1","0",0.642857142857143,"a",0.310344827586207,0.0504366640958239,3.9,16.1,29,0.0590637549557212,1,1,1.3,0.1,16
"20","7.6","0",0.428571428571429,"a",0.222222222222222,0.0619971218557247,3.7,18.4,27,0.0720462380582391,1,1,1.3,0.1,16
"21","8.2","0",0.363636363636364,"a",0.153846153846154,0.0701732413985408,3.7,19.8,26,0.0831983826400026,1,1,1.3,0.1,16
"22","8.8","0",0,"a",0,0.0830779044614947,3.6,22.3,24,0.101598148942839,1,1,1.3,0.1,16
"23","9.4","0",0,"a",0,0.0954527818114297,3.3,23.6,23,0.112063315447455,1,1,1.3,0.1,16
"24","10","0",0,"a",0,0.0616440388059692,5.2,21.7,28,0.116076296505076,1,1,1.3,0.1,16
"25","7.1","1",0,"a",0,0.0504366640958239,3.9,16.1,29,0.0590637549557212,1,1,1.3,0.1,16
"26","7.6","1",0.0714285714285714,"a",0.037037037037037,0.0619971218557247,3.7,18.4,27,0.0720462380582391,1,1,1.3,0.1,16
"27","8.2","1",0,"a",0,0.0701732413985408,3.7,19.8,26,0.0831983826400026,1,1,1.3,0.1,16
"28","8.8","1",0.222222222222222,"a",0.0833333333333333,0.0830779044614947,3.6,22.3,24,0.101598148942839,1,1,1.3,0.1,16
"29","9.4","1",0.125,"a",0.0434782608695652,0.0954527818114297,3.3,23.6,23,0.112063315447455,1,1,1.3,0.1,16
"30","10","1",0,"a",0,0.0616440388059692,5.2,21.7,28,0.116076296505076,1,1,1.3,0.1,16
"31","7.1","2",0.357142857142857,"a",0.172413793103448,0.0504366640958239,3.9,16.1,29,0.0590637549557212,1,1,1.3,0.1,16
"32","7.6","2",0.5,"a",0.259259259259259,0.0619971218557247,3.7,18.4,27,0.0720462380582391,1,1,1.3,0.1,16
"33","8.2","2",0.636363636363636,"a",0.269230769230769,0.0701732413985408,3.7,19.8,26,0.0831983826400026,1,1,1.3,0.1,16
"34","8.8","2",0.777777777777778,"a",0.291666666666667,0.0830779044614947,3.6,22.3,24,0.101598148942839,1,1,1.3,0.1,16
"35","9.4","2",0.875,"a",0.304347826086957,0.0954527818114297,3.3,23.6,23,0.112063315447455,1,1,1.3,0.1,16
"36","10","2",1,"a",0.25,0.0616440388059692,5.2,21.7,28,0.116076296505076,1,1,1.3,0.1,16
"37","7.1","0",0.5,"n",0.172413793103448,0.0496619635459536,3.8,16.1,29,0.058599963332954,1,1,1.3,0.28,17
"38","7.6","0",0.428571428571429,"n",0.214285714285714,0.0566622039445762,3.6,16.8,28,0.0633571079826131,1,1,1.3,0.28,17
"39","8.2","0",0.571428571428571,"n",0.296296296296296,0.0634491059072236,3.8,19,27,0.0791843286054554,1,1,1.3,0.28,17
"40","8.8","0",0.6,"n",0.36,0.0788404009097732,3.5,20.7,25,0.0909470885326572,1,1,1.3,0.28,17
"41","9.4","0",0.6,"n",0.391304347826087,0.0954527818114297,3.3,23.6,23,0.112063315447455,1,1,1.3,0.28,17
"42","10","0",0.6,"n",0.409090909090909,0.109103669033837,2.9,24.3,22,0.118097367795968,1,1,1.3,0.28,17
"43","7.1","1",0,"n",0,0.0496619635459536,3.8,16.1,29,0.058599963332954,1,1,1.3,0.28,17
"44","7.6","1",0,"n",0,0.0566622039445762,3.6,16.8,28,0.0633571079826131,1,1,1.3,0.28,17
"45","8.2","1",0.0714285714285714,"n",0.037037037037037,0.0634491059072236,3.8,19,27,0.0791843286054554,1,1,1.3,0.28,17
"46","8.8","1",0.0666666666666667,"n",0.04,0.0788404009097732,3.5,20.7,25,0.0909470885326572,1,1,1.3,0.28,17
"47","9.4","1",0.133333333333333,"n",0.0869565217391304,0.0954527818114297,3.3,23.6,23,0.112063315447455,1,1,1.3,0.28,17
"48","10","1",0.0666666666666667,"n",0.0454545454545455,0.109103669033837,2.9,24.3,22,0.118097367795968,1,1,1.3,0.28,17
"49","7.1","2",0.5,"n",0.172413793103448,0.0496619635459536,3.8,16.1,29,0.058599963332954,1,1,1.3,0.28,17
"50","7.6","2",0.571428571428571,"n",0.285714285714286,0.0566622039445762,3.6,16.8,28,0.0633571079826131,1,1,1.3,0.28,17
"51","8.2","2",0.357142857142857,"n",0.185185185185185,0.0634491059072236,3.8,19,27,0.0791843286054554,1,1,1.3,0.28,17
"52","8.8","2",0.333333333333333,"n",0.2,0.0788404009097732,3.5,20.7,25,0.0909470885326572,1,1,1.3,0.28,17
"53","9.4","2",0.266666666666667,"n",0.173913043478261,0.0954527818114297,3.3,23.6,23,0.112063315447455,1,1,1.3,0.28,17
"54","10","2",0.333333333333333,"n",0.227272727272727,0.109103669033837,2.9,24.3,22,0.118097367795968,1,1,1.3,0.28,17
"55","7.1","0",0.578947368421053,"a",0.379310344827586,0.0496619635459536,3.8,16.1,29,0.058599963332954,1,1,1.3,0.28,17
"56","7.6","0",0.642857142857143,"a",0.321428571428571,0.0566622039445762,3.6,16.8,28,0.0633571079826131,1,1,1.3,0.28,17
"57","8.2","0",0.461538461538462,"a",0.222222222222222,0.0634491059072236,3.8,19,27,0.0791843286054554,1,1,1.3,0.28,17
"58","8.8","0",0.3,"a",0.12,0.0788404009097732,3.5,20.7,25,0.0909470885326572,1,1,1.3,0.28,17
"59","9.4","0",0,"a",0,0.0954527818114297,3.3,23.6,23,0.112063315447455,1,1,1.3,0.28,17
"60","10","0",0,"a",0,0.109103669033837,2.9,24.3,22,0.118097367795968,1,1,1.3,0.28,17
"61","7.1","1",0.0526315789473684,"a",0.0344827586206897,0.0496619635459536,3.8,16.1,29,0.058599963332954,1,1,1.3,0.28,17
"62","7.6","1",0,"a",0,0.0566622039445762,3.6,16.8,28,0.0633571079826131,1,1,1.3,0.28,17
"63","8.2","1",0,"a",0,0.0634491059072236,3.8,19,27,0.0791843286054554,1,1,1.3,0.28,17
"64","8.8","1",0,"a",0,0.0788404009097732,3.5,20.7,25,0.0909470885326572,1,1,1.3,0.28,17
"65","9.4","1",0.125,"a",0.0434782608695652,0.0954527818114297,3.3,23.6,23,0.112063315447455,1,1,1.3,0.28,17
"66","10","1",0,"a",0,0.109103669033837,2.9,24.3,22,0.118097367795968,1,1,1.3,0.28,17
"67","7.1","2",0.368421052631579,"a",0.241379310344828,0.0496619635459536,3.8,16.1,29,0.058599963332954,1,1,1.3,0.28,17
"68","7.6","2",0.357142857142857,"a",0.178571428571429,0.0566622039445762,3.6,16.8,28,0.0633571079826131,1,1,1.3,0.28,17
"69","8.2","2",0.538461538461538,"a",0.259259259259259,0.0634491059072236,3.8,19,27,0.0791843286054554,1,1,1.3,0.28,17
"70","8.8","2",0.7,"a",0.28,0.0788404009097732,3.5,20.7,25,0.0909470885326572,1,1,1.3,0.28,17
"71","9.4","2",0.875,"a",0.304347826086957,0.0954527818114297,3.3,23.6,23,0.112063315447455,1,1,1.3,0.28,17
"72","10","2",1,"a",0.318181818181818,0.109103669033837,2.9,24.3,22,0.118097367795968,1,1,1.3,0.28,17
"73","7.1","0",0,"n",0,0.0991639744872323,1.9,18.2,22,0.0595301993804354,1,1,1.3,0.46,18
"74","7.6","0",0,"n",0,0.11143585015981,1.7,18.9,21,0.0643402457574889,1,1,1.3,0.46,18
"75","8.2","0",0.5,"n",0.222222222222222,0.0632335300739995,3.6,19,27,0.078058818587529,1,1,1.3,0.46,18
"76","8.8","0",0.538461538461538,"n",0.28,0.0785627968228753,3.3,20.5,25,0.0885237743244743,1,1,1.3,0.46,18
"77","9.4","0",0.538461538461538,"n",0.304347826086957,0.0951066356025661,3.1,23.2,23,0.108094676305006,1,1,1.3,0.46,18
"78","10","0",0.6,"n",0.409090909090909,0.109103669033837,2.9,24.3,22,0.118097367795968,1,1,1.3,0.46,18
"79","7.1","1",0,"n",0,0.0991639744872323,1.9,18.2,22,0.0595301993804354,1,1,1.3,0.46,18
"80","7.6","1",0,"n",0,0.11143585015981,1.7,18.9,21,0.0643402457574889,1,1,1.3,0.46,18
"81","8.2","1",0.0833333333333333,"n",0.037037037037037,0.0632335300739995,3.6,19,27,0.078058818587529,1,1,1.3,0.46,18
"82","8.8","1",0.0769230769230769,"n",0.04,0.0785627968228753,3.3,20.5,25,0.0885237743244743,1,1,1.3,0.46,18
"83","9.4","1",0.153846153846154,"n",0.0869565217391304,0.0951066356025661,3.1,23.2,23,0.108094676305006,1,1,1.3,0.46,18
"84","10","1",0.0666666666666667,"n",0.0454545454545455,0.109103669033837,2.9,24.3,22,0.118097367795968,1,1,1.3,0.46,18
"85","7.1","2",1,"n",0.227272727272727,0.0991639744872323,1.9,18.2,22,0.0595301993804354,1,1,1.3,0.46,18
"86","7.6","2",1,"n",0.238095238095238,0.11143585015981,1.7,18.9,21,0.0643402457574889,1,1,1.3,0.46,18
"87","8.2","2",0.416666666666667,"n",0.185185185185185,0.0632335300739995,3.6,19,27,0.078058818587529,1,1,1.3,0.46,18
"88","8.8","2",0.384615384615385,"n",0.2,0.0785627968228753,3.3,20.5,25,0.0885237743244743,1,1,1.3,0.46,18
"89","9.4","2",0.307692307692308,"n",0.173913043478261,0.0951066356025661,3.1,23.2,23,0.108094676305006,1,1,1.3,0.46,18
"90","10","2",0.333333333333333,"n",0.227272727272727,0.109103669033837,2.9,24.3,22,0.118097367795968,1,1,1.3,0.46,18
"91","7.1","0",0.529411764705882,"a",0.409090909090909,0.0991639744872323,1.9,18.2,22,0.0595301993804354,1,1,1.3,0.46,18
"92","7.6","0",0.5,"a",0.380952380952381,0.11143585015981,1.7,18.9,21,0.0643402457574889,1,1,1.3,0.46,18
"93","8.2","0",0.533333333333333,"a",0.296296296296296,0.0632335300739995,3.6,19,27,0.078058818587529,1,1,1.3,0.46,18
"94","8.8","0",0.416666666666667,"a",0.2,0.0785627968228753,3.3,20.5,25,0.0885237743244743,1,1,1.3,0.46,18
"95","9.4","0",0.2,"a",0.0869565217391304,0.0951066356025661,3.1,23.2,23,0.108094676305006,1,1,1.3,0.46,18
"96","10","0",0,"a",0,0.109103669033837,2.9,24.3,22,0.118097367795968,1,1,1.3,0.46,18
"97","7.1","1",0.0588235294117647,"a",0.0454545454545455,0.0991639744872323,1.9,18.2,22,0.0595301993804354,1,1,1.3,0.46,18
"98","7.6","1",0.0625,"a",0.0476190476190476,0.11143585015981,1.7,18.9,21,0.0643402457574889,1,1,1.3,0.46,18
"99","8.2","1",0,"a",0,0.0632335300739995,3.6,19,27,0.078058818587529,1,1,1.3,0.46,18
"100","8.8","1",0,"a",0,0.0785627968228753,3.3,20.5,25,0.0885237743244743,1,1,1.3,0.46,18
"101","9.4","1",0.1,"a",0.0434782608695652,0.0951066356025661,3.1,23.2,23,0.108094676305006,1,1,1.3,0.46,18
"102","10","1",0,"a",0,0.109103669033837,2.9,24.3,22,0.118097367795968,1,1,1.3,0.46,18
"103","7.1","2",0.411764705882353,"a",0.318181818181818,0.0991639744872323,1.9,18.2,22,0.0595301993804354,1,1,1.3,0.46,18
"104","7.6","2",0.4375,"a",0.333333333333333,0.11143585015981,1.7,18.9,21,0.0643402457574889,1,1,1.3,0.46,18
"105","8.2","2",0.466666666666667,"a",0.259259259259259,0.0632335300739995,3.6,19,27,0.078058818587529,1,1,1.3,0.46,18
"106","8.8","2",0.583333333333333,"a",0.28,0.0785627968228753,3.3,20.5,25,0.0885237743244743,1,1,1.3,0.46,18
"107","9.4","2",0.7,"a",0.304347826086957,0.0951066356025661,3.1,23.2,23,0.108094676305006,1,1,1.3,0.46,18
"108","10","2",1,"a",0.318181818181818,0.109103669033837,2.9,24.3,22,0.118097367795968,1,1,1.3,0.46,18
"109","7.1","0",0,"n",0,0.0991639744872323,1.9,18.2,22,0.0595301993804354,1,1,1.3,0.64,19
"110","7.6","0",0,"n",0,0.11143585015981,1.7,18.9,21,0.0643402457574889,1,1,1.3,0.64,19
"111","8.2","0",0,"n",0,0.125333748668099,1.5,21.2,20,0.0786203689154736,1,1,1.3,0.64,19
"112","8.8","0",0.4,"n",0.16,0.0782066558429145,3,20.4,25,0.0861347362791,1,1,1.3,0.64,19
"113","9.4","0",0.5,"n",0.25,0.0879586362259677,3,22.3,24,0.101598148942839,1,1,1.3,0.64,19
"114","10","0",0.571428571428571,"n",0.347826086956522,0.0987487923246611,3,23.7,23,0.114734110056427,1,1,1.3,0.64,19
"115","7.1","1",0,"n",0,0.0991639744872323,1.9,18.2,22,0.0595301993804354,1,1,1.3,0.64,19
"116","7.6","1",0,"n",0,0.11143585015981,1.7,18.9,21,0.0643402457574889,1,1,1.3,0.64,19
"117","8.2","1",0,"n",0,0.125333748668099,1.5,21.2,20,0.0786203689154736,1,1,1.3,0.64,19
"118","8.8","1",0.1,"n",0.04,0.0782066558429145,3,20.4,25,0.0861347362791,1,1,1.3,0.64,19
"119","9.4","1",0.0833333333333333,"n",0.0416666666666667,0.0879586362259677,3,22.3,24,0.101598148942839,1,1,1.3,0.64,19
"120","10","1",0.0714285714285714,"n",0.0434782608695652,0.0987487923246611,3,23.7,23,0.114734110056427,1,1,1.3,0.64,19
"121","7.1","2",1,"n",0.227272727272727,0.0991639744872323,1.9,18.2,22,0.0595301993804354,1,1,1.3,0.64,19
"122","7.6","2",1,"n",0.238095238095238,0.11143585015981,1.7,18.9,21,0.0643402457574889,1,1,1.3,0.64,19
"123","8.2","2",1,"n",0.25,0.125333748668099,1.5,21.2,20,0.0786203689154736,1,1,1.3,0.64,19
"124","8.8","2",0.5,"n",0.2,0.0782066558429145,3,20.4,25,0.0861347362791,1,1,1.3,0.64,19
"125","9.4","2",0.416666666666667,"n",0.208333333333333,0.0879586362259677,3,22.3,24,0.101598148942839,1,1,1.3,0.64,19
"126","10","2",0.357142857142857,"n",0.217391304347826,0.0987487923246611,3,23.7,23,0.114734110056427,1,1,1.3,0.64,19
"127","7.1","0",0.529411764705882,"a",0.409090909090909,0.0991639744872323,1.9,18.2,22,0.0595301993804354,1,1,1.3,0.64,19
"128","7.6","0",0.5,"a",0.380952380952381,0.11143585015981,1.7,18.9,21,0.0643402457574889,1,1,1.3,0.64,19
"129","8.2","0",0.466666666666667,"a",0.35,0.125333748668099,1.5,21.2,20,0.0786203689154736,1,1,1.3,0.64,19
"130","8.8","0",0.533333333333333,"a",0.32,0.0782066558429145,3,20.4,25,0.0861347362791,1,1,1.3,0.64,19
"131","9.4","0",0.416666666666667,"a",0.208333333333333,0.0879586362259677,3,22.3,24,0.101598148942839,1,1,1.3,0.64,19
"132","10","0",0.222222222222222,"a",0.0869565217391304,0.0987487923246611,3,23.7,23,0.114734110056427,1,1,1.3,0.64,19
"133","7.1","1",0.0588235294117647,"a",0.0454545454545455,0.0991639744872323,1.9,18.2,22,0.0595301993804354,1,1,1.3,0.64,19
"134","7.6","1",0.0625,"a",0.0476190476190476,0.11143585015981,1.7,18.9,21,0.0643402457574889,1,1,1.3,0.64,19
"135","8.2","1",0.0666666666666667,"a",0.05,0.125333748668099,1.5,21.2,20,0.0786203689154736,1,1,1.3,0.64,19
"136","8.8","1",0,"a",0,0.0782066558429145,3,20.4,25,0.0861347362791,1,1,1.3,0.64,19
"137","9.4","1",0,"a",0,0.0879586362259677,3,22.3,24,0.101598148942839,1,1,1.3,0.64,19
"138","10","1",0,"a",0,0.0987487923246611,3,23.7,23,0.114734110056427,1,1,1.3,0.64,19
"139","7.1","2",0.411764705882353,"a",0.318181818181818,0.0991639744872323,1.9,18.2,22,0.0595301993804354,1,1,1.3,0.64,19
"140","7.6","2",0.4375,"a",0.333333333333333,0.11143585015981,1.7,18.9,21,0.0643402457574889,1,1,1.3,0.64,19
"141","8.2","2",0.466666666666667,"a",0.35,0.125333748668099,1.5,21.2,20,0.0786203689154736,1,1,1.3,0.64,19
"142","8.8","2",0.466666666666667,"a",0.28,0.0782066558429145,3,20.4,25,0.0861347362791,1,1,1.3,0.64,19
"143","9.4","2",0.583333333333333,"a",0.291666666666667,0.0879586362259677,3,22.3,24,0.101598148942839,1,1,1.3,0.64,19
"144","10","2",0.777777777777778,"a",0.304347826086957,0.0987487923246611,3,23.7,23,0.114734110056427,1,1,1.3,0.64,19
"145","7.1","0",0,"n",0,0.0991639744872323,1.9,18.2,22,0.0595301993804354,1,1,1.3,0.82,20
"146","7.6","0",0,"n",0,0.11143585015981,1.7,18.9,21,0.0643402457574889,1,1,1.3,0.82,20
"147","8.2","0",0,"n",0,0.125333748668099,1.5,21.2,20,0.0786203689154736,1,1,1.3,0.82,20
"148","8.8","0",0,"n",0,0.155321754782881,1.1,22.5,18,0.0873248968312143,1,1,1.3,0.82,20
"149","9.4","0",0,"n",0,0.173859600605168,0.9,24.4,17,0.101598148942839,1,1,1.3,0.82,20
"150","10","0",0.454545454545455,"n",0.217391304347826,0.0983129361237073,2.7,23.6,23,0.112063315447455,1,1,1.3,0.82,20
"151","7.1","1",0,"n",0,0.0991639744872323,1.9,18.2,22,0.0595301993804354,1,1,1.3,0.82,20
"152","7.6","1",0,"n",0,0.11143585015981,1.7,18.9,21,0.0643402457574889,1,1,1.3,0.82,20
"153","8.2","1",0,"n",0,0.125333748668099,1.5,21.2,20,0.0786203689154736,1,1,1.3,0.82,20
"154","8.8","1",0,"n",0,0.155321754782881,1.1,22.5,18,0.0873248968312143,1,1,1.3,0.82,20
"155","9.4","1",0,"n",0,0.173859600605168,0.9,24.4,17,0.101598148942839,1,1,1.3,0.82,20
"156","10","1",0.0909090909090909,"n",0.0434782608695652,0.0983129361237073,2.7,23.6,23,0.112063315447455,1,1,1.3,0.82,20
"157","7.1","2",1,"n",0.227272727272727,0.0991639744872323,1.9,18.2,22,0.0595301993804354,1,1,1.3,0.82,20
"158","7.6","2",1,"n",0.238095238095238,0.11143585015981,1.7,18.9,21,0.0643402457574889,1,1,1.3,0.82,20
"159","8.2","2",1,"n",0.25,0.125333748668099,1.5,21.2,20,0.0786203689154736,1,1,1.3,0.82,20
"160","8.8","2",1,"n",0.277777777777778,0.155321754782881,1.1,22.5,18,0.0873248968312143,1,1,1.3,0.82,20
"161","9.4","2",1,"n",0.294117647058824,0.173859600605168,0.9,24.4,17,0.101598148942839,1,1,1.3,0.82,20
"162","10","2",0.454545454545455,"n",0.217391304347826,0.0983129361237073,2.7,23.6,23,0.112063315447455,1,1,1.3,0.82,20
"163","7.1","0",0.529411764705882,"a",0.409090909090909,0.0991639744872323,1.9,18.2,22,0.0595301993804354,1,1,1.3,0.82,20
"164","7.6","0",0.5,"a",0.380952380952381,0.11143585015981,1.7,18.9,21,0.0643402457574889,1,1,1.3,0.82,20
"165","8.2","0",0.466666666666667,"a",0.35,0.125333748668099,1.5,21.2,20,0.0786203689154736,1,1,1.3,0.82,20
"166","8.8","0",0.384615384615385,"a",0.277777777777778,0.155321754782881,1.1,22.5,18,0.0873248968312143,1,1,1.3,0.82,20
"167","9.4","0",0.333333333333333,"a",0.235294117647059,0.173859600605168,0.9,24.4,17,0.101598148942839,1,1,1.3,0.82,20
"168","10","0",0.416666666666667,"a",0.217391304347826,0.0983129361237073,2.7,23.6,23,0.112063315447455,1,1,1.3,0.82,20
"169","7.1","1",0.0588235294117647,"a",0.0454545454545455,0.0991639744872323,1.9,18.2,22,0.0595301993804354,1,1,1.3,0.82,20
"170","7.6","1",0.0625,"a",0.0476190476190476,0.11143585015981,1.7,18.9,21,0.0643402457574889,1,1,1.3,0.82,20
"171","8.2","1",0.0666666666666667,"a",0.05,0.125333748668099,1.5,21.2,20,0.0786203689154736,1,1,1.3,0.82,20
"172","8.8","1",0.0769230769230769,"a",0.0555555555555556,0.155321754782881,1.1,22.5,18,0.0873248968312143,1,1,1.3,0.82,20
"173","9.4","1",0.0833333333333333,"a",0.0588235294117647,0.173859600605168,0.9,24.4,17,0.101598148942839,1,1,1.3,0.82,20
"174","10","1",0,"a",0,0.0983129361237073,2.7,23.6,23,0.112063315447455,1,1,1.3,0.82,20
"175","7.1","2",0.411764705882353,"a",0.318181818181818,0.0991639744872323,1.9,18.2,22,0.0595301993804354,1,1,1.3,0.82,20
"176","7.6","2",0.4375,"a",0.333333333333333,0.11143585015981,1.7,18.9,21,0.0643402457574889,1,1,1.3,0.82,20
"177","8.2","2",0.466666666666667,"a",0.35,0.125333748668099,1.5,21.2,20,0.0786203689154736,1,1,1.3,0.82,20
"178","8.8","2",0.538461538461538,"a",0.388888888888889,0.155321754782881,1.1,22.5,18,0.0873248968312143,1,1,1.3,0.82,20
"179","9.4","2",0.583333333333333,"a",0.411764705882353,0.173859600605168,0.9,24.4,17,0.101598148942839,1,1,1.3,0.82,20
"180","10","2",0.583333333333333,"a",0.304347826086957,0.0983129361237073,2.7,23.6,23,0.112063315447455,1,1,1.3,0.82,20
"181","7.1","0",0.2,"n",0.133333333333333,0.202794793464586,0.4,19.6,15,0.0590637549557212,1,1,0.9,1,11
"182","7.6","0",0,"n",0,0.251340879661293,0.0999999999999996,20.5,13,0.0633571079826131,1,1,0.9,1,11
"183","8.2","0",0.375,"n",0.3,0.121466935623447,1.4,20.7,20,0.0736545834223382,1,1,0.9,1,11
"184","8.8","0",0.428571428571429,"n",0.315789473684211,0.139599647909229,1.2,21.7,19,0.0808905333153078,1,1,0.9,1,11
"185","9.4","0",0.384615384615385,"n",0.277777777777778,0.156441696290062,1,22.6,18,0.0885237743244743,1,1,0.9,1,11
"186","10","0",0.230769230769231,"n",0.176470588235294,0.170959652848917,0.799999999999999,24.7,17,0.104828335740565,1,1,0.9,1,11
"187","7.1","1",0,"n",0,0.202794793464586,0.4,19.6,15,0.0590637549557212,1,1,0.9,1,11
"188","7.6","1",0,"n",0,0.251340879661293,0.0999999999999996,20.5,13,0.0633571079826131,1,1,0.9,1,11
"189","8.2","1",0.1875,"n",0.15,0.121466935623447,1.4,20.7,20,0.0736545834223382,1,1,0.9,1,11
"190","8.8","1",0.0714285714285714,"n",0.0526315789473684,0.139599647909229,1.2,21.7,19,0.0808905333153078,1,1,0.9,1,11
"191","9.4","1",0.0769230769230769,"n",0.0555555555555556,0.156441696290062,1,22.6,18,0.0885237743244743,1,1,0.9,1,11
"192","10","1",0.230769230769231,"n",0.176470588235294,0.170959652848917,0.799999999999999,24.7,17,0.104828335740565,1,1,0.9,1,11
"193","7.1","2",0.8,"n",0.533333333333333,0.202794793464586,0.4,19.6,15,0.0590637549557212,1,1,0.9,1,11
"194","7.6","2",1,"n",0.615384615384615,0.251340879661293,0.0999999999999996,20.5,13,0.0633571079826131,1,1,0.9,1,11
"195","8.2","2",0.4375,"n",0.35,0.121466935623447,1.4,20.7,20,0.0736545834223382,1,1,0.9,1,11
"196","8.8","2",0.5,"n",0.368421052631579,0.139599647909229,1.2,21.7,19,0.0808905333153078,1,1,0.9,1,11
"197","9.4","2",0.538461538461538,"n",0.388888888888889,0.156441696290062,1,22.6,18,0.0885237743244743,1,1,0.9,1,11
"198","10","2",0.538461538461538,"n",0.411764705882353,0.170959652848917,0.799999999999999,24.7,17,0.104828335740565,1,1,0.9,1,11
"199","7.1","0",0,"a",0,0.202794793464586,0.4,19.6,15,0.0590637549557212,1,1,0.9,1,11
"200","7.6","0",0,"a",0,0.251340879661293,0.0999999999999996,20.5,13,0.0633571079826131,1,1,0.9,1,11
"201","8.2","0",0,"a",0,0.121466935623447,1.4,20.7,20,0.0736545834223382,1,1,0.9,1,11
"202","8.8","0",0,"a",0,0.139599647909229,1.2,21.7,19,0.0808905333153078,1,1,0.9,1,11
"203","9.4","0",0,"a",0,0.156441696290062,1,22.6,18,0.0885237743244743,1,1,0.9,1,11
"204","10","0",0,"a",0,0.170959652848917,0.799999999999999,24.7,17,0.104828335740565,1,1,0.9,1,11
"205","7.1","1",0,"a",0,0.202794793464586,0.4,19.6,15,0.0590637549557212,1,1,0.9,1,11
"206","7.6","1",0,"a",0,0.251340879661293,0.0999999999999996,20.5,13,0.0633571079826131,1,1,0.9,1,11
"207","8.2","1",0,"a",0,0.121466935623447,1.4,20.7,20,0.0736545834223382,1,1,0.9,1,11
"208","8.8","1",0,"a",0,0.139599647909229,1.2,21.7,19,0.0808905333153078,1,1,0.9,1,11
"209","9.4","1",0,"a",0,0.156441696290062,1,22.6,18,0.0885237743244743,1,1,0.9,1,11
"210","10","1",0,"a",0,0.170959652848917,0.799999999999999,24.7,17,0.104828335740565,1,1,0.9,1,11
"211","7.1","2",1,"a",0.333333333333333,0.202794793464586,0.4,19.6,15,0.0590637549557212,1,1,0.9,1,11
"212","7.6","2",1,"a",0.384615384615385,0.251340879661293,0.0999999999999996,20.5,13,0.0633571079826131,1,1,0.9,1,11
"213","8.2","2",1,"a",0.2,0.121466935623447,1.4,20.7,20,0.0736545834223382,1,1,0.9,1,11
"214","8.8","2",1,"a",0.263157894736842,0.139599647909229,1.2,21.7,19,0.0808905333153078,1,1,0.9,1,11
"215","9.4","2",1,"a",0.277777777777778,0.156441696290062,1,22.6,18,0.0885237743244743,1,1,0.9,1,11
"216","10","2",1,"a",0.235294117647059,0.170959652848917,0.799999999999999,24.7,17,0.104828335740565,1,1,0.9,1,11
"217","7.1","0",0.6,"n",0.409090909090909,0.0988401335587552,1.9,18.2,22,0.0595301993804354,1,1,0.98,1,12
"218","7.6","0",0.5,"n",0.380952380952381,0.112306149272445,1.6,18.9,21,0.0638473605521784,1,1,0.98,1,12
"219","8.2","0",0.466666666666667,"n",0.35,0.124872020794132,1.4,21.2,20,0.0786203689154736,1,1,0.98,1,12
"220","8.8","0",0.384615384615385,"n",0.277777777777778,0.1544943948352,1,22.5,18,0.0873248968312143,1,1,0.98,1,12
"221","9.4","0",0.333333333333333,"n",0.235294117647059,0.172221083046618,0.799999999999999,24.4,17,0.101598148942839,1,1,0.98,1,12
"222","10","0",0,"n",0,0.175100744148992,0.800000000000001,24.7,17,0.104828335740565,1,1,0.98,1,12
"223","7.1","1",0.0666666666666667,"n",0.0454545454545455,0.0988401335587552,1.9,18.2,22,0.0595301993804354,1,1,0.98,1,12
"224","7.6","1",0,"n",0,0.112306149272445,1.6,18.9,21,0.0638473605521784,1,1,0.98,1,12
"225","8.2","1",0,"n",0,0.124872020794132,1.4,21.2,20,0.0786203689154736,1,1,0.98,1,12
"226","8.8","1",0,"n",0,0.1544943948352,1,22.5,18,0.0873248968312143,1,1,0.98,1,12
"227","9.4","1",0,"n",0,0.172221083046618,0.799999999999999,24.4,17,0.101598148942839,1,1,0.98,1,12
"228","10","1",0,"n",0,0.175100744148992,0.800000000000001,24.7,17,0.104828335740565,1,1,0.98,1,12
"229","7.1","2",0.333333333333333,"n",0.227272727272727,0.0988401335587552,1.9,18.2,22,0.0595301993804354,1,1,0.98,1,12
"230","7.6","2",0.5,"n",0.380952380952381,0.112306149272445,1.6,18.9,21,0.0638473605521784,1,1,0.98,1,12
"231","8.2","2",0.533333333333333,"n",0.4,0.124872020794132,1.4,21.2,20,0.0786203689154736,1,1,0.98,1,12
"232","8.8","2",0.615384615384615,"n",0.444444444444444,0.1544943948352,1,22.5,18,0.0873248968312143,1,1,0.98,1,12
"233","9.4","2",0.666666666666667,"n",0.470588235294118,0.172221083046618,0.799999999999999,24.4,17,0.101598148942839,1,1,0.98,1,12
"234","10","2",1,"n",0.470588235294118,0.175100744148992,0.800000000000001,24.7,17,0.104828335740565,1,1,0.98,1,12
"235","7.1","0",0,"a",0,0.0988401335587552,1.9,18.2,22,0.0595301993804354,1,1,0.98,1,12
"236","7.6","0",0,"a",0,0.112306149272445,1.6,18.9,21,0.0638473605521784,1,1,0.98,1,12
"237","8.2","0",0,"a",0,0.124872020794132,1.4,21.2,20,0.0786203689154736,1,1,0.98,1,12
"238","8.8","0",0,"a",0,0.1544943948352,1,22.5,18,0.0873248968312143,1,1,0.98,1,12
"239","9.4","0",0,"a",0,0.172221083046618,0.799999999999999,24.4,17,0.101598148942839,1,1,0.98,1,12
"240","10","0",0.444444444444444,"a",0.235294117647059,0.175100744148992,0.800000000000001,24.7,17,0.104828335740565,1,1,0.98,1,12
"241","7.1","1",0,"a",0,0.0988401335587552,1.9,18.2,22,0.0595301993804354,1,1,0.98,1,12
"242","7.6","1",0,"a",0,0.112306149272445,1.6,18.9,21,0.0638473605521784,1,1,0.98,1,12
"243","8.2","1",0.2,"a",0.05,0.124872020794132,1.4,21.2,20,0.0786203689154736,1,1,0.98,1,12
"244","8.8","1",0.2,"a",0.0555555555555556,0.1544943948352,1,22.5,18,0.0873248968312143,1,1,0.98,1,12
"245","9.4","1",0.2,"a",0.0588235294117647,0.172221083046618,0.799999999999999,24.4,17,0.101598148942839,1,1,0.98,1,12
"246","10","1",0.111111111111111,"a",0.0588235294117647,0.175100744148992,0.800000000000001,24.7,17,0.104828335740565,1,1,0.98,1,12
"247","7.1","2",1,"a",0.318181818181818,0.0988401335587552,1.9,18.2,22,0.0595301993804354,1,1,0.98,1,12
"248","7.6","2",1,"a",0.238095238095238,0.112306149272445,1.6,18.9,21,0.0638473605521784,1,1,0.98,1,12
"249","8.2","2",0.8,"a",0.2,0.124872020794132,1.4,21.2,20,0.0786203689154736,1,1,0.98,1,12
"250","8.8","2",0.8,"a",0.222222222222222,0.1544943948352,1,22.5,18,0.0873248968312143,1,1,0.98,1,12
"251","9.4","2",0.8,"a",0.235294117647059,0.172221083046618,0.799999999999999,24.4,17,0.101598148942839,1,1,0.98,1,12
"252","10","2",0.444444444444444,"a",0.235294117647059,0.175100744148992,0.800000000000001,24.7,17,0.104828335740565,1,1,0.98,1,12
"253","7.1","0",0.6,"n",0.409090909090909,0.0988401335587552,1.9,18.2,22,0.0595301993804354,1,1,1.06,1,13
"254","7.6","0",0.5,"n",0.380952380952381,0.112306149272445,1.6,18.9,21,0.0638473605521784,1,1,1.06,1,13
"255","8.2","0",0.538461538461538,"n",0.35,0.125055212163871,1.5,21.2,20,0.0786203689154736,1,1,1.06,1,13
"256","8.8","0",0,"n",0,0.155321754782881,1.1,22.5,18,0.0873248968312143,1,1,1.06,1,13
"257","9.4","0",0,"n",0,0.173859600605168,0.9,24.4,17,0.101598148942839,1,1,1.06,1,13
"258","10","0",0,"n",0,0.194247847617525,0.699999999999999,25.7,16,0.112729240671452,1,1,1.06,1,13
"259","7.1","1",0.0666666666666667,"n",0.0454545454545455,0.0988401335587552,1.9,18.2,22,0.0595301993804354,1,1,1.06,1,13
"260","7.6","1",0,"n",0,0.112306149272445,1.6,18.9,21,0.0638473605521784,1,1,1.06,1,13
"261","8.2","1",0.0769230769230769,"n",0.05,0.125055212163871,1.5,21.2,20,0.0786203689154736,1,1,1.06,1,13
"262","8.8","1",0,"n",0,0.155321754782881,1.1,22.5,18,0.0873248968312143,1,1,1.06,1,13
"263","9.4","1",0,"n",0,0.173859600605168,0.9,24.4,17,0.101598148942839,1,1,1.06,1,13
"264","10","1",0,"n",0,0.194247847617525,0.699999999999999,25.7,16,0.112729240671452,1,1,1.06,1,13
"265","7.1","2",0.333333333333333,"n",0.227272727272727,0.0988401335587552,1.9,18.2,22,0.0595301993804354,1,1,1.06,1,13
"266","7.6","2",0.5,"n",0.380952380952381,0.112306149272445,1.6,18.9,21,0.0638473605521784,1,1,1.06,1,13
"267","8.2","2",0.384615384615385,"n",0.25,0.125055212163871,1.5,21.2,20,0.0786203689154736,1,1,1.06,1,13
"268","8.8","2",1,"n",0.277777777777778,0.155321754782881,1.1,22.5,18,0.0873248968312143,1,1,1.06,1,13
"269","9.4","2",1,"n",0.294117647058824,0.173859600605168,0.9,24.4,17,0.101598148942839,1,1,1.06,1,13
"270","10","2",1,"n",0.3125,0.194247847617525,0.699999999999999,25.7,16,0.112729240671452,1,1,1.06,1,13
"271","7.1","0",0,"a",0,0.0988401335587552,1.9,18.2,22,0.0595301993804354,1,1,1.06,1,13
"272","7.6","0",0,"a",0,0.112306149272445,1.6,18.9,21,0.0638473605521784,1,1,1.06,1,13
"273","8.2","0",0,"a",0,0.125055212163871,1.5,21.2,20,0.0786203689154736,1,1,1.06,1,13
"274","8.8","0",0.384615384615385,"a",0.277777777777778,0.155321754782881,1.1,22.5,18,0.0873248968312143,1,1,1.06,1,13
"275","9.4","0",0.333333333333333,"a",0.235294117647059,0.173859600605168,0.9,24.4,17,0.101598148942839,1,1,1.06,1,13
"276","10","0",0.272727272727273,"a",0.1875,0.194247847617525,0.699999999999999,25.7,16,0.112729240671452,1,1,1.06,1,13
"277","7.1","1",0,"a",0,0.0988401335587552,1.9,18.2,22,0.0595301993804354,1,1,1.06,1,13
"278","7.6","1",0,"a",0,0.112306149272445,1.6,18.9,21,0.0638473605521784,1,1,1.06,1,13
"279","8.2","1",0,"a",0,0.125055212163871,1.5,21.2,20,0.0786203689154736,1,1,1.06,1,13
"280","8.8","1",0.0769230769230769,"a",0.0555555555555556,0.155321754782881,1.1,22.5,18,0.0873248968312143,1,1,1.06,1,13
"281","9.4","1",0.0833333333333333,"a",0.0588235294117647,0.173859600605168,0.9,24.4,17,0.101598148942839,1,1,1.06,1,13
"282","10","1",0.0909090909090909,"a",0.0625,0.194247847617525,0.699999999999999,25.7,16,0.112729240671452,1,1,1.06,1,13
"283","7.1","2",1,"a",0.318181818181818,0.0988401335587552,1.9,18.2,22,0.0595301993804354,1,1,1.06,1,13
"284","7.6","2",1,"a",0.238095238095238,0.112306149272445,1.6,18.9,21,0.0638473605521784,1,1,1.06,1,13
"285","8.2","2",1,"a",0.35,0.125055212163871,1.5,21.2,20,0.0786203689154736,1,1,1.06,1,13
"286","8.8","2",0.538461538461538,"a",0.388888888888889,0.155321754782881,1.1,22.5,18,0.0873248968312143,1,1,1.06,1,13
"287","9.4","2",0.583333333333333,"a",0.411764705882353,0.173859600605168,0.9,24.4,17,0.101598148942839,1,1,1.06,1,13
"288","10","2",0.636363636363636,"a",0.4375,0.194247847617525,0.699999999999999,25.7,16,0.112729240671452,1,1,1.06,1,13
"289","7.1","0",0.6,"n",0.409090909090909,0.0988401335587552,1.9,18.2,22,0.0595301993804354,1,1,1.14,1,14
"290","7.6","0",0,"n",0,0.111292557127591,1.7,18.9,21,0.0643402457574889,1,1,1.14,1,14
"291","8.2","0",0,"n",0,0.125333748668099,1.5,21.2,20,0.0786203689154736,1,1,1.14,1,14
"292","8.8","0",0,"n",0,0.155321754782881,1.1,22.5,18,0.0873248968312143,1,1,1.14,1,14
"293","9.4","0",0,"n",0,0.173859600605168,0.9,24.4,17,0.101598148942839,1,1,1.14,1,14
"294","10","0",0,"n",0,0.194247847617525,0.699999999999999,25.7,16,0.112729240671452,1,1,1.14,1,14
"295","7.1","1",0.0666666666666667,"n",0.0454545454545455,0.0988401335587552,1.9,18.2,22,0.0595301993804354,1,1,1.14,1,14
"296","7.6","1",0,"n",0,0.111292557127591,1.7,18.9,21,0.0643402457574889,1,1,1.14,1,14
"297","8.2","1",0,"n",0,0.125333748668099,1.5,21.2,20,0.0786203689154736,1,1,1.14,1,14
"298","8.8","1",0,"n",0,0.155321754782881,1.1,22.5,18,0.0873248968312143,1,1,1.14,1,14
"299","9.4","1",0,"n",0,0.173859600605168,0.9,24.4,17,0.101598148942839,1,1,1.14,1,14
"300","10","1",0,"n",0,0.194247847617525,0.699999999999999,25.7,16,0.112729240671452,1,1,1.14,1,14
"301","7.1","2",0.333333333333333,"n",0.227272727272727,0.0988401335587552,1.9,18.2,22,0.0595301993804354,1,1,1.14,1,14
"302","7.6","2",1,"n",0.238095238095238,0.111292557127591,1.7,18.9,21,0.0643402457574889,1,1,1.14,1,14
"303","8.2","2",1,"n",0.25,0.125333748668099,1.5,21.2,20,0.0786203689154736,1,1,1.14,1,14
"304","8.8","2",1,"n",0.277777777777778,0.155321754782881,1.1,22.5,18,0.0873248968312143,1,1,1.14,1,14
"305","9.4","2",1,"n",0.294117647058824,0.173859600605168,0.9,24.4,17,0.101598148942839,1,1,1.14,1,14
"306","10","2",1,"n",0.3125,0.194247847617525,0.699999999999999,25.7,16,0.112729240671452,1,1,1.14,1,14
"307","7.1","0",0,"a",0,0.0988401335587552,1.9,18.2,22,0.0595301993804354,1,1,1.14,1,14
"308","7.6","0",0.5,"a",0.380952380952381,0.111292557127591,1.7,18.9,21,0.0643402457574889,1,1,1.14,1,14
"309","8.2","0",0.466666666666667,"a",0.35,0.125333748668099,1.5,21.2,20,0.0786203689154736,1,1,1.14,1,14
"310","8.8","0",0.384615384615385,"a",0.277777777777778,0.155321754782881,1.1,22.5,18,0.0873248968312143,1,1,1.14,1,14
"311","9.4","0",0.333333333333333,"a",0.235294117647059,0.173859600605168,0.9,24.4,17,0.101598148942839,1,1,1.14,1,14
"312","10","0",0.272727272727273,"a",0.1875,0.194247847617525,0.699999999999999,25.7,16,0.112729240671452,1,1,1.14,1,14
"313","7.1","1",0,"a",0,0.0988401335587552,1.9,18.2,22,0.0595301993804354,1,1,1.14,1,14
"314","7.6","1",0.0625,"a",0.0476190476190476,0.111292557127591,1.7,18.9,21,0.0643402457574889,1,1,1.14,1,14
"315","8.2","1",0.0666666666666667,"a",0.05,0.125333748668099,1.5,21.2,20,0.0786203689154736,1,1,1.14,1,14
"316","8.8","1",0.0769230769230769,"a",0.0555555555555556,0.155321754782881,1.1,22.5,18,0.0873248968312143,1,1,1.14,1,14
"317","9.4","1",0.0833333333333333,"a",0.0588235294117647,0.173859600605168,0.9,24.4,17,0.101598148942839,1,1,1.14,1,14
"318","10","1",0.0909090909090909,"a",0.0625,0.194247847617525,0.699999999999999,25.7,16,0.112729240671452,1,1,1.14,1,14
"319","7.1","2",1,"a",0.318181818181818,0.0988401335587552,1.9,18.2,22,0.0595301993804354,1,1,1.14,1,14
"320","7.6","2",0.4375,"a",0.333333333333333,0.111292557127591,1.7,18.9,21,0.0643402457574889,1,1,1.14,1,14
"321","8.2","2",0.466666666666667,"a",0.35,0.125333748668099,1.5,21.2,20,0.0786203689154736,1,1,1.14,1,14
"322","8.8","2",0.538461538461538,"a",0.388888888888889,0.155321754782881,1.1,22.5,18,0.0873248968312143,1,1,1.14,1,14
"323","9.4","2",0.583333333333333,"a",0.411764705882353,0.173859600605168,0.9,24.4,17,0.101598148942839,1,1,1.14,1,14
"324","10","2",0.636363636363636,"a",0.4375,0.194247847617525,0.699999999999999,25.7,16,0.112729240671452,1,1,1.14,1,14
"325","7.1","0",0,"n",0,0.0991639744872323,1.9,18.2,22,0.0595301993804354,1,1,1.22,1,15
"326","7.6","0",0,"n",0,0.11143585015981,1.7,18.9,21,0.0643402457574889,1,1,1.22,1,15
"327","8.2","0",0,"n",0,0.125333748668099,1.5,21.2,20,0.0786203689154736,1,1,1.22,1,15
"328","8.8","0",0,"n",0,0.155321754782881,1.1,22.5,18,0.0873248968312143,1,1,1.22,1,15
"329","9.4","0",0,"n",0,0.173859600605168,0.9,24.4,17,0.101598148942839,1,1,1.22,1,15
"330","10","0",0,"n",0,0.194247847617525,0.699999999999999,25.7,16,0.112729240671452,1,1,1.22,1,15
"331","7.1","1",0,"n",0,0.0991639744872323,1.9,18.2,22,0.0595301993804354,1,1,1.22,1,15
"332","7.6","1",0,"n",0,0.11143585015981,1.7,18.9,21,0.0643402457574889,1,1,1.22,1,15
"333","8.2","1",0,"n",0,0.125333748668099,1.5,21.2,20,0.0786203689154736,1,1,1.22,1,15
"334","8.8","1",0,"n",0,0.155321754782881,1.1,22.5,18,0.0873248968312143,1,1,1.22,1,15
"335","9.4","1",0,"n",0,0.173859600605168,0.9,24.4,17,0.101598148942839,1,1,1.22,1,15
"336","10","1",0,"n",0,0.194247847617525,0.699999999999999,25.7,16,0.112729240671452,1,1,1.22,1,15
"337","7.1","2",1,"n",0.227272727272727,0.0991639744872323,1.9,18.2,22,0.0595301993804354,1,1,1.22,1,15
"338","7.6","2",1,"n",0.238095238095238,0.11143585015981,1.7,18.9,21,0.0643402457574889,1,1,1.22,1,15
"339","8.2","2",1,"n",0.25,0.125333748668099,1.5,21.2,20,0.0786203689154736,1,1,1.22,1,15
"340","8.8","2",1,"n",0.277777777777778,0.155321754782881,1.1,22.5,18,0.0873248968312143,1,1,1.22,1,15
"341","9.4","2",1,"n",0.294117647058824,0.173859600605168,0.9,24.4,17,0.101598148942839,1,1,1.22,1,15
"342","10","2",1,"n",0.3125,0.194247847617525,0.699999999999999,25.7,16,0.112729240671452,1,1,1.22,1,15
"343","7.1","0",0.529411764705882,"a",0.409090909090909,0.0991639744872323,1.9,18.2,22,0.0595301993804354,1,1,1.22,1,15
"344","7.6","0",0.5,"a",0.380952380952381,0.11143585015981,1.7,18.9,21,0.0643402457574889,1,1,1.22,1,15
"345","8.2","0",0.466666666666667,"a",0.35,0.125333748668099,1.5,21.2,20,0.0786203689154736,1,1,1.22,1,15
"346","8.8","0",0.384615384615385,"a",0.277777777777778,0.155321754782881,1.1,22.5,18,0.0873248968312143,1,1,1.22,1,15
"347","9.4","0",0.333333333333333,"a",0.235294117647059,0.173859600605168,0.9,24.4,17,0.101598148942839,1,1,1.22,1,15
"348","10","0",0.272727272727273,"a",0.1875,0.194247847617525,0.699999999999999,25.7,16,0.112729240671452,1,1,1.22,1,15
"349","7.1","1",0.0588235294117647,"a",0.0454545454545455,0.0991639744872323,1.9,18.2,22,0.0595301993804354,1,1,1.22,1,15
"350","7.6","1",0.0625,"a",0.0476190476190476,0.11143585015981,1.7,18.9,21,0.0643402457574889,1,1,1.22,1,15
"351","8.2","1",0.0666666666666667,"a",0.05,0.125333748668099,1.5,21.2,20,0.0786203689154736,1,1,1.22,1,15
"352","8.8","1",0.0769230769230769,"a",0.0555555555555556,0.155321754782881,1.1,22.5,18,0.0873248968312143,1,1,1.22,1,15
"353","9.4","1",0.0833333333333333,"a",0.0588235294117647,0.173859600605168,0.9,24.4,17,0.101598148942839,1,1,1.22,1,15
"354","10","1",0.0909090909090909,"a",0.0625,0.194247847617525,0.699999999999999,25.7,16,0.112729240671452,1,1,1.22,1,15
"355","7.1","2",0.411764705882353,"a",0.318181818181818,0.0991639744872323,1.9,18.2,22,0.0595301993804354,1,1,1.22,1,15
"356","7.6","2",0.4375,"a",0.333333333333333,0.11143585015981,1.7,18.9,21,0.0643402457574889,1,1,1.22,1,15
"357","8.2","2",0.466666666666667,"a",0.35,0.125333748668099,1.5,21.2,20,0.0786203689154736,1,1,1.22,1,15
"358","8.8","2",0.538461538461538,"a",0.388888888888889,0.155321754782881,1.1,22.5,18,0.0873248968312143,1,1,1.22,1,15
"359","9.4","2",0.583333333333333,"a",0.411764705882353,0.173859600605168,0.9,24.4,17,0.101598148942839,1,1,1.22,1,15
"360","10","2",0.636363636363636,"a",0.4375,0.194247847617525,0.699999999999999,25.7,16,0.112729240671452,1,1,1.22,1,15
"361","7.1","0",0.6,"n",0.48,0.0930401890130747,2.5,17.3,25,0.0581388249819421,1,0.7,1.3,1,6
"362","7.6","0",0.619047619047619,"n",0.5,0.0868518986510597,2.7,17.3,26,0.0614224861024591,1,0.7,1.3,1,6
"363","8.2","0",0.466666666666667,"n",0.35,0.149711258610497,1.5,21.2,20,0.0786203689154736,1,0.7,1.3,1,6
"364","8.8","0",0.466666666666667,"n",0.35,0.152165611290471,1.5,21.9,20,0.0861347362791,1,0.7,1.3,1,6
"365","9.4","0",0.333333333333333,"n",0.235294117647059,0.200522022642268,0.9,24.4,17,0.101598148942839,1,0.7,1.3,1,6
"366","10","0",0.5,"n",0.444444444444444,0.08442286242818,3.8,21.4,27,0.104828335740565,1,0.7,1.3,1,6
"367","7.1","1",0.05,"n",0.04,0.0930401890130747,2.5,17.3,25,0.0581388249819421,1,0.7,1.3,1,6
"368","7.6","1",0.0476190476190476,"n",0.0384615384615385,0.0868518986510597,2.7,17.3,26,0.0614224861024591,1,0.7,1.3,1,6
"369","8.2","1",0.0666666666666667,"n",0.05,0.149711258610497,1.5,21.2,20,0.0786203689154736,1,0.7,1.3,1,6
"370","8.8","1",0.0666666666666667,"n",0.05,0.152165611290471,1.5,21.9,20,0.0861347362791,1,0.7,1.3,1,6
"371","9.4","1",0.0833333333333333,"n",0.0588235294117647,0.200522022642268,0.9,24.4,17,0.101598148942839,1,0.7,1.3,1,6
"372","10","1",0.208333333333333,"n",0.185185185185185,0.08442286242818,3.8,21.4,27,0.104828335740565,1,0.7,1.3,1,6
"373","7.1","2",0.35,"n",0.28,0.0930401890130747,2.5,17.3,25,0.0581388249819421,1,0.7,1.3,1,6
"374","7.6","2",0.333333333333333,"n",0.269230769230769,0.0868518986510597,2.7,17.3,26,0.0614224861024591,1,0.7,1.3,1,6
"375","8.2","2",0.466666666666667,"n",0.35,0.149711258610497,1.5,21.2,20,0.0786203689154736,1,0.7,1.3,1,6
"376","8.8","2",0.466666666666667,"n",0.35,0.152165611290471,1.5,21.9,20,0.0861347362791,1,0.7,1.3,1,6
"377","9.4","2",0.583333333333333,"n",0.411764705882353,0.200522022642268,0.9,24.4,17,0.101598148942839,1,0.7,1.3,1,6
"378","10","2",0.291666666666667,"n",0.259259259259259,0.08442286242818,3.8,21.4,27,0.104828335740565,1,0.7,1.3,1,6
"379","7.1","0",0,"a",0,0.0930401890130747,2.5,17.3,25,0.0581388249819421,1,0.7,1.3,1,6
"380","7.6","0",0,"a",0,0.0868518986510597,2.7,17.3,26,0.0614224861024591,1,0.7,1.3,1,6
"381","8.2","0",0,"a",0,0.149711258610497,1.5,21.2,20,0.0786203689154736,1,0.7,1.3,1,6
"382","8.8","0",0,"a",0,0.152165611290471,1.5,21.9,20,0.0861347362791,1,0.7,1.3,1,6
"383","9.4","0",0,"a",0,0.200522022642268,0.9,24.4,17,0.101598148942839,1,0.7,1.3,1,6
"384","10","0",0,"a",0,0.08442286242818,3.8,21.4,27,0.104828335740565,1,0.7,1.3,1,6
"385","7.1","1",0,"a",0,0.0930401890130747,2.5,17.3,25,0.0581388249819421,1,0.7,1.3,1,6
"386","7.6","1",0,"a",0,0.0868518986510597,2.7,17.3,26,0.0614224861024591,1,0.7,1.3,1,6
"387","8.2","1",0,"a",0,0.149711258610497,1.5,21.2,20,0.0786203689154736,1,0.7,1.3,1,6
"388","8.8","1",0,"a",0,0.152165611290471,1.5,21.9,20,0.0861347362791,1,0.7,1.3,1,6
"389","9.4","1",0,"a",0,0.200522022642268,0.9,24.4,17,0.101598148942839,1,0.7,1.3,1,6
"390","10","1",0,"a",0,0.08442286242818,3.8,21.4,27,0.104828335740565,1,0.7,1.3,1,6
"391","7.1","2",1,"a",0.2,0.0930401890130747,2.5,17.3,25,0.0581388249819421,1,0.7,1.3,1,6
"392","7.6","2",1,"a",0.192307692307692,0.0868518986510597,2.7,17.3,26,0.0614224861024591,1,0.7,1.3,1,6
"393","8.2","2",1,"a",0.25,0.149711258610497,1.5,21.2,20,0.0786203689154736,1,0.7,1.3,1,6
"394","8.8","2",1,"a",0.25,0.152165611290471,1.5,21.9,20,0.0861347362791,1,0.7,1.3,1,6
"395","9.4","2",1,"a",0.294117647058824,0.200522022642268,0.9,24.4,17,0.101598148942839,1,0.7,1.3,1,6
"396","10","2",1,"a",0.111111111111111,0.08442286242818,3.8,21.4,27,0.104828335740565,1,0.7,1.3,1,6
"397","7.1","0",0.6,"n",0.48,0.0886596977263479,2.5,17.3,25,0.0581388249819421,1,0.76,1.3,1,7
"398","7.6","0",0.578947368421053,"n",0.458333333333333,0.0988145152866107,2.3,18,24,0.062869491373542,1,0.76,1.3,1,7
"399","8.2","0",0.466666666666667,"n",0.35,0.144393182437517,1.5,21.2,20,0.0786203689154736,1,0.76,1.3,1,7
"400","8.8","0",0.466666666666667,"n",0.35,0.146760567646505,1.5,21.9,20,0.0861347362791,1,0.76,1.3,1,7
"401","9.4","0",0.333333333333333,"n",0.235294117647059,0.194803350993881,0.9,24.4,17,0.101598148942839,1,0.76,1.3,1,7
"402","10","0",0.5,"n",0.416666666666667,0.105040298637281,2.8,22.8,24,0.107437993537192,1,0.76,1.3,1,7
"403","7.1","1",0.05,"n",0.04,0.0886596977263479,2.5,17.3,25,0.0581388249819421,1,0.76,1.3,1,7
"404","7.6","1",0.0526315789473684,"n",0.0416666666666667,0.0988145152866107,2.3,18,24,0.062869491373542,1,0.76,1.3,1,7
"405","8.2","1",0.0666666666666667,"n",0.05,0.144393182437517,1.5,21.2,20,0.0786203689154736,1,0.76,1.3,1,7
"406","8.8","1",0.0666666666666667,"n",0.05,0.146760567646505,1.5,21.9,20,0.0861347362791,1,0.76,1.3,1,7
"407","9.4","1",0.0833333333333333,"n",0.0588235294117647,0.194803350993881,0.9,24.4,17,0.101598148942839,1,0.76,1.3,1,7
"408","10","1",0.15,"n",0.125,0.105040298637281,2.8,22.8,24,0.107437993537192,1,0.76,1.3,1,7
"409","7.1","2",0.35,"n",0.28,0.0886596977263479,2.5,17.3,25,0.0581388249819421,1,0.76,1.3,1,7
"410","7.6","2",0.368421052631579,"n",0.291666666666667,0.0988145152866107,2.3,18,24,0.062869491373542,1,0.76,1.3,1,7
"411","8.2","2",0.466666666666667,"n",0.35,0.144393182437517,1.5,21.2,20,0.0786203689154736,1,0.76,1.3,1,7
"412","8.8","2",0.466666666666667,"n",0.35,0.146760567646505,1.5,21.9,20,0.0861347362791,1,0.76,1.3,1,7
"413","9.4","2",0.583333333333333,"n",0.411764705882353,0.194803350993881,0.9,24.4,17,0.101598148942839,1,0.76,1.3,1,7
"414","10","2",0.35,"n",0.291666666666667,0.105040298637281,2.8,22.8,24,0.107437993537192,1,0.76,1.3,1,7
"415","7.1","0",0,"a",0,0.0886596977263479,2.5,17.3,25,0.0581388249819421,1,0.76,1.3,1,7
"416","7.6","0",0,"a",0,0.0988145152866107,2.3,18,24,0.062869491373542,1,0.76,1.3,1,7
"417","8.2","0",0,"a",0,0.144393182437517,1.5,21.2,20,0.0786203689154736,1,0.76,1.3,1,7
"418","8.8","0",0,"a",0,0.146760567646505,1.5,21.9,20,0.0861347362791,1,0.76,1.3,1,7
"419","9.4","0",0,"a",0,0.194803350993881,0.9,24.4,17,0.101598148942839,1,0.76,1.3,1,7
"420","10","0",0,"a",0,0.105040298637281,2.8,22.8,24,0.107437993537192,1,0.76,1.3,1,7
"421","7.1","1",0,"a",0,0.0886596977263479,2.5,17.3,25,0.0581388249819421,1,0.76,1.3,1,7
"422","7.6","1",0,"a",0,0.0988145152866107,2.3,18,24,0.062869491373542,1,0.76,1.3,1,7
"423","8.2","1",0,"a",0,0.144393182437517,1.5,21.2,20,0.0786203689154736,1,0.76,1.3,1,7
"424","8.8","1",0,"a",0,0.146760567646505,1.5,21.9,20,0.0861347362791,1,0.76,1.3,1,7
"425","9.4","1",0,"a",0,0.194803350993881,0.9,24.4,17,0.101598148942839,1,0.76,1.3,1,7
"426","10","1",0,"a",0,0.105040298637281,2.8,22.8,24,0.107437993537192,1,0.76,1.3,1,7
"427","7.1","2",1,"a",0.2,0.0886596977263479,2.5,17.3,25,0.0581388249819421,1,0.76,1.3,1,7
"428","7.6","2",1,"a",0.208333333333333,0.0988145152866107,2.3,18,24,0.062869491373542,1,0.76,1.3,1,7
"429","8.2","2",1,"a",0.25,0.144393182437517,1.5,21.2,20,0.0786203689154736,1,0.76,1.3,1,7
"430","8.8","2",1,"a",0.25,0.146760567646505,1.5,21.9,20,0.0861347362791,1,0.76,1.3,1,7
"431","9.4","2",1,"a",0.294117647058824,0.194803350993881,0.9,24.4,17,0.101598148942839,1,0.76,1.3,1,7
"432","10","2",1,"a",0.166666666666667,0.105040298637281,2.8,22.8,24,0.107437993537192,1,0.76,1.3,1,7
"433","7.1","0",0.578947368421053,"n",0.458333333333333,0.0937718472182532,2.2,17.6,24,0.0581388249819421,1,0.82,1.3,1,8
"434","7.6","0",0.555555555555556,"n",0.434782608695652,0.104738547949847,2,18.3,23,0.062869491373542,1,0.82,1.3,1,8
"435","8.2","0",0.466666666666667,"n",0.35,0.139263408796124,1.5,21.2,20,0.0786203689154736,1,0.82,1.3,1,8
"436","8.8","0",0.428571428571429,"n",0.315789473684211,0.157016253762352,1.2,22.2,19,0.0861347362791,1,0.82,1.3,1,8
"437","9.4","0",0.333333333333333,"n",0.235294117647059,0.189247109492681,0.9,24.4,17,0.101598148942839,1,0.82,1.3,1,8
"438","10","0",0.5,"n",0.416666666666667,0.100094859401846,2.8,22.8,24,0.107437993537192,1,0.82,1.3,1,8
"439","7.1","1",0,"n",0,0.0937718472182532,2.2,17.6,24,0.0581388249819421,1,0.82,1.3,1,8
"440","7.6","1",0,"n",0,0.104738547949847,2,18.3,23,0.062869491373542,1,0.82,1.3,1,8
"441","8.2","1",0.0666666666666667,"n",0.05,0.139263408796124,1.5,21.2,20,0.0786203689154736,1,0.82,1.3,1,8
"442","8.8","1",0,"n",0,0.157016253762352,1.2,22.2,19,0.0861347362791,1,0.82,1.3,1,8
"443","9.4","1",0.0833333333333333,"n",0.0588235294117647,0.189247109492681,0.9,24.4,17,0.101598148942839,1,0.82,1.3,1,8
"444","10","1",0.15,"n",0.125,0.100094859401846,2.8,22.8,24,0.107437993537192,1,0.82,1.3,1,8
"445","7.1","2",0.421052631578947,"n",0.333333333333333,0.0937718472182532,2.2,17.6,24,0.0581388249819421,1,0.82,1.3,1,8
"446","7.6","2",0.444444444444444,"n",0.347826086956522,0.104738547949847,2,18.3,23,0.062869491373542,1,0.82,1.3,1,8
"447","8.2","2",0.466666666666667,"n",0.35,0.139263408796124,1.5,21.2,20,0.0786203689154736,1,0.82,1.3,1,8
"448","8.8","2",0.571428571428571,"n",0.421052631578947,0.157016253762352,1.2,22.2,19,0.0861347362791,1,0.82,1.3,1,8
"449","9.4","2",0.583333333333333,"n",0.411764705882353,0.189247109492681,0.9,24.4,17,0.101598148942839,1,0.82,1.3,1,8
"450","10","2",0.35,"n",0.291666666666667,0.100094859401846,2.8,22.8,24,0.107437993537192,1,0.82,1.3,1,8
"451","7.1","0",0,"a",0,0.0937718472182532,2.2,17.6,24,0.0581388249819421,1,0.82,1.3,1,8
"452","7.6","0",0,"a",0,0.104738547949847,2,18.3,23,0.062869491373542,1,0.82,1.3,1,8
"453","8.2","0",0,"a",0,0.139263408796124,1.5,21.2,20,0.0786203689154736,1,0.82,1.3,1,8
"454","8.8","0",0,"a",0,0.157016253762352,1.2,22.2,19,0.0861347362791,1,0.82,1.3,1,8
"455","9.4","0",0,"a",0,0.189247109492681,0.9,24.4,17,0.101598148942839,1,0.82,1.3,1,8
"456","10","0",0,"a",0,0.100094859401846,2.8,22.8,24,0.107437993537192,1,0.82,1.3,1,8
"457","7.1","1",0,"a",0,0.0937718472182532,2.2,17.6,24,0.0581388249819421,1,0.82,1.3,1,8
"458","7.6","1",0,"a",0,0.104738547949847,2,18.3,23,0.062869491373542,1,0.82,1.3,1,8
"459","8.2","1",0,"a",0,0.139263408796124,1.5,21.2,20,0.0786203689154736,1,0.82,1.3,1,8
"460","8.8","1",0,"a",0,0.157016253762352,1.2,22.2,19,0.0861347362791,1,0.82,1.3,1,8
"461","9.4","1",0,"a",0,0.189247109492681,0.9,24.4,17,0.101598148942839,1,0.82,1.3,1,8
"462","10","1",0,"a",0,0.100094859401846,2.8,22.8,24,0.107437993537192,1,0.82,1.3,1,8
"463","7.1","2",1,"a",0.208333333333333,0.0937718472182532,2.2,17.6,24,0.0581388249819421,1,0.82,1.3,1,8
"464","7.6","2",1,"a",0.217391304347826,0.104738547949847,2,18.3,23,0.062869491373542,1,0.82,1.3,1,8
"465","8.2","2",1,"a",0.25,0.139263408796124,1.5,21.2,20,0.0786203689154736,1,0.82,1.3,1,8
"466","8.8","2",1,"a",0.263157894736842,0.157016253762352,1.2,22.2,19,0.0861347362791,1,0.82,1.3,1,8
"467","9.4","2",1,"a",0.294117647058824,0.189247109492681,0.9,24.4,17,0.101598148942839,1,0.82,1.3,1,8
"468","10","2",1,"a",0.166666666666667,0.100094859401846,2.8,22.8,24,0.107437993537192,1,0.82,1.3,1,8
"469","7.1","0",0.529411764705882,"n",0.409090909090909,0.108414650325315,1.8,18.2,22,0.0590637549557212,1,0.88,1.3,1,9
"470","7.6","0",0.5,"n",0.380952380952381,0.121318623822842,1.6,18.9,21,0.0638473605521784,1,0.88,1.3,1,9
"471","8.2","0",0.466666666666667,"n",0.35,0.134315291776781,1.5,21.2,20,0.0786203689154736,1,0.88,1.3,1,9
"472","8.8","0",0.428571428571429,"n",0.315789473684211,0.151803416446037,1.2,22.2,19,0.0861347362791,1,0.88,1.3,1,9
"473","9.4","0",0.333333333333333,"n",0.235294117647059,0.183848703314362,0.9,24.4,17,0.101598148942839,1,0.88,1.3,1,9
"474","10","0",0.272727272727273,"n",0.1875,0.2044938292258,0.699999999999999,25.7,16,0.112729240671452,1,0.88,1.3,1,9
"475","7.1","1",0,"n",0,0.108414650325315,1.8,18.2,22,0.0590637549557212,1,0.88,1.3,1,9
"476","7.6","1",0,"n",0,0.121318623822842,1.6,18.9,21,0.0638473605521784,1,0.88,1.3,1,9
"477","8.2","1",0.0666666666666667,"n",0.05,0.134315291776781,1.5,21.2,20,0.0786203689154736,1,0.88,1.3,1,9
"478","8.8","1",0,"n",0,0.151803416446037,1.2,22.2,19,0.0861347362791,1,0.88,1.3,1,9
"479","9.4","1",0.0833333333333333,"n",0.0588235294117647,0.183848703314362,0.9,24.4,17,0.101598148942839,1,0.88,1.3,1,9
"480","10","1",0.0909090909090909,"n",0.0625,0.2044938292258,0.699999999999999,25.7,16,0.112729240671452,1,0.88,1.3,1,9
"481","7.1","2",0.470588235294118,"n",0.363636363636364,0.108414650325315,1.8,18.2,22,0.0590637549557212,1,0.88,1.3,1,9
"482","7.6","2",0.5,"n",0.380952380952381,0.121318623822842,1.6,18.9,21,0.0638473605521784,1,0.88,1.3,1,9
"483","8.2","2",0.466666666666667,"n",0.35,0.134315291776781,1.5,21.2,20,0.0786203689154736,1,0.88,1.3,1,9
"484","8.8","2",0.571428571428571,"n",0.421052631578947,0.151803416446037,1.2,22.2,19,0.0861347362791,1,0.88,1.3,1,9
"485","9.4","2",0.583333333333333,"n",0.411764705882353,0.183848703314362,0.9,24.4,17,0.101598148942839,1,0.88,1.3,1,9
"486","10","2",0.636363636363636,"n",0.4375,0.2044938292258,0.699999999999999,25.7,16,0.112729240671452,1,0.88,1.3,1,9
"487","7.1","0",0,"a",0,0.108414650325315,1.8,18.2,22,0.0590637549557212,1,0.88,1.3,1,9
"488","7.6","0",0,"a",0,0.121318623822842,1.6,18.9,21,0.0638473605521784,1,0.88,1.3,1,9
"489","8.2","0",0,"a",0,0.134315291776781,1.5,21.2,20,0.0786203689154736,1,0.88,1.3,1,9
"490","8.8","0",0,"a",0,0.151803416446037,1.2,22.2,19,0.0861347362791,1,0.88,1.3,1,9
"491","9.4","0",0,"a",0,0.183848703314362,0.9,24.4,17,0.101598148942839,1,0.88,1.3,1,9
"492","10","0",0,"a",0,0.2044938292258,0.699999999999999,25.7,16,0.112729240671452,1,0.88,1.3,1,9
"493","7.1","1",0,"a",0,0.108414650325315,1.8,18.2,22,0.0590637549557212,1,0.88,1.3,1,9
"494","7.6","1",0,"a",0,0.121318623822842,1.6,18.9,21,0.0638473605521784,1,0.88,1.3,1,9
"495","8.2","1",0,"a",0,0.134315291776781,1.5,21.2,20,0.0786203689154736,1,0.88,1.3,1,9
"496","8.8","1",0,"a",0,0.151803416446037,1.2,22.2,19,0.0861347362791,1,0.88,1.3,1,9
"497","9.4","1",0,"a",0,0.183848703314362,0.9,24.4,17,0.101598148942839,1,0.88,1.3,1,9
"498","10","1",0,"a",0,0.2044938292258,0.699999999999999,25.7,16,0.112729240671452,1,0.88,1.3,1,9
"499","7.1","2",1,"a",0.227272727272727,0.108414650325315,1.8,18.2,22,0.0590637549557212,1,0.88,1.3,1,9
"500","7.6","2",1,"a",0.238095238095238,0.121318623822842,1.6,18.9,21,0.0638473605521784,1,0.88,1.3,1,9
"501","8.2","2",1,"a",0.25,0.134315291776781,1.5,21.2,20,0.0786203689154736,1,0.88,1.3,1,9
"502","8.8","2",1,"a",0.263157894736842,0.151803416446037,1.2,22.2,19,0.0861347362791,1,0.88,1.3,1,9
"503","9.4","2",1,"a",0.294117647058824,0.183848703314362,0.9,24.4,17,0.101598148942839,1,0.88,1.3,1,9
"504","10","2",1,"a",0.3125,0.2044938292258,0.699999999999999,25.7,16,0.112729240671452,1,0.88,1.3,1,9
"505","7.1","0",0.529411764705882,"n",0.409090909090909,0.104058823171616,1.8,18.2,22,0.0590637549557212,1,0.94,1.3,1,10
"506","7.6","0",0.5,"n",0.380952380952381,0.116725707973945,1.6,18.9,21,0.0638473605521784,1,0.94,1.3,1,10
"507","8.2","0",0.466666666666667,"n",0.35,0.129542419269932,1.5,21.2,20,0.0786203689154736,1,0.94,1.3,1,10
"508","8.8","0",0.384615384615385,"n",0.277777777777778,0.159879225933846,1.1,22.5,18,0.0873248968312143,1,0.94,1.3,1,10
"509","9.4","0",0.333333333333333,"n",0.235294117647059,0.178603667082312,0.9,24.4,17,0.101598148942839,1,0.94,1.3,1,10
"510","10","0",0.272727272727273,"n",0.1875,0.199139676376163,0.699999999999999,25.7,16,0.112729240671452,1,0.94,1.3,1,10
"511","7.1","1",0,"n",0,0.104058823171616,1.8,18.2,22,0.0590637549557212,1,0.94,1.3,1,10
"512","7.6","1",0,"n",0,0.116725707973945,1.6,18.9,21,0.0638473605521784,1,0.94,1.3,1,10
"513","8.2","1",0.0666666666666667,"n",0.05,0.129542419269932,1.5,21.2,20,0.0786203689154736,1,0.94,1.3,1,10
"514","8.8","1",0.0769230769230769,"n",0.0555555555555556,0.159879225933846,1.1,22.5,18,0.0873248968312143,1,0.94,1.3,1,10
"515","9.4","1",0.0833333333333333,"n",0.0588235294117647,0.178603667082312,0.9,24.4,17,0.101598148942839,1,0.94,1.3,1,10
"516","10","1",0.0909090909090909,"n",0.0625,0.199139676376163,0.699999999999999,25.7,16,0.112729240671452,1,0.94,1.3,1,10
"517","7.1","2",0.470588235294118,"n",0.363636363636364,0.104058823171616,1.8,18.2,22,0.0590637549557212,1,0.94,1.3,1,10
"518","7.6","2",0.5,"n",0.380952380952381,0.116725707973945,1.6,18.9,21,0.0638473605521784,1,0.94,1.3,1,10
"519","8.2","2",0.466666666666667,"n",0.35,0.129542419269932,1.5,21.2,20,0.0786203689154736,1,0.94,1.3,1,10
"520","8.8","2",0.538461538461538,"n",0.388888888888889,0.159879225933846,1.1,22.5,18,0.0873248968312143,1,0.94,1.3,1,10
"521","9.4","2",0.583333333333333,"n",0.411764705882353,0.178603667082312,0.9,24.4,17,0.101598148942839,1,0.94,1.3,1,10
"522","10","2",0.636363636363636,"n",0.4375,0.199139676376163,0.699999999999999,25.7,16,0.112729240671452,1,0.94,1.3,1,10
"523","7.1","0",0,"a",0,0.104058823171616,1.8,18.2,22,0.0590637549557212,1,0.94,1.3,1,10
"524","7.6","0",0,"a",0,0.116725707973945,1.6,18.9,21,0.0638473605521784,1,0.94,1.3,1,10
"525","8.2","0",0,"a",0,0.129542419269932,1.5,21.2,20,0.0786203689154736,1,0.94,1.3,1,10
"526","8.8","0",0,"a",0,0.159879225933846,1.1,22.5,18,0.0873248968312143,1,0.94,1.3,1,10
"527","9.4","0",0,"a",0,0.178603667082312,0.9,24.4,17,0.101598148942839,1,0.94,1.3,1,10
"528","10","0",0,"a",0,0.199139676376163,0.699999999999999,25.7,16,0.112729240671452,1,0.94,1.3,1,10
"529","7.1","1",0,"a",0,0.104058823171616,1.8,18.2,22,0.0590637549557212,1,0.94,1.3,1,10
"530","7.6","1",0,"a",0,0.116725707973945,1.6,18.9,21,0.0638473605521784,1,0.94,1.3,1,10
"531","8.2","1",0,"a",0,0.129542419269932,1.5,21.2,20,0.0786203689154736,1,0.94,1.3,1,10
"532","8.8","1",0,"a",0,0.159879225933846,1.1,22.5,18,0.0873248968312143,1,0.94,1.3,1,10
"533","9.4","1",0,"a",0,0.178603667082312,0.9,24.4,17,0.101598148942839,1,0.94,1.3,1,10
"534","10","1",0,"a",0,0.199139676376163,0.699999999999999,25.7,16,0.112729240671452,1,0.94,1.3,1,10
"535","7.1","2",1,"a",0.227272727272727,0.104058823171616,1.8,18.2,22,0.0590637549557212,1,0.94,1.3,1,10
"536","7.6","2",1,"a",0.238095238095238,0.116725707973945,1.6,18.9,21,0.0638473605521784,1,0.94,1.3,1,10
"537","8.2","2",1,"a",0.25,0.129542419269932,1.5,21.2,20,0.0786203689154736,1,0.94,1.3,1,10
"538","8.8","2",1,"a",0.277777777777778,0.159879225933846,1.1,22.5,18,0.0873248968312143,1,0.94,1.3,1,10
"539","9.4","2",1,"a",0.294117647058824,0.178603667082312,0.9,24.4,17,0.101598148942839,1,0.94,1.3,1,10
"540","10","2",1,"a",0.3125,0.199139676376163,0.699999999999999,25.7,16,0.112729240671452,1,0.94,1.3,1,10
"541","7.1","0",0.785714285714286,"n",0.745762711864407,0.014244305214003,12.3,0,59,0.0308423858115958,0.7,1,1.3,1,1
"542","7.6","0",0.785714285714286,"n",0.745762711864407,0.0145815973241708,12.9,0,59,0.0340004172000557,0.7,1,1.3,1,1
"543","8.2","0",0.785714285714286,"n",0.745762711864407,0.0149704173034536,13.5,0,59,0.0377567767012637,0.7,1,1.3,1,1
"544","8.8","0",0.785714285714286,"n",0.745762711864407,0.0153511736588345,14.1,0,59,0.0418545754388353,0.7,1,1.3,1,1
"545","9.4","0",0.785714285714286,"n",0.745762711864407,0.0160171407815546,14.9,0,59,0.047086836514185,0.7,1,1.3,1,1
"546","10","0",0.785714285714286,"n",0.745762711864407,0.0163984271628482,15.8,0,59,0.0532525310736428,0.7,1,1.3,1,1
"547","7.1","1",0.0892857142857143,"n",0.0847457627118644,0.014244305214003,12.3,0,59,0.0308423858115958,0.7,1,1.3,1,1
"548","7.6","1",0.0892857142857143,"n",0.0847457627118644,0.0145815973241708,12.9,0,59,0.0340004172000557,0.7,1,1.3,1,1
"549","8.2","1",0.0892857142857143,"n",0.0847457627118644,0.0149704173034536,13.5,0,59,0.0377567767012637,0.7,1,1.3,1,1
"550","8.8","1",0.0892857142857143,"n",0.0847457627118644,0.0153511736588345,14.1,0,59,0.0418545754388353,0.7,1,1.3,1,1
"551","9.4","1",0.0892857142857143,"n",0.0847457627118644,0.0160171407815546,14.9,0,59,0.047086836514185,0.7,1,1.3,1,1
"552","10","1",0.0892857142857143,"n",0.0847457627118644,0.0163984271628482,15.8,0,59,0.0532525310736428,0.7,1,1.3,1,1
"553","7.1","2",0.125,"n",0.11864406779661,0.014244305214003,12.3,0,59,0.0308423858115958,0.7,1,1.3,1,1
"554","7.6","2",0.125,"n",0.11864406779661,0.0145815973241708,12.9,0,59,0.0340004172000557,0.7,1,1.3,1,1
"555","8.2","2",0.125,"n",0.11864406779661,0.0149704173034536,13.5,0,59,0.0377567767012637,0.7,1,1.3,1,1
"556","8.8","2",0.125,"n",0.11864406779661,0.0153511736588345,14.1,0,59,0.0418545754388353,0.7,1,1.3,1,1
"557","9.4","2",0.125,"n",0.11864406779661,0.0160171407815546,14.9,0,59,0.047086836514185,0.7,1,1.3,1,1
"558","10","2",0.125,"n",0.11864406779661,0.0163984271628482,15.8,0,59,0.0532525310736428,0.7,1,1.3,1,1
"559","7.1","0",0,"a",0,0.014244305214003,12.3,0,59,0.0308423858115958,0.7,1,1.3,1,1
"560","7.6","0",0,"a",0,0.0145815973241708,12.9,0,59,0.0340004172000557,0.7,1,1.3,1,1
"561","8.2","0",0,"a",0,0.0149704173034536,13.5,0,59,0.0377567767012637,0.7,1,1.3,1,1
"562","8.8","0",0,"a",0,0.0153511736588345,14.1,0,59,0.0418545754388353,0.7,1,1.3,1,1
"563","9.4","0",0,"a",0,0.0160171407815546,14.9,0,59,0.047086836514185,0.7,1,1.3,1,1
"564","10","0",0,"a",0,0.0163984271628482,15.8,0,59,0.0532525310736428,0.7,1,1.3,1,1
"565","7.1","1",0,"a",0,0.014244305214003,12.3,0,59,0.0308423858115958,0.7,1,1.3,1,1
"566","7.6","1",0,"a",0,0.0145815973241708,12.9,0,59,0.0340004172000557,0.7,1,1.3,1,1
"567","8.2","1",0,"a",0,0.0149704173034536,13.5,0,59,0.0377567767012637,0.7,1,1.3,1,1
"568","8.8","1",0,"a",0,0.0153511736588345,14.1,0,59,0.0418545754388353,0.7,1,1.3,1,1
"569","9.4","1",0,"a",0,0.0160171407815546,14.9,0,59,0.047086836514185,0.7,1,1.3,1,1
"570","10","1",0,"a",0,0.0163984271628482,15.8,0,59,0.0532525310736428,0.7,1,1.3,1,1
"571","7.1","2",1,"a",0.0508474576271186,0.014244305214003,12.3,0,59,0.0308423858115958,0.7,1,1.3,1,1
"572","7.6","2",1,"a",0.0508474576271186,0.0145815973241708,12.9,0,59,0.0340004172000557,0.7,1,1.3,1,1
"573","8.2","2",1,"a",0.0508474576271186,0.0149704173034536,13.5,0,59,0.0377567767012637,0.7,1,1.3,1,1
"574","8.8","2",1,"a",0.0508474576271186,0.0153511736588345,14.1,0,59,0.0418545754388353,0.7,1,1.3,1,1
"575","9.4","2",1,"a",0.0508474576271186,0.0160171407815546,14.9,0,59,0.047086836514185,0.7,1,1.3,1,1
"576","10","2",1,"a",0.0508474576271186,0.0163984271628482,15.8,0,59,0.0532525310736428,0.7,1,1.3,1,1
"577","7.1","0",0.785714285714286,"n",0.745762711864407,0.0101503032215684,12.3,0,59,0.0308423858115958,0.76,1,1.3,1,2
"578","7.6","0",0.785714285714286,"n",0.745762711864407,0.0104102237561173,12.9,0,59,0.0340004172000557,0.76,1,1.3,1,2
"579","8.2","0",0.785714285714286,"n",0.745762711864407,0.0107104793853392,13.5,0,59,0.0377567767012637,0.76,1,1.3,1,2
"580","8.8","0",0.785714285714286,"n",0.745762711864407,0.0110051810926512,14.1,0,59,0.0418545754388353,0.76,1,1.3,1,2
"581","9.4","0",0.785714285714286,"n",0.745762711864407,0.0115200433283073,14.9,0,59,0.047086836514185,0.76,1,1.3,1,2
"582","10","0",0.785714285714286,"n",0.745762711864407,0.0118167313981209,15.8,0,59,0.0532525310736428,0.76,1,1.3,1,2
"583","7.1","1",0.0892857142857143,"n",0.0847457627118644,0.0101503032215684,12.3,0,59,0.0308423858115958,0.76,1,1.3,1,2
"584","7.6","1",0.0892857142857143,"n",0.0847457627118644,0.0104102237561173,12.9,0,59,0.0340004172000557,0.76,1,1.3,1,2
"585","8.2","1",0.0892857142857143,"n",0.0847457627118644,0.0107104793853392,13.5,0,59,0.0377567767012637,0.76,1,1.3,1,2
"586","8.8","1",0.0892857142857143,"n",0.0847457627118644,0.0110051810926512,14.1,0,59,0.0418545754388353,0.76,1,1.3,1,2
"587","9.4","1",0.0892857142857143,"n",0.0847457627118644,0.0115200433283073,14.9,0,59,0.047086836514185,0.76,1,1.3,1,2
"588","10","1",0.0892857142857143,"n",0.0847457627118644,0.0118167313981209,15.8,0,59,0.0532525310736428,0.76,1,1.3,1,2
"589","7.1","2",0.125,"n",0.11864406779661,0.0101503032215684,12.3,0,59,0.0308423858115958,0.76,1,1.3,1,2
"590","7.6","2",0.125,"n",0.11864406779661,0.0104102237561173,12.9,0,59,0.0340004172000557,0.76,1,1.3,1,2
"591","8.2","2",0.125,"n",0.11864406779661,0.0107104793853392,13.5,0,59,0.0377567767012637,0.76,1,1.3,1,2
"592","8.8","2",0.125,"n",0.11864406779661,0.0110051810926512,14.1,0,59,0.0418545754388353,0.76,1,1.3,1,2
"593","9.4","2",0.125,"n",0.11864406779661,0.0115200433283073,14.9,0,59,0.047086836514185,0.76,1,1.3,1,2
"594","10","2",0.125,"n",0.11864406779661,0.0118167313981209,15.8,0,59,0.0532525310736428,0.76,1,1.3,1,2
"595","7.1","0",0,"a",0,0.0101503032215684,12.3,0,59,0.0308423858115958,0.76,1,1.3,1,2
"596","7.6","0",0,"a",0,0.0104102237561173,12.9,0,59,0.0340004172000557,0.76,1,1.3,1,2
"597","8.2","0",0,"a",0,0.0107104793853392,13.5,0,59,0.0377567767012637,0.76,1,1.3,1,2
"598","8.8","0",0,"a",0,0.0110051810926512,14.1,0,59,0.0418545754388353,0.76,1,1.3,1,2
"599","9.4","0",0,"a",0,0.0115200433283073,14.9,0,59,0.047086836514185,0.76,1,1.3,1,2
"600","10","0",0,"a",0,0.0118167313981209,15.8,0,59,0.0532525310736428,0.76,1,1.3,1,2
"601","7.1","1",0,"a",0,0.0101503032215684,12.3,0,59,0.0308423858115958,0.76,1,1.3,1,2
"602","7.6","1",0,"a",0,0.0104102237561173,12.9,0,59,0.0340004172000557,0.76,1,1.3,1,2
"603","8.2","1",0,"a",0,0.0107104793853392,13.5,0,59,0.0377567767012637,0.76,1,1.3,1,2
"604","8.8","1",0,"a",0,0.0110051810926512,14.1,0,59,0.0418545754388353,0.76,1,1.3,1,2
"605","9.4","1",0,"a",0,0.0115200433283073,14.9,0,59,0.047086836514185,0.76,1,1.3,1,2
"606","10","1",0,"a",0,0.0118167313981209,15.8,0,59,0.0532525310736428,0.76,1,1.3,1,2
"607","7.1","2",1,"a",0.0508474576271186,0.0101503032215684,12.3,0,59,0.0308423858115958,0.76,1,1.3,1,2
"608","7.6","2",1,"a",0.0508474576271186,0.0104102237561173,12.9,0,59,0.0340004172000557,0.76,1,1.3,1,2
"609","8.2","2",1,"a",0.0508474576271186,0.0107104793853392,13.5,0,59,0.0377567767012637,0.76,1,1.3,1,2
"610","8.8","2",1,"a",0.0508474576271186,0.0110051810926512,14.1,0,59,0.0418545754388353,0.76,1,1.3,1,2
"611","9.4","2",1,"a",0.0508474576271186,0.0115200433283073,14.9,0,59,0.047086836514185,0.76,1,1.3,1,2
"612","10","2",1,"a",0.0508474576271186,0.0118167313981209,15.8,0,59,0.0532525310736428,0.76,1,1.3,1,2
"613","7.1","0",0.68,"n",0.566666666666667,0.0709739836998682,3.5,15.3,30,0.0536732860357246,0.82,1,1.3,1,3
"614","7.6","0",0.647058823529412,"n",0.594594594594595,0.0411523464039972,5.6,12.4,37,0.0523852108857954,0.82,1,1.3,1,3
"615","8.2","0",0.619047619047619,"n",0.5,0.101666259347033,2.7,18.7,26,0.0715144725738188,0.82,1,1.3,1,3
"616","8.8","0",0.6,"n",0.545454545454545,0.0591114559088285,5,16.2,33,0.0736545834223382,0.82,1,1.3,1,3
"617","9.4","0",0.571428571428571,"n",0.516129032258065,0.0706005165332198,4.7,17.9,31,0.0849534336062737,0.82,1,1.3,1,3
"618","10","0",0.538461538461538,"n",0.482758620689655,0.0841528851697387,4.4,20.3,29,0.101598148942839,0.82,1,1.3,1,3
"619","7.1","1",0.04,"n",0.0333333333333333,0.0709739836998682,3.5,15.3,30,0.0536732860357246,0.82,1,1.3,1,3
"620","7.6","1",0.147058823529412,"n",0.135135135135135,0.0411523464039972,5.6,12.4,37,0.0523852108857954,0.82,1,1.3,1,3
"621","8.2","1",0.0476190476190476,"n",0.0384615384615385,0.101666259347033,2.7,18.7,26,0.0715144725738188,0.82,1,1.3,1,3
"622","8.8","1",0.166666666666667,"n",0.151515151515152,0.0591114559088285,5,16.2,33,0.0736545834223382,0.82,1,1.3,1,3
"623","9.4","1",0.178571428571429,"n",0.161290322580645,0.0706005165332198,4.7,17.9,31,0.0849534336062737,0.82,1,1.3,1,3
"624","10","1",0.192307692307692,"n",0.172413793103448,0.0841528851697387,4.4,20.3,29,0.101598148942839,0.82,1,1.3,1,3
"625","7.1","2",0.28,"n",0.233333333333333,0.0709739836998682,3.5,15.3,30,0.0536732860357246,0.82,1,1.3,1,3
"626","7.6","2",0.205882352941176,"n",0.189189189189189,0.0411523464039972,5.6,12.4,37,0.0523852108857954,0.82,1,1.3,1,3
"627","8.2","2",0.333333333333333,"n",0.269230769230769,0.101666259347033,2.7,18.7,26,0.0715144725738188,0.82,1,1.3,1,3
"628","8.8","2",0.233333333333333,"n",0.212121212121212,0.0591114559088285,5,16.2,33,0.0736545834223382,0.82,1,1.3,1,3
"629","9.4","2",0.25,"n",0.225806451612903,0.0706005165332198,4.7,17.9,31,0.0849534336062737,0.82,1,1.3,1,3
"630","10","2",0.269230769230769,"n",0.241379310344828,0.0841528851697387,4.4,20.3,29,0.101598148942839,0.82,1,1.3,1,3
"631","7.1","0",0,"a",0,0.0709739836998682,3.5,15.3,30,0.0536732860357246,0.82,1,1.3,1,3
"632","7.6","0",0,"a",0,0.0411523464039972,5.6,12.4,37,0.0523852108857954,0.82,1,1.3,1,3
"633","8.2","0",0,"a",0,0.101666259347033,2.7,18.7,26,0.0715144725738188,0.82,1,1.3,1,3
"634","8.8","0",0,"a",0,0.0591114559088285,5,16.2,33,0.0736545834223382,0.82,1,1.3,1,3
"635","9.4","0",0,"a",0,0.0706005165332198,4.7,17.9,31,0.0849534336062737,0.82,1,1.3,1,3
"636","10","0",0,"a",0,0.0841528851697387,4.4,20.3,29,0.101598148942839,0.82,1,1.3,1,3
"637","7.1","1",0,"a",0,0.0709739836998682,3.5,15.3,30,0.0536732860357246,0.82,1,1.3,1,3
"638","7.6","1",0,"a",0,0.0411523464039972,5.6,12.4,37,0.0523852108857954,0.82,1,1.3,1,3
"639","8.2","1",0,"a",0,0.101666259347033,2.7,18.7,26,0.0715144725738188,0.82,1,1.3,1,3
"640","8.8","1",0,"a",0,0.0591114559088285,5,16.2,33,0.0736545834223382,0.82,1,1.3,1,3
"641","9.4","1",0,"a",0,0.0706005165332198,4.7,17.9,31,0.0849534336062737,0.82,1,1.3,1,3
"642","10","1",0,"a",0,0.0841528851697387,4.4,20.3,29,0.101598148942839,0.82,1,1.3,1,3
"643","7.1","2",1,"a",0.166666666666667,0.0709739836998682,3.5,15.3,30,0.0536732860357246,0.82,1,1.3,1,3
"644","7.6","2",1,"a",0.0810810810810811,0.0411523464039972,5.6,12.4,37,0.0523852108857954,0.82,1,1.3,1,3
"645","8.2","2",1,"a",0.192307692307692,0.101666259347033,2.7,18.7,26,0.0715144725738188,0.82,1,1.3,1,3
"646","8.8","2",1,"a",0.0909090909090909,0.0591114559088285,5,16.2,33,0.0736545834223382,0.82,1,1.3,1,3
"647","9.4","2",1,"a",0.0967741935483871,0.0706005165332198,4.7,17.9,31,0.0849534336062737,0.82,1,1.3,1,3
"648","10","2",1,"a",0.103448275862069,0.0841528851697387,4.4,20.3,29,0.101598148942839,0.82,1,1.3,1,3
"649","7.1","0",0.6,"n",0.48,0.0940174396460892,2.5,17.3,25,0.0581388249819421,0.88,1,1.3,1,4
"650","7.6","0",0.619047619047619,"n",0.5,0.0876068524599657,2.7,17.3,26,0.0614224861024591,0.88,1,1.3,1,4
"651","8.2","0",0.466666666666667,"n",0.35,0.150723852601949,1.5,21.2,20,0.0786203689154736,0.88,1,1.3,1,4
"652","8.8","0",0.466666666666667,"n",0.35,0.152970947903805,1.5,21.9,20,0.0861347362791,0.88,1,1.3,1,4
"653","9.4","0",0.333333333333333,"n",0.235294117647059,0.201346498475356,0.9,24.4,17,0.101598148942839,0.88,1,1.3,1,4
"654","10","0",0.5,"n",0.444444444444444,0.0849282385471823,3.8,21.4,27,0.104828335740565,0.88,1,1.3,1,4
"655","7.1","1",0.05,"n",0.04,0.0940174396460892,2.5,17.3,25,0.0581388249819421,0.88,1,1.3,1,4
"656","7.6","1",0.0476190476190476,"n",0.0384615384615385,0.0876068524599657,2.7,17.3,26,0.0614224861024591,0.88,1,1.3,1,4
"657","8.2","1",0.0666666666666667,"n",0.05,0.150723852601949,1.5,21.2,20,0.0786203689154736,0.88,1,1.3,1,4
"658","8.8","1",0.0666666666666667,"n",0.05,0.152970947903805,1.5,21.9,20,0.0861347362791,0.88,1,1.3,1,4
"659","9.4","1",0.0833333333333333,"n",0.0588235294117647,0.201346498475356,0.9,24.4,17,0.101598148942839,0.88,1,1.3,1,4
"660","10","1",0.208333333333333,"n",0.185185185185185,0.0849282385471823,3.8,21.4,27,0.104828335740565,0.88,1,1.3,1,4
"661","7.1","2",0.35,"n",0.28,0.0940174396460892,2.5,17.3,25,0.0581388249819421,0.88,1,1.3,1,4
"662","7.6","2",0.333333333333333,"n",0.269230769230769,0.0876068524599657,2.7,17.3,26,0.0614224861024591,0.88,1,1.3,1,4
"663","8.2","2",0.466666666666667,"n",0.35,0.150723852601949,1.5,21.2,20,0.0786203689154736,0.88,1,1.3,1,4
"664","8.8","2",0.466666666666667,"n",0.35,0.152970947903805,1.5,21.9,20,0.0861347362791,0.88,1,1.3,1,4
"665","9.4","2",0.583333333333333,"n",0.411764705882353,0.201346498475356,0.9,24.4,17,0.101598148942839,0.88,1,1.3,1,4
"666","10","2",0.291666666666667,"n",0.259259259259259,0.0849282385471823,3.8,21.4,27,0.104828335740565,0.88,1,1.3,1,4
"667","7.1","0",0,"a",0,0.0940174396460892,2.5,17.3,25,0.0581388249819421,0.88,1,1.3,1,4
"668","7.6","0",0,"a",0,0.0876068524599657,2.7,17.3,26,0.0614224861024591,0.88,1,1.3,1,4
"669","8.2","0",0,"a",0,0.150723852601949,1.5,21.2,20,0.0786203689154736,0.88,1,1.3,1,4
"670","8.8","0",0,"a",0,0.152970947903805,1.5,21.9,20,0.0861347362791,0.88,1,1.3,1,4
"671","9.4","0",0,"a",0,0.201346498475356,0.9,24.4,17,0.101598148942839,0.88,1,1.3,1,4
"672","10","0",0,"a",0,0.0849282385471823,3.8,21.4,27,0.104828335740565,0.88,1,1.3,1,4
"673","7.1","1",0,"a",0,0.0940174396460892,2.5,17.3,25,0.0581388249819421,0.88,1,1.3,1,4
"674","7.6","1",0,"a",0,0.0876068524599657,2.7,17.3,26,0.0614224861024591,0.88,1,1.3,1,4
"675","8.2","1",0,"a",0,0.150723852601949,1.5,21.2,20,0.0786203689154736,0.88,1,1.3,1,4
"676","8.8","1",0,"a",0,0.152970947903805,1.5,21.9,20,0.0861347362791,0.88,1,1.3,1,4
"677","9.4","1",0,"a",0,0.201346498475356,0.9,24.4,17,0.101598148942839,0.88,1,1.3,1,4
"678","10","1",0,"a",0,0.0849282385471823,3.8,21.4,27,0.104828335740565,0.88,1,1.3,1,4
"679","7.1","2",1,"a",0.2,0.0940174396460892,2.5,17.3,25,0.0581388249819421,0.88,1,1.3,1,4
"680","7.6","2",1,"a",0.192307692307692,0.0876068524599657,2.7,17.3,26,0.0614224861024591,0.88,1,1.3,1,4
"681","8.2","2",1,"a",0.25,0.150723852601949,1.5,21.2,20,0.0786203689154736,0.88,1,1.3,1,4
"682","8.8","2",1,"a",0.25,0.152970947903805,1.5,21.9,20,0.0861347362791,0.88,1,1.3,1,4
"683","9.4","2",1,"a",0.294117647058824,0.201346498475356,0.9,24.4,17,0.101598148942839,0.88,1,1.3,1,4
"684","10","2",1,"a",0.111111111111111,0.0849282385471823,3.8,21.4,27,0.104828335740565,0.88,1,1.3,1,4
"685","7.1","0",0.529411764705882,"n",0.409090909090909,0.111142809310203,1.8,18.2,22,0.0590637549557212,0.94,1,1.3,1,5
"686","7.6","0",0.5,"n",0.380952380952381,0.124117152026197,1.6,18.9,21,0.0638473605521784,0.94,1,1.3,1,5
"687","8.2","0",0.466666666666667,"n",0.35,0.137226921007895,1.5,21.2,20,0.0786203689154736,0.94,1,1.3,1,5
"688","8.8","0",0.428571428571429,"n",0.315789473684211,0.154685585816441,1.2,22.2,19,0.0861347362791,0.94,1,1.3,1,5
"689","9.4","0",0.333333333333333,"n",0.235294117647059,0.186909496945599,0.9,24.4,17,0.101598148942839,0.94,1,1.3,1,5
"690","10","0",0.333333333333333,"n",0.235294117647059,0.189134635767249,0.9,25.4,17,0.112063315447455,0.94,1,1.3,1,5
"691","7.1","1",0,"n",0,0.111142809310203,1.8,18.2,22,0.0590637549557212,0.94,1,1.3,1,5
"692","7.6","1",0,"n",0,0.124117152026197,1.6,18.9,21,0.0638473605521784,0.94,1,1.3,1,5
"693","8.2","1",0.0666666666666667,"n",0.05,0.137226921007895,1.5,21.2,20,0.0786203689154736,0.94,1,1.3,1,5
"694","8.8","1",0,"n",0,0.154685585816441,1.2,22.2,19,0.0861347362791,0.94,1,1.3,1,5
"695","9.4","1",0.0833333333333333,"n",0.0588235294117647,0.186909496945599,0.9,24.4,17,0.101598148942839,0.94,1,1.3,1,5
"696","10","1",0.0833333333333333,"n",0.0588235294117647,0.189134635767249,0.9,25.4,17,0.112063315447455,0.94,1,1.3,1,5
"697","7.1","2",0.470588235294118,"n",0.363636363636364,0.111142809310203,1.8,18.2,22,0.0590637549557212,0.94,1,1.3,1,5
"698","7.6","2",0.5,"n",0.380952380952381,0.124117152026197,1.6,18.9,21,0.0638473605521784,0.94,1,1.3,1,5
"699","8.2","2",0.466666666666667,"n",0.35,0.137226921007895,1.5,21.2,20,0.0786203689154736,0.94,1,1.3,1,5
"700","8.8","2",0.571428571428571,"n",0.421052631578947,0.154685585816441,1.2,22.2,19,0.0861347362791,0.94,1,1.3,1,5
"701","9.4","2",0.583333333333333,"n",0.411764705882353,0.186909496945599,0.9,24.4,17,0.101598148942839,0.94,1,1.3,1,5
"702","10","2",0.583333333333333,"n",0.411764705882353,0.189134635767249,0.9,25.4,17,0.112063315447455,0.94,1,1.3,1,5
"703","7.1","0",0,"a",0,0.111142809310203,1.8,18.2,22,0.0590637549557212,0.94,1,1.3,1,5
"704","7.6","0",0,"a",0,0.124117152026197,1.6,18.9,21,0.0638473605521784,0.94,1,1.3,1,5
"705","8.2","0",0,"a",0,0.137226921007895,1.5,21.2,20,0.0786203689154736,0.94,1,1.3,1,5
"706","8.8","0",0,"a",0,0.154685585816441,1.2,22.2,19,0.0861347362791,0.94,1,1.3,1,5
"707","9.4","0",0,"a",0,0.186909496945599,0.9,24.4,17,0.101598148942839,0.94,1,1.3,1,5
"708","10","0",0,"a",0,0.189134635767249,0.9,25.4,17,0.112063315447455,0.94,1,1.3,1,5
"709","7.1","1",0,"a",0,0.111142809310203,1.8,18.2,22,0.0590637549557212,0.94,1,1.3,1,5
"710","7.6","1",0,"a",0,0.124117152026197,1.6,18.9,21,0.0638473605521784,0.94,1,1.3,1,5
"711","8.2","1",0,"a",0,0.137226921007895,1.5,21.2,20,0.0786203689154736,0.94,1,1.3,1,5
"712","8.8","1",0,"a",0,0.154685585816441,1.2,22.2,19,0.0861347362791,0.94,1,1.3,1,5
"713","9.4","1",0,"a",0,0.186909496945599,0.9,24.4,17,0.101598148942839,0.94,1,1.3,1,5
"714","10","1",0,"a",0,0.189134635767249,0.9,25.4,17,0.112063315447455,0.94,1,1.3,1,5
"715","7.1","2",1,"a",0.227272727272727,0.111142809310203,1.8,18.2,22,0.0590637549557212,0.94,1,1.3,1,5
"716","7.6","2",1,"a",0.238095238095238,0.124117152026197,1.6,18.9,21,0.0638473605521784,0.94,1,1.3,1,5
"717","8.2","2",1,"a",0.25,0.137226921007895,1.5,21.2,20,0.0786203689154736,0.94,1,1.3,1,5
"718","8.8","2",1,"a",0.263157894736842,0.154685585816441,1.2,22.2,19,0.0861347362791,0.94,1,1.3,1,5
"719","9.4","2",1,"a",0.294117647058824,0.186909496945599,0.9,24.4,17,0.101598148942839,0.94,1,1.3,1,5
"720","10","2",1,"a",0.294117647058824,0.189134635767249,0.9,25.4,17,0.112063315447455,0.94,1,1.3,1,5
