"","Time","Wstart","A","h","S.day","Fit","Beh","S.cum","W"
"1",1,"7.1",1,"a",0.898505281250929,0.000888726452807973,2,0.898505281250929,7.1
"2",2,"7.1",3,"n",0.909407539982771,0.000989116559861127,0,0.817107477483935,7.1
"3",3,"7.1",3,"n",0.909407539982771,0.00106639067024932,0,0.743083701000193,7.3
"4",4,"7.1",3,"n",0.909407539982771,0.00114233089948367,0,0.675765920527878,7.5
"5",5,"7.1",3,"n",0.909407539982771,0.00122519022874657,0,0.614546623391451,7.7
"6",6,"7.1",3,"n",0.909407539982771,0.00132063068462091,0,0.558873332983138,7.9
"7",7,"7.1",3,"n",0.909407539982771,0.00142395676204525,0,0.508243622910167,8.1
"8",8,"7.1",3,"n",0.909407539982771,0.0014972118466785,0,0.462200582822666,8.3
"9",9,"7.1",3,"n",0.909407539982771,0.00159605024451797,0,0.420328695003364,8.5
"10",10,"7.1",3,"n",0.909407539982771,0.00165671515628113,0,0.382250084507178,8.7
"11",11,"7.1",3,"n",0.909407539982771,0.00170776623505585,0,0.347621109009879,8.9
"12",12,"7.1",3,"n",0.909407539982771,0.00182125661369764,0,0.316129257590757,9.1
"13",13,"7.1",3,"n",0.909407539982771,0.00187086664739056,2,0.28749033046219,9.3
"14",14,"7.1",5,"a",0.898505281250929,0.00199017728402459,2,0.258311580228852,9.4
"15",15,"7.1",7,"n",0.909407539982771,0.00221498674026022,2,0.234910498724983,9.4
"16",16,"7.1",9,"n",0.909407539982771,0.00233961872562207,0,0.213629378761613,9.5
"17",17,"7.1",9,"n",0.909407539982771,0.0024899944676633,2,0.194276167807646,9.7
"18",18,"7.1",11,"a",0.898505281250929,0.00270067636050791,2,0.174558162796361,9.8
"19",19,"7.1",13,"n",0.909407539982771,0.00300574344621318,2,0.158744509412551,9.8
"20",20,"7.1",15,"n",0.909407539982771,0.00318457058182006,2,0.14436345379064,9.9
"21",21,"7.1",17,"n",0.909407539982771,0.00330144979415544,2,0.131285213375162,10
"22",22,"7.1",19,"a",0.898505281250929,0.00357457875336176,2,0.117960457567738,10.1
"23",23,"7.1",21,"n",0.909407539982771,0.0039783614275312,2,0.107274129531919,10.1
"24",24,"7.1",23,"n",0.909407539982771,0.00426840311114729,2,0.0975559022414156,10.2
"25",25,"7.1",25,"a",0.898505281250929,0.00459531005334568,2,0.0876544933811112,10.3
"26",26,"7.1",26,"o",0.898505281250929,0.00511439403778233,0,0.078758025228303,10.3
"27",27,"7.1",26,"o",0.898505281250929,0.00521870748819877,0,0.0707645016085241,10.6
"28",28,"7.1",26,"o",0.898505281250929,0.0053354628610295,0,0.0635822784203487,11
"29",29,"7.1",26,"o",0.898505281250929,0.00524825426099598,0,0.0571290129546503,11.4
"30",30,"7.1",26,"o",0.898505281250929,0.00520313365908926,0,0.051330719852406,11.8
"31",31,"7.1",26,"o",0.898505281250929,0.00521970262448607,0,0.0461209228777986,12.2
"32",32,"7.1",26,"o",0.898505281250929,0.00516229975194332,0,0.0414398927818689,12.6
"33",33,"7.1",26,"o",0.898505281250929,0.0049357916535786,0,0.0372339625189814,13
"34",34,"7.1",26,"o",0.898505281250929,0.00510025858503029,0,0.0334549119652039,13.4
"35",35,"7.1",26,"o",0.898505281250929,0.00503580606039387,0,0.0300594150845206,13.9
"36",36,"7.1",26,"o",0.898505281250929,0.00484012347673509,0,0.0270085432047556,14.4
"37",37,"7.1",26,"o",0.898505281250929,0.00488522026574869,0,0.0242673187083668,14.9
"38",38,"7.1",26,"o",0.898505281250929,0.00453652131707639,0,0.021804314021267,15.4
"39",39,"7.1",26,"o",0.898505281250929,0.00469011644300175,0,0.0195912913021621,15.9
"40",40,"7.1",26,"o",0.898505281250929,0.00471486183058092,0,0.017602878701518,16.4
"41",41,"7.1",26,"o",0.898505281250929,0.00443013183223958,0,0.0158162794785334,16.9
"42",42,"7.1",26,"o",0.898505281250929,0.00457671405555446,0,0.014211010641203,17.4
"43",43,"7.1",26,"o",0.898505281250929,0.00467867425527126,0,0.012768668113034,17.9
"44",44,"7.1",26,"o",0.898505281250929,0.00446627672328952,0,0.0114727157341014,18.4
"45",45,"7.1",26,"o",0.898505281250929,0.0046590406061209,0,0.0103082956773807,18.9
"46",46,"7.1",26,"o",0.898505281250929,0.00486036699394018,0,0.00926205810682269,19.4
"47",47,"7.1",26,"o",0.898505281250929,0.00501571665752145,0,0.00832200812423316,19.9
"48",48,"7.1",26,"o",0.898505281250929,0.00491864919383731,0,0.00747736825023663,20.3
"49",49,"7.1",26,"o",0.898505281250929,0.00523790912620884,0,0.00671845486269563,20.7
"50",50,"7.1",26,"o",0.898505281250929,0.00552720129340375,0,0.006036567175978,21.1
"51",51,"7.1",26,"o",0.898505281250929,0.00583366634694483,0,0.00542388748824224,21.5
"52",52,"7.1",26,"o",0.898505281250929,0.00615838009890481,0,0.00487339155309648,21.9
"53",53,"7.1",26,"o",0.898505281250929,0.00637035288532449,0,0.00437876804806086,22.3
"54",54,"7.1",26,"o",0.898505281250929,0.00679569472223698,0,0.0039343462165555,22.7
"55",55,"7.1",26,"o",0.898505281250929,0.0073295098563392,0,0.00353503085384473,23
"56",56,"7.1",26,"o",0.898505281250929,0.00790876716132968,0,0.00317624389156447,23.3
"57",57,"7.1",26,"o",0.898505281250929,0.00853780907055864,0,0.00285387191111167,23.6
"58",58,"7.1",26,"o",0.898505281250929,0.00922146330397675,0,0.00256421898414752,23.9
"59",59,"7.1",26,"o",0.898505281250929,0.00986958497301749,0,0.00230396429954044,24.2
"60",60,"7.1",26,"o",NA,NA,NA,NA,24.4
"61",1,"8.5",1,"a",0.898685911298887,0.000895094681636821,2,0.898685911298887,8.5
"62",2,"8.5",3,"n",0.909590251528998,0.000996003910134881,0,0.817435944103921,8.5
"63",3,"8.5",3,"n",0.909590251528998,0.00107328400892997,0,0.743531766006329,8.7
"64",4,"8.5",3,"n",0.909590251528998,0.00115508853067792,0,0.676309246061497,8.9
"65",5,"8.5",3,"n",0.909590251528998,0.00123722831191868,0,0.615164297236464,9.1
"66",6,"8.5",3,"n",0.909590251528998,0.00133329649427831,0,0.559547447854974,9.3
"67",7,"8.5",3,"n",0.909590251528998,0.00143727104675528,0,0.508958903836815,9.5
"68",8,"8.5",3,"n",0.909590251528998,0.00152829015862256,0,0.462944057358851,9.7
"69",9,"8.5",3,"n",0.909590251528998,0.00161940026979783,0,0.421089401576892,9.9
"70",10,"8.5",3,"n",0.909590251528998,0.00172963610552102,0,0.383018814696521,10.1
"71",11,"8.5",3,"n",0.909590251528998,0.00177384896427097,2,0.348390180000147,10.3
"72",12,"8.5",5,"a",0.898685911298887,0.00187678515076473,2,0.313093346401015,10.4
"73",13,"8.5",7,"n",0.909590251528998,0.00208836605444518,0,0.284786655704955,10.4
"74",14,"8.5",7,"n",0.909590251528998,0.00222714936646791,0,0.259039165794772,10.6
"75",15,"8.5",7,"n",0.909590251528998,0.0022891610551289,2,0.235619499971129,10.8
"76",16,"8.5",9,"n",0.909590251528998,0.0024356370965455,2,0.214317200243876,10.9
"77",17,"8.5",11,"a",0.898685911298887,0.0025711725601338,2,0.192603848408193,11
"78",18,"8.5",13,"n",0.909590251528998,0.00286103579438297,0,0.175190582919062,11
"79",19,"8.5",13,"n",0.909590251528998,0.00304671547318001,2,0.159351646382861,11.2
"80",20,"8.5",15,"n",0.909590251528998,0.00330516662119398,2,0.144944704114946,11.3
"81",21,"8.5",17,"n",0.909590251528998,0.00350180798135937,2,0.13184028987371,11.4
"82",22,"8.5",19,"a",0.898685911298887,0.00363033035136038,2,0.118483011051065,11.5
"83",23,"8.5",21,"n",0.909590251528998,0.00403959860248994,2,0.107770991823851,11.5
"84",24,"8.5",23,"n",0.909590251528998,0.0043746738976967,2,0.0980274435605861,11.6
"85",25,"8.5",25,"a",0.887905832761962,0.00469360866661404,1,0.0870391389081885,11.7
"86",26,"8.5",26,"o",0.898685911298887,0.00515565021150929,0,0.0782208478683758,11.8
"87",27,"8.5",26,"o",0.898685911298887,0.00530036524564242,0,0.0702959739491629,12.1
"88",28,"8.5",26,"o",0.898685911298887,0.00548559022828176,0,0.0631740014091463,12.5
"89",29,"8.5",26,"o",0.898685911298887,0.00536962018911133,0,0.0567735850267758,12.9
"90",30,"8.5",26,"o",0.898685911298887,0.00544400364292252,0,0.0510216209974929,13.3
"91",31,"8.5",26,"o",0.898685911298887,0.00526903585190806,0,0.0458524119620783,13.7
"92",32,"8.5",26,"o",0.898685911298887,0.00534001825027158,0,0.0412069166293923,14.1
"93",33,"8.5",26,"o",0.898685911298887,0.00536510505785365,0,0.0370320754229027,14.5
"94",34,"8.5",26,"o",0.898685911298887,0.00519281482474157,0,0.0332802044487204,15
"95",35,"8.5",26,"o",0.898685911298887,0.00518115562943551,0,0.0299084508632116,15.5
"96",36,"8.5",26,"o",0.898685911298887,0.00497725757437079,0,0.0268783034195433,16
"97",37,"8.5",26,"o",0.898685911298887,0.00493701575062447,0,0.0241551526027602,16.5
"98",38,"8.5",26,"o",0.898685911298887,0.00484374113821513,0,0.0217078953293753,17
"99",39,"8.5",26,"o",0.898685911298887,0.00474113729467963,0,0.0195085796964605,17.5
"100",40,"8.5",26,"o",0.898685911298887,0.00476649131960127,0,0.0175320857226605,18
"101",41,"8.5",26,"o",0.898685911298887,0.00452657169222719,0,0.0157558384346394,18.5
"102",42,"8.5",26,"o",0.898685911298887,0.00462761944726342,0,0.0141595500219119,19
"103",43,"8.5",26,"o",0.898685911298887,0.00473081414049427,0,0.0127249881150241,19.5
"104",44,"8.5",26,"o",0.898685911298887,0.00451652553429931,0,0.0114357675404179,20
"105",45,"8.5",26,"o",0.898685911298887,0.00475556461323789,0,0.0102771631734627,20.5
"106",46,"8.5",26,"o",0.898685911298887,0.00496152626144016,0,0.00923594175211071,21
"107",47,"8.5",26,"o",0.898685911298887,0.00512715926034517,0,0.00830021073019905,21.5
"108",48,"8.5",26,"o",0.898685911298887,0.00497385667064439,0,0.00745928244404174,22
"109",49,"8.5",26,"o",0.898685911298887,0.00529626025762982,0,0.00670355204085944,22.4
"110",50,"8.5",26,"o",0.898685911298887,0.00558830610886545,0,0.00602438777477928,22.8
"111",51,"8.5",26,"o",0.898685911298887,0.005897634081805,0,0.00541403241739539,23.2
"112",52,"8.5",26,"o",0.898685911298887,0.00622532375168832,0,0.00486551465682869,23.6
"113",53,"8.5",26,"o",0.898685911298887,0.00650609272225042,0,0.00437256947331018,24
"114",54,"8.5",26,"o",0.898685911298887,0.00686831955149962,0,0.00392956658183946,24.4
"115",55,"8.5",26,"o",0.898685911298887,0.00740678264741901,0,0.00353144612461004,24.7
"116",56,"8.5",26,"o",0.898685911298887,0.00799094269656463,0,0.0031736608786981,25
"117",57,"8.5",26,"o",0.898685911298887,0.0086251459913068,0,0.00285212431892643,25.3
"118",58,"8.5",26,"o",0.898685911298887,0.00931422118373998,0,0.00256316394269212,25.6
"119",59,"8.5",26,"o",0.898685911298887,0.00996711226403505,0,0.00230347932364671,25.9
"120",60,"8.5",26,"o",NA,NA,NA,NA,26.1
"121",1,"10",1,"a",0.898863170195976,0.000907275304751778,2,0.898863170195976,10
"122",2,"10",3,"n",0.909769553056303,0.00100935863748202,0,0.817758344607965,10
"123",3,"10",3,"n",0.909769553056303,0.00108764939410978,0,0.74397164368205,10.2
"124",4,"10",3,"n",0.909769553056303,0.00117262132032634,0,0.676842749759182,10.4
"125",5,"10",3,"n",0.909769553056303,0.00125612648813679,0,0.61577092593781,10.6
"126",6,"10",3,"n",0.909769553056303,0.00134724001603261,0,0.560209640075508,10.8
"127",7,"10",3,"n",0.909769553056303,0.00145218796475553,0,0.509661673869327,11
"128",8,"10",3,"n",0.909769553056303,0.00156580707706935,0,0.463674673246025,11.2
"129",9,"10",3,"n",0.909769553056303,0.00164635961420208,2,0.421837100242564,11.4
"130",10,"10",5,"a",0.898863170195976,0.00177834597292107,2,0.379173833230308,11.5
"131",11,"10",7,"n",0.909769553056303,0.001978439023743,0,0.344960808788583,11.5
"132",12,"10",7,"n",0.909769553056303,0.00211429106420633,0,0.31383484083353,11.7
"133",13,"10",7,"n",0.909769553056303,0.0021695879266984,2,0.285517382878617,11.9
"134",14,"10",9,"n",0.909769553056303,0.00229549747490705,0,0.259755021811284,12
"135",15,"10",9,"n",0.909769553056303,0.00244804579929171,0,0.236317210097382,12.2
"136",16,"10",9,"n",0.909769553056303,0.00251669479887331,2,0.214994202609808,12.4
"137",17,"10",11,"a",0.898863170195976,0.00267772999155527,2,0.193250370531608,12.5
"138",18,"10",13,"n",0.909769553056303,0.0029790184761619,2,0.175813303226506,12.5
"139",19,"10",15,"n",0.909769553056303,0.00314480329137968,0,0.159949590297731,12.6
"140",20,"10",15,"n",0.909769553056303,0.00334954719233035,2,0.145517267276705,12.8
"141",21,"10",17,"n",0.909769553056303,0.00363368738356428,2,0.132387179212303,12.9
"142",22,"10",19,"a",0.898863170195976,0.00384987413340559,2,0.118997959600073,13
"143",23,"10",21,"n",0.909769553056303,0.00428304803340225,2,0.108260720519971,13
"144",24,"10",23,"n",0.909769553056303,0.00444111905959797,2,0.0984923073210071,13.1
"145",25,"10",25,"a",0.888081071087291,0.00480949954151662,1,0.0874691537794986,13.2
"146",26,"10",26,"o",0.898863170195976,0.00528615591139195,0,0.0786228008605995,13.3
"147",27,"10",26,"o",0.898863170195976,0.00564739808047802,0,0.0706711400312453,13.6
"148",28,"10",26,"o",0.898863170195976,0.00564467474925217,0,0.0635236849698489,14
"149",29,"10",26,"o",0.898863170195976,0.00545990218474824,0,0.0570991008545289,14.4
"150",30,"10",26,"o",0.898863170195976,0.00557468508242542,0,0.0513242788094416,14.8
"151",31,"10",26,"o",0.898863170195976,0.00535928104710942,0,0.0461335039586768,15.2
"152",32,"10",26,"o",0.898863170195976,0.00539120500011663,0,0.0414677076205448,15.6
"153",33,"10",26,"o",0.898863170195976,0.00541747711376443,0,0.0372737951325628,16
"154",34,"10",26,"o",0.898863170195976,0.00524490947673302,0,0.0335040416580907,16.5
"155",35,"10",26,"o",0.898863170195976,0.00523395760703964,0,0.0301155490991695,17
"156",36,"10",26,"o",0.898863170195976,0.00502912710910904,0,0.027069757935472,17.5
"157",37,"10",26,"o",0.898863170195976,0.00503202980845545,0,0.0243320084343161,18
"158",38,"10",26,"o",0.898863170195976,0.00498460351811194,0,0.0218711462385046,18.5
"159",39,"10",26,"o",0.898863170195976,0.00479253137399023,0,0.019659167843762,19
"160",40,"10",26,"o",0.898863170195976,0.0049098698215459,0,0.0176709019314587,19.5
"161",41,"10",26,"o",0.898863170195976,0.00457661445557908,0,0.0158837229303332,20
"162",42,"10",26,"o",0.898863170195976,0.00467892572367282,0,0.0142772935476738,20.5
"163",43,"10",26,"o",0.898863170195976,0.00483304205677099,0,0.0128333333400806,21
"164",44,"10",26,"o",0.898863170195976,0.0047486740413187,0,0.0115354106902466,21.5
"165",45,"10",26,"o",0.898863170195976,0.00480871246304604,0,0.0103687558225476,22
"166",46,"10",26,"o",0.898863170195976,0.00501678786008771,0,0.0093200927296431,22.5
"167",47,"10",26,"o",0.898863170195976,0.00523420226830851,0,0.00837748809748747,23
"168",48,"10",26,"o",0.898863170195976,0.00524121390869038,0,0.00753021550958664,23.5
"169",49,"10",26,"o",0.898863170195976,0.00535509852448729,0,0.00676863338520595,23.9
"170",50,"10",26,"o",0.898863170195976,0.00564992338059398,0,0.00608407526252054,24.3
"171",51,"10",26,"o",0.898863170195976,0.0059621408813645,0,0.00546875117818013,24.7
"172",52,"10",26,"o",0.898863170195976,0.00629283442994682,0,0.00491565902103197,25.1
"173",53,"10",26,"o",0.898863170195976,0.00664311281362771,0,0.00441850485124725,25.5
"174",54,"10",26,"o",0.898863170195976,0.00694156495131269,0,0.0039716312781184,25.9
"175",55,"10",26,"o",0.898863170195976,0.00748472131825483,0,0.003569953081499,26.2
"176",56,"10",26,"o",0.898863170195976,0.00807383369340501,0,0.00320889934428708,26.5
"177",57,"10",26,"o",0.898863170195976,0.00871325289025495,0,0.00288436143744568,26.8
"178",58,"10",26,"o",0.898863170195976,0.00940780931290674,0,0.00259264626565344,27.1
"179",59,"10",26,"o",0.898863170195976,0.0100655292875077,0,0.00233043424154201,27.4
"180",60,"10",26,"o",NA,NA,NA,NA,27.6
"181",1,"11.4",1,"a",0.89903716559663,0.000914746132405154,2,0.89903716559663,11.4
"182",2,"11.4",3,"n",0.909945553460812,0.00101747310056765,0,0.818074871230665,11.4
"183",3,"11.4",3,"n",0.909945553460812,0.00109500284162086,0,0.744403591474369,11.6
"184",4,"11.4",3,"n",0.909945553460812,0.00117996428295687,0,0.677366738042361,11.8
"185",5,"11.4",3,"n",0.909945553460812,0.00126989985736572,0,0.616366851343901,12
"186",6,"11.4",3,"n",0.909945553460812,0.00136020401476261,0,0.560860275681024,12.2
"187",7,"11.4",3,"n",0.909945553460812,0.00146582100240968,0,0.510352313968752,12.4
"188",8,"11.4",3,"n",0.909945553460812,0.00158013022274509,0,0.464392818794302,12.6
"189",9,"11.4",3,"n",0.909945553460812,0.00168019628184619,0,0.422572180521008,12.8
"190",10,"11.4",3,"n",0.909945553460812,0.00178036238523408,0,0.38451767668133,13
"191",11,"11.4",3,"n",0.909945553460812,0.00190155523612257,2,0.349890150123259,13.2
"192",12,"11.4",5,"a",0.89903716559663,0.00200243255061088,2,0.314564248836994,13.3
"193",13,"11.4",7,"n",0.909945553460812,0.00222730786583445,2,0.286236339506963,13.3
"194",14,"11.4",9,"n",0.909945553460812,0.00238476647125619,2,0.26045948437326,13.4
"195",15,"11.4",11,"a",0.89903716559663,0.00252173482044968,2,0.234162756583695,13.5
"196",16,"11.4",13,"n",0.909945553460812,0.00280492833550009,0,0.21307535913946,13.5
"197",17,"11.4",13,"n",0.909945553460812,0.00299133111845977,0,0.193886975601017,13.7
"198",18,"11.4",13,"n",0.909945553460812,0.00307695757097041,2,0.17642659132211,13.9
"199",19,"11.4",15,"n",0.909945553460812,0.00327447590013769,2,0.160538592285802,14
"200",20,"11.4",17,"n",0.909945553460812,0.00345604684181482,0,0.146081378209324,14.1
"201",21,"11.4",17,"n",0.909945553460812,0.00368175345182502,2,0.132926100545001,14.3
"202",22,"11.4",19,"a",0.89903716559663,0.00399407451189939,2,0.119505504667791,14.4
"203",23,"11.4",21,"n",0.909945553460812,0.00444261334763485,2,0.108743502586546,14.4
"204",24,"11.4",23,"n",0.909945553460812,0.00470783839601322,2,0.0989506666463821,14.5
"205",25,"11.4",25,"a",0.888253083136011,0.004881586820177,1,0.0878932347270126,14.6
"206",26,"11.4",26,"o",0.89903716559663,0.00541560866242569,0,0.0790192846240927,14.7
"207",27,"11.4",26,"o",0.89903716559663,0.00569211349616321,0,0.0710412736759177,15
"208",28,"11.4",26,"o",0.89903716559663,0.00576112623623813,0,0.0638687453259715,15.4
"209",29,"11.4",26,"o",0.89903716559663,0.00554941000574136,0,0.0574203757680744,15.8
"210",30,"11.4",26,"o",0.89903716559663,0.00579028663662065,0,0.051623051878023,16.2
"211",31,"11.4",26,"o",0.89903716559663,0.00573878603880938,0,0.0464110422398656,16.6
"212",32,"11.4",26,"o",0.89903716559663,0.0055761395881741,0,0.0417252518677142,17
"213",33,"11.4",26,"o",0.89903716559663,0.00560156696445987,0,0.0375125521729553,17.4
"214",34,"11.4",26,"o",0.89903716559663,0.00543969587036752,0,0.0337251785798694,17.9
"215",35,"11.4",26,"o",0.89903716559663,0.00537610620497933,0,0.030320188959686,18.4
"216",36,"11.4",26,"o",0.89903716559663,0.00508132976084893,0,0.0272589767426703,18.9
"217",37,"11.4",26,"o",0.89903716559663,0.00508490152261557,0,0.0245068331877948,19.4
"218",38,"11.4",26,"o",0.89903716559663,0.00508090261550815,0,0.0220325538469044,19.9
"219",39,"11.4",26,"o",0.89903716559663,0.00489192244549993,0,0.0198080847613761,20.4
"220",40,"11.4",26,"o",0.89903716559663,0.00496311344895702,0,0.0178082043797653,20.9
"221",41,"11.4",26,"o",0.89903716559663,0.0048501670052036,0,0.0160102375899497,21.4
"222",42,"11.4",26,"o",0.89903716559663,0.00482417868193336,0,0.014393798623397,21.9
"223",43,"11.4",26,"o",0.89903716559663,0.00488645944068888,0,0.0129405599165475,22.4
"224",44,"11.4",26,"o",0.89903716559663,0.00499498604877904,0,0.0116340443086062,22.9
"225",45,"11.4",26,"o",0.89903716559663,0.0048622957084652,0,0.010459438219635,23.4
"226",46,"11.4",26,"o",0.89903716559663,0.00507250497123046,0,0.00940342369071368,23.9
"227",47,"11.4",26,"o",0.89903716559663,0.00529211623151882,0,0.00845402738180343,24.4
"228",48,"11.4",26,"o",0.89903716559663,0.00540931736518479,0,0.00760048481521285,24.9
"229",49,"11.4",26,"o",0.89903716559663,0.00541442916785525,0,0.00683311832542919,25.3
"230",50,"11.4",26,"o",0.89903716559663,0.00576635623988303,0,0.00614322733148024,25.7
"231",51,"11.4",26,"o",0.89903716559663,0.00608535518209701,0,0.00552298968770975,26.1
"232",52,"11.4",26,"o",0.89903716559663,0.00642335059396634,0,0.00496537299445799,26.5
"233",53,"11.4",26,"o",0.89903716559663,0.0067143496151137,0,0.00446405486306756,26.9
"234",54,"11.4",26,"o",0.89903716559663,0.007015437771606,0,0.00401335123116011,27.3
"235",55,"11.4",26,"o",0.89903716559663,0.00756333308667456,0,0.00360815191540593,27.6
"236",56,"11.4",26,"o",0.89903716559663,0.00815744771820909,0,0.0032438626710686,27.9
"237",57,"11.4",26,"o",0.89903716559663,0.00880213764611248,0,0.00291635310138222,28.2
"238",58,"11.4",26,"o",0.89903716559663,0.00950223582289024,0,0.00262190982614562,28.5
"239",59,"11.4",26,"o",0.89903716559663,0.0102631153053862,0,0.00235719437854791,28.8
"240",60,"11.4",26,"o",NA,NA,NA,NA,29.1
"241",1,"12.8",1,"a",0.899208000325557,0.000924518769485899,2,0.899208000325557,12.8
"242",2,"12.8",3,"n",0.910118356753198,0.00102814784693995,0,0.818385707635625,12.8
"243",3,"12.8",3,"n",0.910118356753198,0.00110946627537837,0,0.744827855423637,13
"244",4,"12.8",3,"n",0.910118356753198,0.00119552186645058,0,0.677881503842169,13.2
"245",5,"12.8",3,"n",0.910118356753198,0.00128892126185912,0,0.616952400350221,13.4
"246",6,"12.8",3,"n",0.910118356753198,0.00138070842656465,0,0.561499704801684,13.6
"247",7,"12.8",3,"n",0.910118356753198,0.00148085854434967,0,0.511031188651514,13.8
"248",8,"12.8",3,"n",0.910118356753198,0.0015962151732568,0,0.465098865665149,14
"249",9,"12.8",3,"n",0.910118356753198,0.00172110296701965,0,0.423295015346942,14.2
"250",10,"12.8",3,"n",0.910118356753198,0.00180401740247019,0,0.385248563789378,14.4
"251",11,"12.8",3,"n",0.910118356753198,0.00192910830200126,2,0.350621789817518,14.6
"252",12,"12.8",5,"a",0.899208000325557,0.00208974617095535,2,0.315281918492378,14.7
"253",13,"12.8",7,"n",0.910118356753198,0.00232398529617036,2,0.286943861572279,14.7
"254",14,"12.8",9,"n",0.910118356753198,0.00244773751282512,2,0.26115287577458,14.8
"255",15,"12.8",11,"a",0.899208000325557,0.00262077930068031,2,0.234830755204528,14.9
"256",16,"12.8",13,"n",0.910118356753198,0.00291454179648253,2,0.213723781041858,14.9
"257",17,"12.8",15,"n",0.910118356753198,0.00308194858499926,0,0.194513936400896,15
"258",18,"12.8",15,"n",0.910118356753198,0.00328676087410899,0,0.177030704162779,15.2
"259",19,"12.8",15,"n",0.910118356753198,0.00338147437422796,2,0.16111889356749,15.4
"260",20,"12.8",17,"n",0.899208000325557,0.00359854047056312,1,0.144879398099489,15.5
"261",21,"12.8",18,"n",0.910118356753198,0.00379667712522746,2,0.131857399725699,15.6
"262",22,"12.8",20,"n",0.910118356753198,0.00410397778548595,0,0.120005839964103,15.7
"263",23,"12.8",20,"n",0.910118356753198,0.00428713433594476,2,0.109219517868917,15.9
"264",24,"12.8",22,"a",0.899208000325557,0.00444369884440909,2,0.0982110642594298,16
"265",25,"12.8",24,"a",0.899208000325557,0.00494179193557025,2,0.0883121747025667,16
"266",26,"12.8",26,"o",0.899208000325557,0.00549571615664127,0,0.0794110140186962,16
"267",27,"12.8",26,"o",0.899208000325557,0.00573687664031334,0,0.0714070191195766,16.3
"268",28,"12.8",26,"o",0.899208000325557,0.00580821014310914,0,0.0642097628717233,16.7
"269",29,"12.8",26,"o",0.899208000325557,0.0059381541459626,0,0.0577379324732605,17.1
"270",30,"12.8",26,"o",0.899208000325557,0.00584109450496406,0,0.0519184108022126,17.5
"271",31,"12.8",26,"o",0.899208000325557,0.00579087710185218,0,0.0466854503575384,17.9
"272",32,"12.8",26,"o",0.899208000325557,0.00580931768950654,0,0.0419799304603001,18.3
"273",33,"12.8",26,"o",0.899208000325557,0.00574543061645247,0,0.0377486893230124,18.8
"274",34,"12.8",26,"o",0.899208000325557,0.00549333627366867,0,0.0339439234410567,19.3
"275",35,"12.8",26,"o",0.899208000325557,0.00552206438337883,0,0.0305226475206364,19.8
"276",36,"12.8",26,"o",0.899208000325557,0.0051338673471134,0,0.0274462088416733,20.3
"277",37,"12.8",26,"o",0.899208000325557,0.00522875527142355,0,0.0246798505690386,20.8
"278",38,"12.8",26,"o",0.899208000325557,0.00518205964656911,0,0.0221923190785188,21.3
"279",39,"12.8",26,"o",0.899208000325557,0.00494447666050019,0,0.0199555108611816,21.8
"280",40,"12.8",26,"o",0.899208000325557,0.00501675441373006,0,0.017944155016958,22.3
"281",41,"12.8",26,"o",0.899208000325557,0.00499693282259893,0,0.0161355277503306,22.8
"282",42,"12.8",26,"o",0.899208000325557,0.00487715958226195,0,0.0145091956425724,23.3
"283",43,"12.8",26,"o",0.899208000325557,0.00498638175132682,0,0.0130467848000898,23.8
"284",44,"12.8",26,"o",0.899208000325557,0.00505011271897091,0,0.0117317732707666,24.3
"285",45,"12.8",26,"o",0.899208000325557,0.00491631854903641,0,0.0105493043830788,24.8
"286",46,"12.8",26,"o",0.899208000325557,0.00512868205726634,0,0.00948601889913396,25.3
"287",47,"12.8",26,"o",0.899208000325557,0.00535051113063084,0,0.00852990408534069,25.8
"288",48,"12.8",26,"o",0.899208000325557,0.00558228956711129,0,0.007670157995548,26.3
"289",49,"12.8",26,"o",0.899208000325557,0.00547425741002813,0,0.0068970674333578,26.8
"290",50,"12.8",26,"o",0.899208000325557,0.0058295807887923,0,0.00620189821486019,27.2
"291",51,"12.8",26,"o",0.899208000325557,0.00615155125822811,0,0.00557679649200707,27.6
"292",52,"12.8",26,"o",0.899208000325557,0.0064926344548838,0,0.00501470002180026,28
"293",53,"12.8",26,"o",0.899208000325557,0.0068540277140396,0,0.00450925837883554,28.4
"294",54,"12.8",26,"o",0.899208000325557,0.00708994484312377,0,0.00405476120978397,28.8
"295",55,"12.8",26,"o",0.899208000325557,0.00764262515429079,0,0.00364607371924748,29.1
"296",56,"12.8",26,"o",0.899208000325557,0.00824179232621312,0,0.00327857865812409,29.4
"297",57,"12.8",26,"o",0.899208000325557,0.00889180813462979,0,0.00294812415908181,29.7
"298",58,"12.8",26,"o",0.899208000325557,0.00959750885472403,0,0.00265097682979942,30
"299",59,"12.8",26,"o",0.899208000325557,0.0103642675006198,0,0.00238377957403332,30.3
"300",60,"12.8",26,"o",NA,NA,NA,NA,30.6
"301",1,"14.3",1,"a",0.899375772655235,0.000934896528212757,2,0.899375772655235,14.3
"302",2,"14.3",3,"n",0.910288062339384,0.00103949489928181,0,0.818691029405321,14.3
"303",3,"14.3",3,"n",0.910288062339384,0.00111816920990259,0,0.745244670812006,14.5
"304",4,"14.3",3,"n",0.910288062339384,0.00120337182533198,0,0.678387327362213,14.7
"305",5,"14.3",3,"n",0.910288062339384,0.00129674163302308,0,0.617527885740142,14.9
"306",6,"14.3",3,"n",0.910288062339384,0.00139557784807661,0,0.562128262550931,15.1
"307",7,"14.3",3,"n",0.910288062339384,0.00149481912361605,0,0.511698646903691,15.3
"308",8,"14.3",3,"n",0.910288062339384,0.00161088869200437,0,0.465793169791646,15.5
"309",9,"14.3",3,"n",0.910288062339384,0.00173651073598344,0,0.424005961980557,15.7
"310",10,"14.3",3,"n",0.899375772655235,0.00184648001790423,1,0.38134068966669,15.9
"311",11,"14.3",4,"n",0.910288062339384,0.00199187265256729,0,0.347129877487856,16
"312",12,"14.3",4,"n",0.910288062339384,0.00212753464163733,2,0.315988183558528,16.2
"313",13,"14.3",6,"n",0.910288062339384,0.00226663483739111,2,0.287640271333634,16.3
"314",14,"14.3",8,"n",0.910288062339384,0.00239606237570414,0,0.261835505243069,16.4
"315",15,"14.3",8,"n",0.910288062339384,0.00249635835566495,0,0.238345734719367,16.6
"316",16,"14.3",8,"n",0.910288062339384,0.00257292253969465,0,0.216963277024549,16.8
"317",17,"14.3",8,"n",0.899375772655235,0.00259243149302774,1,0.195131514911766,17
"318",18,"14.3",9,"n",0.910288062339384,0.00283048236692778,2,0.17762588861038,17.1
"319",19,"14.3",11,"a",0.899375772655235,0.00306807369652583,2,0.159752420812533,17.2
"320",20,"14.3",13,"n",0.910288062339384,0.00341133682917422,2,0.145420721595467,17.2
"321",21,"14.3",15,"n",0.910288062339384,0.00369878281347767,2,0.132374746885133,17.3
"322",22,"14.3",17,"n",0.910288062339384,0.00390889311767107,2,0.120499151844734,17.4
"323",23,"14.3",19,"a",0.899375772655235,0.00412443580720943,2,0.108374017794658,17.5
"324",24,"14.3",21,"n",0.910288062339384,0.00458588715930475,2,0.0986515746662332,17.5
"325",25,"14.3",23,"n",0.910288062339384,0.00494450661694268,2,0.0898013507496545,17.6
"326",26,"14.3",25,"a",0.888587830509578,0.00535266409041072,1,0.0797963874394652,17.7
"327",27,"14.3",26,"o",0.899375772655235,0.00588093503735327,0,0.0717669376084655,17.8
"328",28,"14.3",26,"o",0.899375772655235,0.00589790624177217,0,0.0645454449627138,18.2
"329",29,"14.3",26,"o",0.899375772655235,0.00610401271380046,0,0.0580506094347167,18.6
"330",30,"14.3",26,"o",0.899375772655235,0.00597496869774059,0,0.0522093117134556,19
"331",31,"14.3",26,"o",0.899375772655235,0.00605773783084482,0,0.0469557900620872,19.4
"332",32,"14.3",26,"o",0.899375772655235,0.00586304490329956,0,0.0422308999677267,19.8
"333",33,"14.3",26,"o",0.899375772655235,0.00594202956019813,0,0.0379814482884001,20.3
"334",34,"14.3",26,"o",0.899375772655235,0.00554726883575526,0,0.0341595944009448,20.8
"335",35,"14.3",26,"o",0.899375772655235,0.00567638130955618,0,0.0307223116079391,21.3
"336",36,"14.3",26,"o",0.899375772655235,0.00560464825914306,0,0.0276309027401452,21.8
"337",37,"14.3",26,"o",0.899375772655235,0.00538686146618583,0,0.0248505645010797,22.3
"338",38,"14.3",26,"o",0.899375772655235,0.00543705236651178,0,0.0223499956490773,22.8
"339",39,"14.3",26,"o",0.899375772655235,0.00504896455451045,0,0.0201010446057301,23.3
"340",40,"14.3",26,"o",0.899375772655235,0.00521990971101697,0,0.0180783925234559,23.8
"341",41,"14.3",26,"o",0.899375772655235,0.00524745032551922,0,0.0162592682441477,24.3
"342",42,"14.3",26,"o",0.899375772655235,0.00493055736530764,0,0.0146231919398891,24.8
"343",43,"14.3",26,"o",0.899375772655235,0.00509369744514202,0,0.0131517445496236,25.3
"344",44,"14.3",26,"o",0.899375772655235,0.00520717501933596,0,0.011828360416082,25.8
"345",45,"14.3",26,"o",0.899375772655235,0.004970785165638,0,0.0106381407884583,26.3
"346",46,"14.3",26,"o",0.899375772655235,0.0051853235627446,0,0.0095676860912349,26.8
"347",47,"14.3",26,"o",0.899375772655235,0.00540939168123021,0,0.00860494507082714,27.3
"348",48,"14.3",26,"o",0.899375772655235,0.00564347542193264,0,0.00773907912173102,27.8
"349",49,"14.3",26,"o",0.899375772655235,0.00553458845644479,0,0.00696034026474683,28.3
"350",50,"14.3",26,"o",0.899375772655235,0.00589333847459013,0,0.00625996140355003,28.7
"351",51,"14.3",26,"o",0.899375772655235,0.00621830835290227,0,0.00563005762410976,29.1
"352",52,"14.3",26,"o",0.899375772655235,0.00656250866699473,0,0.00506353742577722,29.5
"353",53,"14.3",26,"o",0.899375772655235,0.00692714069890197,0,0.00455402288467709,29.9
"354",54,"14.3",26,"o",0.899375772655235,0.00723956238820641,0,0.00409577785059608,30.3
"355",55,"14.3",26,"o",0.899375772655235,0.00772260470945678,0,0.00368364336900405,30.7
"356",56,"14.3",26,"o",0.899375772655235,0.0083268750644472,0,0.00331297960118435,31
"357",57,"14.3",26,"o",0.899375772655235,0.00898227223131714,0,0.00297961358860621,31.3
"358",58,"14.3",26,"o",0.899375772655235,0.0096936365613414,0,0.00267979227346675,31.6
"359",59,"14.3",26,"o",0.899375772655235,0.0104663419582044,0,0.00241014024650469,31.9
"360",60,"14.3",26,"o",NA,NA,NA,NA,32.2
"361",1,"15.7",1,"a",0.899540576564082,0.000943571344968248,2,0.899540576564082,15.7
"362",2,"15.7",3,"n",0.910454765281691,0.00104894806254582,0,0.818991004497008,15.7
"363",3,"15.7",3,"n",0.910454765281691,0.00112968586921795,0,0.74565426276714,15.9
"364",4,"15.7",3,"n",0.910454765281691,0.00121903515860985,0,0.678884476788948,16.1
"365",5,"15.7",3,"n",0.910454765281691,0.00131358944425156,0,0.618093606968265,16.3
"366",6,"15.7",3,"n",0.910454765281691,0.00141621279506688,0,0.562746269854406,16.5
"367",7,"15.7",3,"n",0.910454765281691,0.00151706469419017,0,0.51235502303344,16.7
"368",8,"15.7",3,"n",0.910454765281691,0.00162710545651729,0,0.466476072236806,16.9
"369",9,"15.7",3,"n",0.910454765281691,0.00175385449750867,0,0.424705362857886,17.1
"370",10,"15.7",3,"n",0.899540576564082,0.00189107598396279,1,0.382039706975041,17.3
"371",11,"15.7",4,"n",0.910454765281691,0.00205306844374165,2,0.347829871742246,17.5
"372",12,"15.7",6,"n",0.910454765281691,0.00218778479092935,0,0.316683364235048,17.6
"373",13,"15.7",6,"n",0.899540576564082,0.00233721030699853,1,0.284869536052248,17.8
"374",14,"15.7",7,"n",0.910454765281691,0.00248630855467529,2,0.259360826582354,18
"375",15,"15.7",9,"n",0.910454765281691,0.00266124025525265,2,0.236136300489302,18.1
"376",16,"15.7",11,"a",0.899540576564082,0.00287682352893036,2,0.212414183889856,18.2
"377",17,"15.7",13,"n",0.910454765281691,0.00319810312495161,2,0.193393505935941,18.2
"378",18,"15.7",15,"n",0.910454765281691,0.00338631625450778,2,0.17607603905391,18.3
"379",19,"15.7",17,"n",0.899540576564082,0.00369361622705447,1,0.158387541689674,18.4
"380",20,"15.7",18,"n",0.910454765281691,0.00400818039687405,2,0.144204692092616,18.6
"381",21,"15.7",20,"n",0.899540576564082,0.00434486951945533,1,0.129717971868238,18.7
"382",22,"15.7",21,"n",0.910454765281691,0.00453195119862751,2,0.118102345630114,18.9
"383",23,"15.7",23,"n",0.899540576564082,0.00482365219796583,1,0.106237852081683,19
"384",24,"15.7",24,"a",0.899540576564082,0.00509093555145953,2,0.0955652587144869,19.2
"385",25,"15.7",26,"o",0.899540576564082,0.00565948405674489,0,0.0859648279235253,19.2
"386",26,"15.7",26,"o",0.899540576564082,0.0060370514184011,0,0.0773288508745601,19.5
"387",27,"15.7",26,"o",0.899540576564082,0.00602378730230993,0,0.0695604391007397,19.9
"388",28,"15.7",26,"o",0.899540576564082,0.00628282286751914,0,0.0625724374947301,20.3
"389",29,"15.7",26,"o",0.899540576564082,0.00627979311692288,0,0.0562864465010296,20.7
"390",30,"15.7",26,"o",0.899540576564082,0.00607423061238324,0,0.0506319425382795,21.1
"391",31,"15.7",26,"o",0.899540576564082,0.00620192846616464,0,0.0455454867834435,21.5
"392",32,"15.7",26,"o",0.899540576564082,0.00596228794861064,0,0.0409700134410705,21.9
"393",33,"15.7",26,"o",0.899540576564082,0.00599780386923764,0,0.0368541895126188,22.4
"394",34,"15.7",26,"o",0.899540576564082,0.00596994454948043,0,0.0331518388829831,22.9
"395",35,"15.7",26,"o",0.899540576564082,0.00577823103651008,0,0.0298214242629582,23.4
"396",36,"15.7",26,"o",0.899540576564082,0.00576525743231815,0,0.0268255811754635,23.9
"397",37,"15.7",26,"o",0.899540576564082,0.00553837276382476,0,0.024130698757243,24.4
"398",38,"15.7",26,"o",0.899540576564082,0.00549359424527855,0,0.0217065426729846,24.9
"399",39,"15.7",26,"o",0.899540576564082,0.00538980424341401,0,0.0195259159112694,25.4
"400",40,"15.7",26,"o",0.899540576564082,0.00527563327194834,0,0.0175643536567651,25.9
"401",41,"15.7",26,"o",0.899540576564082,0.0053038456035348,0,0.0157998488153819,26.4
"402",42,"15.7",26,"o",0.899540576564082,0.00503687844141771,0,0.014212605113014,26.9
"403",43,"15.7",26,"o",0.899540576564082,0.00514931789747881,0,0.0127848149978382,27.4
"404",44,"15.7",26,"o",0.899540576564082,0.00526414632856182,0,0.0115004598544205,27.9
"405",45,"15.7",26,"o",0.899540576564082,0.00502569972168751,0,0.0103451302881975,28.4
"406",46,"15.7",26,"o",0.899540576564082,0.00529168706602353,0,0.00930586446407575,28.9
"407",47,"15.7",26,"o",0.899540576564082,0.00552086796850879,0,0.00837100268544191,29.4
"408",48,"15.7",26,"o",0.899540576564082,0.00570517373854765,0,0.0075300565820819,29.9
"409",49,"15.7",26,"o",0.899540576564082,0.00583093632320886,0,0.00677359143940611,30.4
"410",50,"15.7",26,"o",0.899540576564082,0.00595763482368483,0,0.00609312034881291,30.8
"411",51,"15.7",26,"o",0.899540576564082,0.00628563230526193,0,0.00548100899164551,31.2
"412",52,"15.7",26,"o",0.899540576564082,0.00663297938891478,0,0.00493038998849772,31.6
"413",53,"15.7",26,"o",0.899540576564082,0.00700088137839135,0,0.00443508585293902,32
"414",54,"15.7",26,"o",0.899540576564082,0.00739057181770985,0,0.00398953968526397,32.4
"415",55,"15.7",26,"o",0.899540576564082,0.00780327893002102,0,0.00358875282870764,32.8
"416",56,"15.7",26,"o",0.899540576564082,0.00841270347445013,0,0.00322822878868165,33.1
"417",57,"15.7",26,"o",0.899540576564082,0.00907353781397407,0,0.00290392278585146,33.4
"418",58,"15.7",26,"o",0.899540576564082,0.00979062710969362,0,0.0026121963770824,33.7
"419",59,"15.7",26,"o",0.899540576564082,0.0105693470598451,0,0.00234977663513931,34
"420",60,"15.7",26,"o",NA,NA,NA,NA,34.3
"421",1,"17.1",1,"a",0.899702501976831,0.00095061471078725,2,0.899702501976831,17.1
"422",2,"17.1",3,"n",0.910618556541992,0.0010565878261965,0,0.819285793667361,17.1
"423",3,"17.1",3,"n",0.910618556541992,0.00114194060351662,0,0.746056846824732,17.3
"424",4,"17.1",3,"n",0.910618556541992,0.00122836853097794,0,0.679373208953807,17.5
"425",5,"17.1",3,"n",0.910618556541992,0.0013219681495541,0,0.618649850890817,17.7
"426",6,"17.1",3,"n",0.910618556541992,0.00142453986454633,0,0.563354034223114,17.9
"427",7,"17.1",3,"n",0.910618556541992,0.00153311671965692,0,0.51300063746636,18.1
"428",8,"17.1",3,"n",0.910618556541992,0.00164213855532111,0,0.467147899994739,18.3
"429",9,"17.1",3,"n",0.910618556541992,0.00176964716846279,0,0.425393546384832,18.5
"430",10,"17.1",3,"n",0.910618556541992,0.00190764968566183,0,0.387371257171234,18.7
"431",11,"17.1",3,"n",0.910618556541992,0.00200490936892981,0,0.352747455051126,18.9
"432",12,"17.1",3,"n",0.899702501976831,0.00214078306820252,1,0.317367767875458,19.1
"433",13,"17.1",4,"n",0.910618556541992,0.00227654115545215,2,0.289000978675704,19.3
"434",14,"17.1",6,"n",0.899702501976831,0.00243605199917879,1,0.260014903588283,19.4
"435",15,"17.1",7,"n",0.910618556541992,0.00256801980567733,2,0.236774396184968,19.6
"436",16,"17.1",9,"n",0.910618556541992,0.00279923994943236,2,0.215611158880057,19.7
"437",17,"17.1",11,"a",0.899702501976831,0.00303773698430163,2,0.193985899098511,19.8
"438",18,"17.1",13,"n",0.910618556541992,0.00337637938943939,2,0.176647159426587,19.8
"439",19,"17.1",15,"n",0.910618556541992,0.00365967820651002,2,0.160858181334282,19.9
"440",20,"17.1",17,"n",0.899702501976831,0.00396654020898368,1,0.144724508209896,20
"441",21,"17.1",18,"n",0.910618556541992,0.00418414262151286,2,0.131788822762345,20.2
"442",22,"17.1",20,"n",0.899702501976831,0.00453741673864073,1,0.118570733571863,20.3
"443",23,"17.1",21,"n",0.910618556541992,0.00469631327805276,2,0.107972710253335,20.5
"444",24,"17.1",23,"n",0.899702501976831,0.00509455475118146,1,0.097143317560145,20.6
"445",25,"17.1",24,"a",0.899702501976831,0.00549821042663428,2,0.0874000858591923,20.8
"446",26,"17.1",26,"o",0.899702501976831,0.00611114275502578,0,0.0786340759205052,20.8
"447",27,"17.1",26,"o",0.899702501976831,0.00611172960499857,0,0.0707472748463146,21.2
"448",28,"17.1",26,"o",0.899702501976831,0.00633134392434793,0,0.0636515001872718,21.6
"449",29,"17.1",26,"o",0.899702501976831,0.00640810686887995,0,0.0572674139730672,22
"450",30,"17.1",26,"o",0.899702501976831,0.00617261467945943,0,0.0515236356333115,22.4
"451",31,"17.1",26,"o",0.899702501976831,0.0064405420133861,0,0.046355943890233,22.8
"452",32,"17.1",26,"o",0.899702501976831,0.00638325784340733,0,0.0417065586995402,23.3
"453",33,"17.1",26,"o",0.899702501976831,0.00620234602256248,0,0.0375234952108199,23.8
"454",34,"17.1",26,"o",0.899702501976831,0.00602703202600155,0,0.0337599825240903,24.3
"455",35,"17.1",26,"o",0.899702501976831,0.00583504770318878,0,0.0303739407436181,24.8
"456",36,"17.1",26,"o",0.899702501976831,0.00582286356876598,0,0.0273275104819293,25.3
"457",37,"17.1",26,"o",0.899702501976831,0.00559498628474516,0,0.0245866295533898,25.8
"458",38,"17.1",26,"o",0.899702501976831,0.00559821558531354,0,0.0221206521243623,26.3
"459",39,"17.1",26,"o",0.899702501976831,0.00554545306047545,0,0.0199020060616479,26.8
"460",40,"17.1",26,"o",0.899702501976831,0.00533176965404571,0,0.0179058846480227,27.3
"461",41,"17.1",26,"o",0.899702501976831,0.00546231059892622,0,0.0161099692179345,27.8
"462",42,"17.1",26,"o",0.899702501976831,0.00509155854564745,0,0.0144941796121454,28.3
"463",43,"17.1",26,"o",0.899702501976831,0.00520538150723507,0,0.0130404496611488,28.8
"464",44,"17.1",26,"o",0.899702501976831,0.0053768384521943,0,0.0117325251870385,29.3
"465",45,"17.1",26,"o",0.899702501976831,0.00528297765307635,0,0.0105557822652847,29.8
"466",46,"17.1",26,"o",0.899702501976831,0.00534977138066255,0,0.00949706371439935,30.3
"467",47,"17.1",26,"o",0.899702501976831,0.00558125866809507,0,0.00854453198527847,30.8
"468",48,"17.1",26,"o",0.899702501976831,0.00582313575843508,0,0.0076875368053761,31.3
"469",49,"17.1",26,"o",0.899702501976831,0.00601678948566603,0,0.00691649609783585,31.8
"470",50,"17.1",26,"o",0.899702501976831,0.00602247534923883,0,0.00622278884413591,32.3
"471",51,"17.1",26,"o",0.899702501976831,0.00641392420752294,0,0.00559865869234259,32.7
"472",52,"17.1",26,"o",0.899702501976831,0.00676874707182831,0,0.00503712723321496,33.1
"473",53,"17.1",26,"o",0.899702501976831,0.00714469972963086,0,0.00453191597449913,33.5
"474",54,"17.1",26,"o",0.899702501976831,0.00746837825181326,0,0.00407737614100564,33.9
"475",55,"17.1",26,"o",0.899702501976831,0.00788465498589521,0,0.00366842551556341,34.3
"476",56,"17.1",26,"o",0.899702501976831,0.00849928509479874,0,0.00330049161466805,34.6
"477",57,"17.1",26,"o",0.899702501976831,0.00916561276504345,0,0.00296946056347039,34.9
"478",58,"17.1",26,"o",0.899702501976831,0.00988848868271915,0,0.00267163109847584,35.2
"479",59,"17.1",26,"o",0.899702501976831,0.0106732912198838,0,0.00240367318365783,35.5
"480",60,"17.1",26,"o",NA,NA,NA,NA,35.8
"481",1,"18.6",1,"a",0.89986163498859,0.000960940252710946,2,0.89986163498859,18.6
"482",2,"18.6",3,"n",0.910779523208342,0.00106787556591756,0,0.819575550868388,18.6
"483",3,"18.6",3,"n",0.910779523208342,0.00115211441857991,0,0.746452629453125,18.8
"484",4,"18.6",3,"n",0.910779523208342,0.00124079296665379,0,0.67985376995093,19
"485",5,"18.6",3,"n",0.910779523208342,0.00133892995577071,0,0.619196892447302,19.2
"486",6,"18.6",3,"n",0.910779523208342,0.00144278386400135,0,0.563951850475241,19.4
"487",7,"18.6",3,"n",0.910779523208342,0.00155550044776657,0,0.513635797488302,19.6
"488",8,"18.6",3,"n",0.910779523208342,0.00166627135365785,0,0.467808966739133,19.8
"489",9,"18.6",3,"n",0.910779523208342,0.0017871348677206,0,0.426070827679255,20
"490",10,"18.6",3,"n",0.910779523208342,0.00192634995651436,0,0.388056585286695,20.2
"491",11,"18.6",3,"n",0.89986163498859,0.00206564785427798,1,0.349197233304175,20.4
"492",12,"18.6",4,"n",0.910779523208342,0.00220354584415152,2,0.318041689654449,20.6
"493",13,"18.6",6,"n",0.89986163498859,0.0024029582515859,1,0.286193514846986,20.7
"494",14,"18.6",7,"n",0.910779523208342,0.00259822665913062,2,0.260659192997658,20.9
"495",15,"18.6",9,"n",0.910779523208342,0.0027681011372353,2,0.237403055518278,21
"496",16,"18.6",11,"a",0.89986163498859,0.00299888736776819,2,0.213629901689965,21.1
"497",17,"18.6",13,"n",0.910779523208342,0.00333260942701064,2,0.194569740004231,21.1
"498",18,"18.6",15,"n",0.910779523208342,0.0035677160862642,2,0.177210135031825,21.2
"499",19,"18.6",17,"n",0.89986163498859,0.00385742591932234,1,0.159464601846287,21.3
"500",20,"18.6",18,"n",0.910779523208342,0.0041061140801038,2,0.145237094038169,21.5
"501",21,"18.6",20,"n",0.89986163498859,0.00445810405490025,1,0.130693288902178,21.6
"502",22,"18.6",21,"n",0.910779523208342,0.0048300984220758,2,0.119032771352856,21.8
"503",23,"18.6",23,"n",0.89986163498859,0.00523877515807283,1,0.107113024246804,21.9
"504",24,"18.6",24,"a",0.89986163498859,0.00536235087514387,2,0.0963869011273017,22.1
"505",25,"18.6",26,"o",0.89986163498859,0.00595908378204374,0,0.0867348744398973,22.1
"506",26,"18.6",26,"o",0.89986163498859,0.00615412632942515,0,0.078049385924016,22.4
"507",27,"18.6",26,"o",0.89986163498859,0.00622369099964982,0,0.0702336480274405,22.8
"508",28,"18.6",26,"o",0.89986163498859,0.00637992170692021,0,0.0632005653451858,23.2
"509",29,"18.6",26,"o",0.89986163498859,0.0064592509641888,0,0.0568717640637221,23.6
"510",30,"18.6",26,"o",0.89986163498859,0.00660376035779564,0,0.0511767185950664,24
"511",31,"18.6",26,"o",0.89986163498859,0.00649582132593271,0,0.0460519656683074,24.4
"512",32,"18.6",26,"o",0.89986163498859,0.00643997506667601,0,0.0414403971207215,24.9
"513",33,"18.6",26,"o",0.89986163498859,0.00625951509420479,0,0.0372906235076289,25.4
"514",34,"18.6",26,"o",0.89986163498859,0.00623062892037672,0,0.0335564014393189,25.9
"515",35,"18.6",26,"o",0.89986163498859,0.0060505795294431,0,0.030196118263519,26.4
"516",36,"18.6",26,"o",0.89986163498859,0.0059798486766802,0,0.027172328350919,26.9
"517",37,"18.6",26,"o",0.89986163498859,0.00565196852287725,0,0.0244513358163048,27.4
"518",38,"18.6",26,"o",0.89986163498859,0.00565594139730704,0,0.0220028190253151,27.9
"519",39,"18.6",26,"o",0.89986163498859,0.00565149340865825,0,0.0197994927024781,28.4
"520",40,"18.6",26,"o",0.89986163498859,0.00544129056361479,0,0.0178168038751966,28.9
"521",41,"18.6",26,"o",0.89986163498859,0.00552047639283448,0,0.0160326582654055,29.4
"522",42,"18.6",26,"o",0.89986163498859,0.00539484594275351,0,0.0144271740799211,29.9
"523",43,"18.6",26,"o",0.89986163498859,0.00536593910300903,0,0.0129824604558228,30.4
"524",44,"18.6",26,"o",0.89986163498859,0.00543521405752572,0,0.0116824180919514,30.9
"525",45,"18.6",26,"o",0.89986163498859,0.00555592831967542,0,0.0105125598448437,31.4
"526",46,"18.6",26,"o",0.89986163498859,0.00540833671235207,0,0.00945984928989647,31.9
"527",47,"18.6",26,"o",0.89986163498859,0.0056421526999545,0,0.00851255544875189,32.4
"528",48,"18.6",26,"o",0.89986163498859,0.0058864265394488,0,0.00766012206404491,32.9
"529",49,"18.6",26,"o",0.89986163498859,0.00608197090719983,0,0.00689304996476362,33.4
"530",50,"18.6",26,"o",0.89986163498859,0.00608786555284894,0,0.00620279121135024,33.9
"531",51,"18.6",26,"o",0.89986163498859,0.00648301704019727,0,0.00558165384093848,34.3
"532",52,"18.6",26,"o",0.89986163498859,0.00684107709895925,0,0.00502271615124725,34.7
"533",53,"18.6",26,"o",0.89986163498859,0.00722039222575105,0,0.00451974956794495,35.1
"534",54,"18.6",26,"o",0.89986163498859,0.00762229396486476,0,0.00406714923594991,35.5
"535",55,"18.6",26,"o",0.89986163498859,0.0079667400414495,0,0.00365987156120449,35.9
"536",56,"18.6",26,"o",0.89986163498859,0.00858662746346531,0,0.00329337800691371,36.2
"537",57,"18.6",26,"o",0.89986163498859,0.00925850497380387,0,0.00296358451793684,36.5
"538",58,"18.6",26,"o",0.89986163498859,0.00998722948117526,0,0.00266681600973752,36.8
"539",59,"18.6",26,"o",0.89986163498859,0.0107781828864733,0,0.00239976541473615,37.1
"540",60,"18.6",26,"o",NA,NA,NA,NA,37.4
"541",1,"20",1,"a",0.90001805807385,0.000970522694047001,2,0.90001805807385,20
"542",2,"20",3,"n",0.910937748706425,0.00107833691262155,0,0.819860423616921,20
"543",3,"20",3,"n",0.910937748706425,0.00116029683186867,0,0.746841808543094,20.2
"544",4,"20",3,"n",0.910937748706425,0.00125402738096296,0,0.680326395714081,20.4
"545",5,"20",3,"n",0.910937748706425,0.0013489386111816,0,0.619734995297341,20.6
"546",6,"20",3,"n",0.910937748706425,0.00145172546732869,0,0.564540001410747,20.8
"547",7,"20",3,"n",0.910937748706425,0.00156436507285324,0,0.514260797939828,21
"548",8,"20",3,"n",0.910937748706425,0.00168359925090788,0,0.468459573523276,21.2
"549",9,"20",3,"n",0.910937748706425,0.00180332208642553,0,0.426737509265265,21.4
"550",10,"20",3,"n",0.910937748706425,0.00194334626254806,0,0.388731305978688,21.6
"551",11,"20",3,"n",0.90001805807385,0.00209489436818198,1,0.34986519511945,21.8
"552",12,"20",4,"n",0.910937748706425,0.00222841321515626,0,0.318705413192846,22
"553",13,"20",4,"n",0.910937748706425,0.00237943438358655,2,0.290320791594442,22.2
"554",14,"20",6,"n",0.90001805807385,0.00253472973311107,1,0.261293955069293,22.3
"555",15,"20",7,"n",0.910937748706425,0.00270761945623835,2,0.238022527181419,22.5
"556",16,"20",9,"n",0.910937748706425,0.00292563635528345,2,0.216823705052056,22.6
"557",17,"20",11,"a",0.90001805807385,0.00309633979762462,2,0.195145249965329,22.7
"558",18,"20",13,"n",0.910937748706425,0.00344030852475468,2,0.177765174674169,22.7
"559",19,"20",15,"n",0.910937748706425,0.00375071993885523,2,0.161933008016092,22.8
"560",20,"20",17,"n",0.90001805807385,0.00407100360062965,1,0.1457426314127,22.9
"561",21,"20",18,"n",0.910937748706425,0.00440872421747008,2,0.132762464549635,23.1
"562",22,"20",20,"n",0.90001805807385,0.00477936772216734,1,0.119488615529061,23.2
"563",23,"20",21,"n",0.910937748706425,0.0050432412143693,2,0.108846690426091,23.4
"564",24,"20",23,"n",0.90001805807385,0.00536603332510656,1,0.0979639869450555,23.5
"565",25,"20",24,"a",0.90001805807385,0.00566248814467858,2,0.0881693572914608,23.7
"566",26,"20",26,"o",0.90001805807385,0.00629152725757192,0,0.07935401373108,23.7
"567",27,"20",26,"o",0.90001805807385,0.00647508784996555,0,0.0714200453386123,24.1
"568",28,"20",26,"o",0.90001805807385,0.00653890755806211,0,0.0642793305132041,24.5
"569",29,"20",26,"o",0.90001805807385,0.00655777753981489,0,0.0578525582227811,24.9
"570",30,"20",26,"o",0.90001805807385,0.00678694367736805,0,0.0520683471062718,25.3
"571",31,"20",26,"o",0.90001805807385,0.00664346192037243,0,0.0468624526497019,25.7
"572",32,"20",26,"o",0.90001805807385,0.00673549145421218,0,0.0421770536303624,26.2
"573",33,"20",26,"o",0.90001805807385,0.00646048265518466,0,0.0379601099036754,26.7
"574",34,"20",26,"o",0.90001805807385,0.00638943449610362,0,0.0341647843997759,27.2
"575",35,"20",26,"o",0.90001805807385,0.00610908296153928,0,0.030748922909998,27.7
"576",36,"20",26,"o",0.90001805807385,0.00614103119787588,0,0.0276745858853189,28.2
"577",37,"20",26,"o",0.90001805807385,0.00570932125298562,0,0.0249076270465027,28.7
"578",38,"20",26,"o",0.90001805807385,0.00581484514098016,0,0.0224173141256211,29.2
"579",39,"20",26,"o",0.90001805807385,0.00576291541522424,0,0.020175987526573,29.7
"580",40,"20",26,"o",0.90001805807385,0.00549870181171659,0,0.0181587531133884,30.2
"581",41,"20",26,"o",0.90001805807385,0.00557908116021405,0,0.0163432057141543,30.7
"582",42,"20",26,"o",0.90001805807385,0.00555703777189459,0,0.0147091802695546,31.2
"583",43,"20",26,"o",0.90001805807385,0.00542383917902885,0,0.0132385278620627,31.7
"584",44,"20",26,"o",0.90001805807385,0.00554530403368465,0,0.0119149141381703,32.2
"585",45,"20",26,"o",0.90001805807385,0.00561617858953938,0,0.0107236378847527,32.7
"586",46,"20",26,"o",0.90001805807385,0.00546738746458713,0,0.00965146774452225,33.2
"587",47,"20",26,"o",0.90001805807385,0.00570355474529753,0,0.00868649525698732,33.7
"588",48,"20",26,"o",0.90001805807385,0.00595024858396911,0,0.00781800259266143,34.2
"589",49,"20",26,"o",0.90001805807385,0.00620800700737786,0,0.00703634351146346,34.7
"590",50,"20",26,"o",0.90001805807385,0.00615381092611042,0,0.00633283622312788,35.2
"591",51,"20",26,"o",0.90001805807385,0.00655269872034819,0,0.00569966695963929,35.6
"592",52,"20",26,"o",0.90001805807385,0.00691402697511397,0,0.00512980318868224,36
"593",53,"20",26,"o",0.90001805807385,0.00729673721098821,0,0.00461691550417883,36.4
"594",54,"20",26,"o",0.90001805807385,0.00770216511219877,0,0.00415530732636208,36.8
"595",55,"20",26,"o",0.90001805807385,0.008049541257747,0,0.00373985163057244,37.2
"596",56,"20",26,"o",0.90001805807385,0.00867473812001534,0,0.00336593400203213,37.5
"597",57,"20",26,"o",0.90001805807385,0.00935222233841145,0,0.0030294013841137,37.8
"598",58,"20",26,"o",0.90001805807385,0.0100868577253421,0,0.00272651595085624,38.1
"599",59,"20",26,"o",0.90001805807385,0.0108840305426691,0,0.00245391359139701,38.4
"600",60,"20",26,"o",NA,NA,NA,NA,38.7
