"","Wstart","Beh","p","h","p.tot","S.cum.riv","G.riv","G.ocean","dur","Fit","dn0","d","dn0_d"
"1","7.1","0",0.6,"n",0.409090909090909,0.0988401335587552,1.9,18.2,22,0.0595301993804354,0.1,1,0.1
"2","8.5","0",0.5,"n",0.315789473684211,0.139311428537956,1.3,21.9,19,0.0831983826400026,0.1,1,0.1
"3","10","0",0,"n",0,0.192859815546751,0.6,25.7,16,0.112729240671452,0.1,1,0.1
"4","11.4","0",0.545454545454545,"n",0.260869565217391,0.100661357125166,2.6,23.7,23,0.114064668269126,0.1,1,0.1
"5","12.8","0",0.538461538461538,"n",0.35,0.138220015456044,2.2,27.4,20,0.145515543798503,0.1,1,0.1
"6","14.3","0",0.5,"n",0.315789473684211,0.155344590940257,1.9,30,19,0.171024081496852,0.1,1,0.1
"7","15.7","0",0.4,"n",0.235294117647059,0.19084284389106,1.3,32.9,17,0.193742425366959,0.1,1,0.1
"8","17.1","0",0.5,"n",0.380952380952381,0.135152819888152,2.8,33.3,21,0.21088187286358,0.1,1,0.1
"9","18.6","0",0.428571428571429,"n",0.315789473684211,0.16559264949017,2.4,36.9,19,0.231232929986498,0.1,1,0.1
"10","20","0",0.384615384615385,"n",0.277777777777778,0.183763903013859,2,39.2,18,0.242195078873512,0.1,1,0.1
"11","7.1","1",0.0666666666666667,"n",0.0454545454545455,0.0988401335587552,1.9,18.2,22,0.0595301993804354,0.1,1,0.1
"12","8.5","1",0.0833333333333333,"n",0.0526315789473684,0.139311428537956,1.3,21.9,19,0.0831983826400026,0.1,1,0.1
"13","10","1",0,"n",0,0.192859815546751,0.6,25.7,16,0.112729240671452,0.1,1,0.1
"14","11.4","1",0,"n",0,0.100661357125166,2.6,23.7,23,0.114064668269126,0.1,1,0.1
"15","12.8","1",0.0769230769230769,"n",0.05,0.138220015456044,2.2,27.4,20,0.145515543798503,0.1,1,0.1
"16","14.3","1",0.0833333333333333,"n",0.0526315789473684,0.155344590940257,1.9,30,19,0.171024081496852,0.1,1,0.1
"17","15.7","1",0.1,"n",0.0588235294117647,0.19084284389106,1.3,32.9,17,0.193742425366959,0.1,1,0.1
"18","17.1","1",0,"n",0,0.135152819888152,2.8,33.3,21,0.21088187286358,0.1,1,0.1
"19","18.6","1",0,"n",0,0.16559264949017,2.4,36.9,19,0.231232929986498,0.1,1,0.1
"20","20","1",0,"n",0,0.183763903013859,2,39.2,18,0.242195078873512,0.1,1,0.1
"21","7.1","2",0.333333333333333,"n",0.227272727272727,0.0988401335587552,1.9,18.2,22,0.0595301993804354,0.1,1,0.1
"22","8.5","2",0.416666666666667,"n",0.263157894736842,0.139311428537956,1.3,21.9,19,0.0831983826400026,0.1,1,0.1
"23","10","2",1,"n",0.5,0.192859815546751,0.6,25.7,16,0.112729240671452,0.1,1,0.1
"24","11.4","2",0.454545454545455,"n",0.217391304347826,0.100661357125166,2.6,23.7,23,0.114064668269126,0.1,1,0.1
"25","12.8","2",0.384615384615385,"n",0.25,0.138220015456044,2.2,27.4,20,0.145515543798503,0.1,1,0.1
"26","14.3","2",0.416666666666667,"n",0.263157894736842,0.155344590940257,1.9,30,19,0.171024081496852,0.1,1,0.1
"27","15.7","2",0.5,"n",0.294117647058824,0.19084284389106,1.3,32.9,17,0.193742425366959,0.1,1,0.1
"28","17.1","2",0.5,"n",0.380952380952381,0.135152819888152,2.8,33.3,21,0.21088187286358,0.1,1,0.1
"29","18.6","2",0.571428571428571,"n",0.421052631578947,0.16559264949017,2.4,36.9,19,0.231232929986498,0.1,1,0.1
"30","20","2",0.615384615384615,"n",0.444444444444444,0.183763903013859,2,39.2,18,0.242195078873512,0.1,1,0.1
"31","7.1","0",0,"a",0,0.0988401335587552,1.9,18.2,22,0.0595301993804354,0.1,1,0.1
"32","8.5","0",0,"a",0,0.139311428537956,1.3,21.9,19,0.0831983826400026,0.1,1,0.1
"33","10","0",0.375,"a",0.1875,0.192859815546751,0.6,25.7,16,0.112729240671452,0.1,1,0.1
"34","11.4","0",0.333333333333333,"a",0.173913043478261,0.100661357125166,2.6,23.7,23,0.114064668269126,0.1,1,0.1
"35","12.8","0",0,"a",0,0.138220015456044,2.2,27.4,20,0.145515543798503,0.1,1,0.1
"36","14.3","0",0,"a",0,0.155344590940257,1.9,30,19,0.171024081496852,0.1,1,0.1
"37","15.7","0",0,"a",0,0.19084284389106,1.3,32.9,17,0.193742425366959,0.1,1,0.1
"38","17.1","0",0,"a",0,0.135152819888152,2.8,33.3,21,0.21088187286358,0.1,1,0.1
"39","18.6","0",0,"a",0,0.16559264949017,2.4,36.9,19,0.231232929986498,0.1,1,0.1
"40","20","0",0,"a",0,0.183763903013859,2,39.2,18,0.242195078873512,0.1,1,0.1
"41","7.1","1",0,"a",0,0.0988401335587552,1.9,18.2,22,0.0595301993804354,0.1,1,0.1
"42","8.5","1",0,"a",0,0.139311428537956,1.3,21.9,19,0.0831983826400026,0.1,1,0.1
"43","10","1",0.125,"a",0.0625,0.192859815546751,0.6,25.7,16,0.112729240671452,0.1,1,0.1
"44","11.4","1",0.0833333333333333,"a",0.0434782608695652,0.100661357125166,2.6,23.7,23,0.114064668269126,0.1,1,0.1
"45","12.8","1",0,"a",0,0.138220015456044,2.2,27.4,20,0.145515543798503,0.1,1,0.1
"46","14.3","1",0,"a",0,0.155344590940257,1.9,30,19,0.171024081496852,0.1,1,0.1
"47","15.7","1",0,"a",0,0.19084284389106,1.3,32.9,17,0.193742425366959,0.1,1,0.1
"48","17.1","1",0,"a",0,0.135152819888152,2.8,33.3,21,0.21088187286358,0.1,1,0.1
"49","18.6","1",0,"a",0,0.16559264949017,2.4,36.9,19,0.231232929986498,0.1,1,0.1
"50","20","1",0,"a",0,0.183763903013859,2,39.2,18,0.242195078873512,0.1,1,0.1
"51","7.1","2",1,"a",0.318181818181818,0.0988401335587552,1.9,18.2,22,0.0595301993804354,0.1,1,0.1
"52","8.5","2",1,"a",0.368421052631579,0.139311428537956,1.3,21.9,19,0.0831983826400026,0.1,1,0.1
"53","10","2",0.5,"a",0.25,0.192859815546751,0.6,25.7,16,0.112729240671452,0.1,1,0.1
"54","11.4","2",0.583333333333333,"a",0.304347826086957,0.100661357125166,2.6,23.7,23,0.114064668269126,0.1,1,0.1
"55","12.8","2",1,"a",0.35,0.138220015456044,2.2,27.4,20,0.145515543798503,0.1,1,0.1
"56","14.3","2",1,"a",0.368421052631579,0.155344590940257,1.9,30,19,0.171024081496852,0.1,1,0.1
"57","15.7","2",1,"a",0.411764705882353,0.19084284389106,1.3,32.9,17,0.193742425366959,0.1,1,0.1
"58","17.1","2",1,"a",0.238095238095238,0.135152819888152,2.8,33.3,21,0.21088187286358,0.1,1,0.1
"59","18.6","2",1,"a",0.263157894736842,0.16559264949017,2.4,36.9,19,0.231232929986498,0.1,1,0.1
"60","20","2",1,"a",0.277777777777778,0.183763903013859,2,39.2,18,0.242195078873512,0.1,1,0.1
"61","7.1","0",0.642857142857143,"n",0.409090909090909,0.0987068874323008,1.9,18.2,22,0.0595301993804354,0.3,1,0.3
"62","8.5","0",0.5,"n",0.315789473684211,0.139311428537956,1.3,21.9,19,0.0831983826400026,0.3,1,0.3
"63","10","0",0,"n",0,0.192859815546751,0.6,25.7,16,0.112729240671452,0.3,1,0.3
"64","11.4","0",0,"n",0,0.19764975457947,1.1,25.8,16,0.114734110056427,0.3,1,0.3
"65","12.8","0",0.5,"n",0.3,0.134818961330442,2.1,27.4,20,0.145515543798503,0.3,1,0.3
"66","14.3","0",0.5,"n",0.315789473684211,0.155344590940257,1.9,30,19,0.171024081496852,0.3,1,0.3
"67","15.7","0",0.4,"n",0.235294117647059,0.19084284389106,1.3,32.9,17,0.193742425366959,0.3,1,0.3
"68","17.1","0",0.272727272727273,"n",0.1875,0.21496492782398,1.1,35.4,16,0.211866187738025,0.3,1,0.3
"69","18.6","0",0.375,"n",0.157894736842105,0.163447509683563,2.1,36.8,19,0.230483447571069,0.3,1,0.3
"70","20","0",0.384615384615385,"n",0.277777777777778,0.183763903013859,2,39.2,18,0.242195078873512,0.3,1,0.3
"71","7.1","1",0,"n",0,0.0987068874323008,1.9,18.2,22,0.0595301993804354,0.3,1,0.3
"72","8.5","1",0.0833333333333333,"n",0.0526315789473684,0.139311428537956,1.3,21.9,19,0.0831983826400026,0.3,1,0.3
"73","10","1",0,"n",0,0.192859815546751,0.6,25.7,16,0.112729240671452,0.3,1,0.3
"74","11.4","1",0,"n",0,0.19764975457947,1.1,25.8,16,0.114734110056427,0.3,1,0.3
"75","12.8","1",0.0833333333333333,"n",0.05,0.134818961330442,2.1,27.4,20,0.145515543798503,0.3,1,0.3
"76","14.3","1",0.0833333333333333,"n",0.0526315789473684,0.155344590940257,1.9,30,19,0.171024081496852,0.3,1,0.3
"77","15.7","1",0.1,"n",0.0588235294117647,0.19084284389106,1.3,32.9,17,0.193742425366959,0.3,1,0.3
"78","17.1","1",0,"n",0,0.21496492782398,1.1,35.4,16,0.211866187738025,0.3,1,0.3
"79","18.6","1",0,"n",0,0.163447509683563,2.1,36.8,19,0.230483447571069,0.3,1,0.3
"80","20","1",0,"n",0,0.183763903013859,2,39.2,18,0.242195078873512,0.3,1,0.3
"81","7.1","2",0.357142857142857,"n",0.227272727272727,0.0987068874323008,1.9,18.2,22,0.0595301993804354,0.3,1,0.3
"82","8.5","2",0.416666666666667,"n",0.263157894736842,0.139311428537956,1.3,21.9,19,0.0831983826400026,0.3,1,0.3
"83","10","2",1,"n",0.5,0.192859815546751,0.6,25.7,16,0.112729240671452,0.3,1,0.3
"84","11.4","2",1,"n",0.3125,0.19764975457947,1.1,25.8,16,0.114734110056427,0.3,1,0.3
"85","12.8","2",0.416666666666667,"n",0.25,0.134818961330442,2.1,27.4,20,0.145515543798503,0.3,1,0.3
"86","14.3","2",0.416666666666667,"n",0.263157894736842,0.155344590940257,1.9,30,19,0.171024081496852,0.3,1,0.3
"87","15.7","2",0.5,"n",0.294117647058824,0.19084284389106,1.3,32.9,17,0.193742425366959,0.3,1,0.3
"88","17.1","2",0.727272727272727,"n",0.5,0.21496492782398,1.1,35.4,16,0.211866187738025,0.3,1,0.3
"89","18.6","2",0.625,"n",0.263157894736842,0.163447509683563,2.1,36.8,19,0.230483447571069,0.3,1,0.3
"90","20","2",0.615384615384615,"n",0.444444444444444,0.183763903013859,2,39.2,18,0.242195078873512,0.3,1,0.3
"91","7.1","0",0,"a",0,0.0987068874323008,1.9,18.2,22,0.0595301993804354,0.3,1,0.3
"92","8.5","0",0,"a",0,0.139311428537956,1.3,21.9,19,0.0831983826400026,0.3,1,0.3
"93","10","0",0.375,"a",0.1875,0.192859815546751,0.6,25.7,16,0.112729240671452,0.3,1,0.3
"94","11.4","0",0.272727272727273,"a",0.1875,0.19764975457947,1.1,25.8,16,0.114734110056427,0.3,1,0.3
"95","12.8","0",0,"a",0,0.134818961330442,2.1,27.4,20,0.145515543798503,0.3,1,0.3
"96","14.3","0",0,"a",0,0.155344590940257,1.9,30,19,0.171024081496852,0.3,1,0.3
"97","15.7","0",0,"a",0,0.19084284389106,1.3,32.9,17,0.193742425366959,0.3,1,0.3
"98","17.1","0",0,"a",0,0.21496492782398,1.1,35.4,16,0.211866187738025,0.3,1,0.3
"99","18.6","0",0.272727272727273,"a",0.157894736842105,0.163447509683563,2.1,36.8,19,0.230483447571069,0.3,1,0.3
"100","20","0",0,"a",0,0.183763903013859,2,39.2,18,0.242195078873512,0.3,1,0.3
"101","7.1","1",0.125,"a",0.0454545454545455,0.0987068874323008,1.9,18.2,22,0.0595301993804354,0.3,1,0.3
"102","8.5","1",0,"a",0,0.139311428537956,1.3,21.9,19,0.0831983826400026,0.3,1,0.3
"103","10","1",0.125,"a",0.0625,0.192859815546751,0.6,25.7,16,0.112729240671452,0.3,1,0.3
"104","11.4","1",0.0909090909090909,"a",0.0625,0.19764975457947,1.1,25.8,16,0.114734110056427,0.3,1,0.3
"105","12.8","1",0.25,"a",0.1,0.134818961330442,2.1,27.4,20,0.145515543798503,0.3,1,0.3
"106","14.3","1",0,"a",0,0.155344590940257,1.9,30,19,0.171024081496852,0.3,1,0.3
"107","15.7","1",0,"a",0,0.19084284389106,1.3,32.9,17,0.193742425366959,0.3,1,0.3
"108","17.1","1",0,"a",0,0.21496492782398,1.1,35.4,16,0.211866187738025,0.3,1,0.3
"109","18.6","1",0.0909090909090909,"a",0.0526315789473684,0.163447509683563,2.1,36.8,19,0.230483447571069,0.3,1,0.3
"110","20","1",0,"a",0,0.183763903013859,2,39.2,18,0.242195078873512,0.3,1,0.3
"111","7.1","2",0.875,"a",0.318181818181818,0.0987068874323008,1.9,18.2,22,0.0595301993804354,0.3,1,0.3
"112","8.5","2",1,"a",0.368421052631579,0.139311428537956,1.3,21.9,19,0.0831983826400026,0.3,1,0.3
"113","10","2",0.5,"a",0.25,0.192859815546751,0.6,25.7,16,0.112729240671452,0.3,1,0.3
"114","11.4","2",0.636363636363636,"a",0.4375,0.19764975457947,1.1,25.8,16,0.114734110056427,0.3,1,0.3
"115","12.8","2",0.75,"a",0.3,0.134818961330442,2.1,27.4,20,0.145515543798503,0.3,1,0.3
"116","14.3","2",1,"a",0.368421052631579,0.155344590940257,1.9,30,19,0.171024081496852,0.3,1,0.3
"117","15.7","2",1,"a",0.411764705882353,0.19084284389106,1.3,32.9,17,0.193742425366959,0.3,1,0.3
"118","17.1","2",1,"a",0.3125,0.21496492782398,1.1,35.4,16,0.211866187738025,0.3,1,0.3
"119","18.6","2",0.636363636363636,"a",0.368421052631579,0.163447509683563,2.1,36.8,19,0.230483447571069,0.3,1,0.3
"120","20","2",1,"a",0.277777777777778,0.183763903013859,2,39.2,18,0.242195078873512,0.3,1,0.3
"121","7.1","0",0,"n",0,0.246362587518595,0.100000000000001,20,13,0.0595301993804354,0.5,1,0.5
"122","8.5","0",0.5,"n",0.315789473684211,0.139311428537956,1.3,21.9,19,0.0831983826400026,0.5,1,0.5
"123","10","0",0,"n",0,0.192859815546751,0.6,25.7,16,0.112729240671452,0.5,1,0.5
"124","11.4","0",0,"n",0,0.19764975457947,1.1,25.8,16,0.114734110056427,0.5,1,0.5
"125","12.8","0",0,"n",0,0.24506680532974,1.1,29,14,0.143453824747416,0.5,1,0.5
"126","14.3","0",0.5,"n",0.315789473684211,0.155344590940257,1.9,30,19,0.171024081496852,0.5,1,0.5
"127","15.7","0",0.4,"n",0.235294117647059,0.19084284389106,1.3,32.9,17,0.193742425366959,0.5,1,0.5
"128","17.1","0",0.272727272727273,"n",0.1875,0.21496492782398,1.1,35.4,16,0.211866187738025,0.5,1,0.5
"129","18.6","0",0,"n",0,0.262605217643246,1.2,38.8,14,0.230483447571069,0.5,1,0.5
"130","20","0",0,"n",0,0.291087685816634,1.2,41.2,13,0.242195078873512,0.5,1,0.5
"131","7.1","1",0,"n",0,0.246362587518595,0.100000000000001,20,13,0.0595301993804354,0.5,1,0.5
"132","8.5","1",0.0833333333333333,"n",0.0526315789473684,0.139311428537956,1.3,21.9,19,0.0831983826400026,0.5,1,0.5
"133","10","1",0,"n",0,0.192859815546751,0.6,25.7,16,0.112729240671452,0.5,1,0.5
"134","11.4","1",0,"n",0,0.19764975457947,1.1,25.8,16,0.114734110056427,0.5,1,0.5
"135","12.8","1",0,"n",0,0.24506680532974,1.1,29,14,0.143453824747416,0.5,1,0.5
"136","14.3","1",0.0833333333333333,"n",0.0526315789473684,0.155344590940257,1.9,30,19,0.171024081496852,0.5,1,0.5
"137","15.7","1",0.1,"n",0.0588235294117647,0.19084284389106,1.3,32.9,17,0.193742425366959,0.5,1,0.5
"138","17.1","1",0,"n",0,0.21496492782398,1.1,35.4,16,0.211866187738025,0.5,1,0.5
"139","18.6","1",0,"n",0,0.262605217643246,1.2,38.8,14,0.230483447571069,0.5,1,0.5
"140","20","1",0,"n",0,0.291087685816634,1.2,41.2,13,0.242195078873512,0.5,1,0.5
"141","7.1","2",1,"n",0.384615384615385,0.246362587518595,0.100000000000001,20,13,0.0595301993804354,0.5,1,0.5
"142","8.5","2",0.416666666666667,"n",0.263157894736842,0.139311428537956,1.3,21.9,19,0.0831983826400026,0.5,1,0.5
"143","10","2",1,"n",0.5,0.192859815546751,0.6,25.7,16,0.112729240671452,0.5,1,0.5
"144","11.4","2",1,"n",0.3125,0.19764975457947,1.1,25.8,16,0.114734110056427,0.5,1,0.5
"145","12.8","2",1,"n",0.357142857142857,0.24506680532974,1.1,29,14,0.143453824747416,0.5,1,0.5
"146","14.3","2",0.416666666666667,"n",0.263157894736842,0.155344590940257,1.9,30,19,0.171024081496852,0.5,1,0.5
"147","15.7","2",0.5,"n",0.294117647058824,0.19084284389106,1.3,32.9,17,0.193742425366959,0.5,1,0.5
"148","17.1","2",0.727272727272727,"n",0.5,0.21496492782398,1.1,35.4,16,0.211866187738025,0.5,1,0.5
"149","18.6","2",1,"n",0.571428571428571,0.262605217643246,1.2,38.8,14,0.230483447571069,0.5,1,0.5
"150","20","2",1,"n",0.615384615384615,0.291087685816634,1.2,41.2,13,0.242195078873512,0.5,1,0.5
"151","7.1","0",0,"a",0,0.246362587518595,0.100000000000001,20,13,0.0595301993804354,0.5,1,0.5
"152","8.5","0",0,"a",0,0.139311428537956,1.3,21.9,19,0.0831983826400026,0.5,1,0.5
"153","10","0",0.375,"a",0.1875,0.192859815546751,0.6,25.7,16,0.112729240671452,0.5,1,0.5
"154","11.4","0",0.272727272727273,"a",0.1875,0.19764975457947,1.1,25.8,16,0.114734110056427,0.5,1,0.5
"155","12.8","0",0.111111111111111,"a",0.0714285714285714,0.24506680532974,1.1,29,14,0.143453824747416,0.5,1,0.5
"156","14.3","0",0,"a",0,0.155344590940257,1.9,30,19,0.171024081496852,0.5,1,0.5
"157","15.7","0",0,"a",0,0.19084284389106,1.3,32.9,17,0.193742425366959,0.5,1,0.5
"158","17.1","0",0,"a",0,0.21496492782398,1.1,35.4,16,0.211866187738025,0.5,1,0.5
"159","18.6","0",0.166666666666667,"a",0.0714285714285714,0.262605217643246,1.2,38.8,14,0.230483447571069,0.5,1,0.5
"160","20","0",0,"a",0,0.291087685816634,1.2,41.2,13,0.242195078873512,0.5,1,0.5
"161","7.1","1",0.125,"a",0.0769230769230769,0.246362587518595,0.100000000000001,20,13,0.0595301993804354,0.5,1,0.5
"162","8.5","1",0,"a",0,0.139311428537956,1.3,21.9,19,0.0831983826400026,0.5,1,0.5
"163","10","1",0.125,"a",0.0625,0.192859815546751,0.6,25.7,16,0.112729240671452,0.5,1,0.5
"164","11.4","1",0.0909090909090909,"a",0.0625,0.19764975457947,1.1,25.8,16,0.114734110056427,0.5,1,0.5
"165","12.8","1",0.111111111111111,"a",0.0714285714285714,0.24506680532974,1.1,29,14,0.143453824747416,0.5,1,0.5
"166","14.3","1",0,"a",0,0.155344590940257,1.9,30,19,0.171024081496852,0.5,1,0.5
"167","15.7","1",0,"a",0,0.19084284389106,1.3,32.9,17,0.193742425366959,0.5,1,0.5
"168","17.1","1",0,"a",0,0.21496492782398,1.1,35.4,16,0.211866187738025,0.5,1,0.5
"169","18.6","1",0,"a",0,0.262605217643246,1.2,38.8,14,0.230483447571069,0.5,1,0.5
"170","20","1",0,"a",0,0.291087685816634,1.2,41.2,13,0.242195078873512,0.5,1,0.5
"171","7.1","2",0.875,"a",0.538461538461538,0.246362587518595,0.100000000000001,20,13,0.0595301993804354,0.5,1,0.5
"172","8.5","2",1,"a",0.368421052631579,0.139311428537956,1.3,21.9,19,0.0831983826400026,0.5,1,0.5
"173","10","2",0.5,"a",0.25,0.192859815546751,0.6,25.7,16,0.112729240671452,0.5,1,0.5
"174","11.4","2",0.636363636363636,"a",0.4375,0.19764975457947,1.1,25.8,16,0.114734110056427,0.5,1,0.5
"175","12.8","2",0.777777777777778,"a",0.5,0.24506680532974,1.1,29,14,0.143453824747416,0.5,1,0.5
"176","14.3","2",1,"a",0.368421052631579,0.155344590940257,1.9,30,19,0.171024081496852,0.5,1,0.5
"177","15.7","2",1,"a",0.411764705882353,0.19084284389106,1.3,32.9,17,0.193742425366959,0.5,1,0.5
"178","17.1","2",1,"a",0.3125,0.21496492782398,1.1,35.4,16,0.211866187738025,0.5,1,0.5
"179","18.6","2",0.833333333333333,"a",0.357142857142857,0.262605217643246,1.2,38.8,14,0.230483447571069,0.5,1,0.5
"180","20","2",1,"a",0.384615384615385,0.291087685816634,1.2,41.2,13,0.242195078873512,0.5,1,0.5
"181","7.1","0",0,"n",0,0.246362587518595,0.100000000000001,20,13,0.0595301993804354,0.7,1,0.7
"182","8.5","0",0.5,"n",0.315789473684211,0.139311428537956,1.3,21.9,19,0.0831983826400026,0.7,1,0.7
"183","10","0",0,"n",0,0.192859815546751,0.6,25.7,16,0.112729240671452,0.7,1,0.7
"184","11.4","0",0,"n",0,0.19764975457947,1.1,25.8,16,0.114734110056427,0.7,1,0.7
"185","12.8","0",0,"n",0,0.24506680532974,1.1,29,14,0.143453824747416,0.7,1,0.7
"186","14.3","0",0,"n",0,0.274669741660135,1.1,31.8,13,0.171024081496852,0.7,1,0.7
"187","15.7","0",0.4,"n",0.235294117647059,0.19084284389106,1.3,32.9,17,0.193742425366959,0.7,1,0.7
"188","17.1","0",0.272727272727273,"n",0.1875,0.21496492782398,1.1,35.4,16,0.211866187738025,0.7,1,0.7
"189","18.6","0",0,"n",0,0.262605217643246,1.2,38.8,14,0.230483447571069,0.7,1,0.7
"190","20","0",0,"n",0,0.291087685816634,1.2,41.2,13,0.242195078873512,0.7,1,0.7
"191","7.1","1",0,"n",0,0.246362587518595,0.100000000000001,20,13,0.0595301993804354,0.7,1,0.7
"192","8.5","1",0.0833333333333333,"n",0.0526315789473684,0.139311428537956,1.3,21.9,19,0.0831983826400026,0.7,1,0.7
"193","10","1",0,"n",0,0.192859815546751,0.6,25.7,16,0.112729240671452,0.7,1,0.7
"194","11.4","1",0,"n",0,0.19764975457947,1.1,25.8,16,0.114734110056427,0.7,1,0.7
"195","12.8","1",0,"n",0,0.24506680532974,1.1,29,14,0.143453824747416,0.7,1,0.7
"196","14.3","1",0,"n",0,0.274669741660135,1.1,31.8,13,0.171024081496852,0.7,1,0.7
"197","15.7","1",0.1,"n",0.0588235294117647,0.19084284389106,1.3,32.9,17,0.193742425366959,0.7,1,0.7
"198","17.1","1",0,"n",0,0.21496492782398,1.1,35.4,16,0.211866187738025,0.7,1,0.7
"199","18.6","1",0,"n",0,0.262605217643246,1.2,38.8,14,0.230483447571069,0.7,1,0.7
"200","20","1",0,"n",0,0.291087685816634,1.2,41.2,13,0.242195078873512,0.7,1,0.7
"201","7.1","2",1,"n",0.384615384615385,0.246362587518595,0.100000000000001,20,13,0.0595301993804354,0.7,1,0.7
"202","8.5","2",0.416666666666667,"n",0.263157894736842,0.139311428537956,1.3,21.9,19,0.0831983826400026,0.7,1,0.7
"203","10","2",1,"n",0.5,0.192859815546751,0.6,25.7,16,0.112729240671452,0.7,1,0.7
"204","11.4","2",1,"n",0.3125,0.19764975457947,1.1,25.8,16,0.114734110056427,0.7,1,0.7
"205","12.8","2",1,"n",0.357142857142857,0.24506680532974,1.1,29,14,0.143453824747416,0.7,1,0.7
"206","14.3","2",1,"n",0.384615384615385,0.274669741660135,1.1,31.8,13,0.171024081496852,0.7,1,0.7
"207","15.7","2",0.5,"n",0.294117647058824,0.19084284389106,1.3,32.9,17,0.193742425366959,0.7,1,0.7
"208","17.1","2",0.727272727272727,"n",0.5,0.21496492782398,1.1,35.4,16,0.211866187738025,0.7,1,0.7
"209","18.6","2",1,"n",0.571428571428571,0.262605217643246,1.2,38.8,14,0.230483447571069,0.7,1,0.7
"210","20","2",1,"n",0.615384615384615,0.291087685816634,1.2,41.2,13,0.242195078873512,0.7,1,0.7
"211","7.1","0",0,"a",0,0.246362587518595,0.100000000000001,20,13,0.0595301993804354,0.7,1,0.7
"212","8.5","0",0,"a",0,0.139311428537956,1.3,21.9,19,0.0831983826400026,0.7,1,0.7
"213","10","0",0.375,"a",0.1875,0.192859815546751,0.6,25.7,16,0.112729240671452,0.7,1,0.7
"214","11.4","0",0.272727272727273,"a",0.1875,0.19764975457947,1.1,25.8,16,0.114734110056427,0.7,1,0.7
"215","12.8","0",0.111111111111111,"a",0.0714285714285714,0.24506680532974,1.1,29,14,0.143453824747416,0.7,1,0.7
"216","14.3","0",0,"a",0,0.274669741660135,1.1,31.8,13,0.171024081496852,0.7,1,0.7
"217","15.7","0",0,"a",0,0.19084284389106,1.3,32.9,17,0.193742425366959,0.7,1,0.7
"218","17.1","0",0,"a",0,0.21496492782398,1.1,35.4,16,0.211866187738025,0.7,1,0.7
"219","18.6","0",0.166666666666667,"a",0.0714285714285714,0.262605217643246,1.2,38.8,14,0.230483447571069,0.7,1,0.7
"220","20","0",0,"a",0,0.291087685816634,1.2,41.2,13,0.242195078873512,0.7,1,0.7
"221","7.1","1",0.125,"a",0.0769230769230769,0.246362587518595,0.100000000000001,20,13,0.0595301993804354,0.7,1,0.7
"222","8.5","1",0,"a",0,0.139311428537956,1.3,21.9,19,0.0831983826400026,0.7,1,0.7
"223","10","1",0.125,"a",0.0625,0.192859815546751,0.6,25.7,16,0.112729240671452,0.7,1,0.7
"224","11.4","1",0.0909090909090909,"a",0.0625,0.19764975457947,1.1,25.8,16,0.114734110056427,0.7,1,0.7
"225","12.8","1",0.111111111111111,"a",0.0714285714285714,0.24506680532974,1.1,29,14,0.143453824747416,0.7,1,0.7
"226","14.3","1",0.125,"a",0.0769230769230769,0.274669741660135,1.1,31.8,13,0.171024081496852,0.7,1,0.7
"227","15.7","1",0,"a",0,0.19084284389106,1.3,32.9,17,0.193742425366959,0.7,1,0.7
"228","17.1","1",0,"a",0,0.21496492782398,1.1,35.4,16,0.211866187738025,0.7,1,0.7
"229","18.6","1",0,"a",0,0.262605217643246,1.2,38.8,14,0.230483447571069,0.7,1,0.7
"230","20","1",0,"a",0,0.291087685816634,1.2,41.2,13,0.242195078873512,0.7,1,0.7
"231","7.1","2",0.875,"a",0.538461538461538,0.246362587518595,0.100000000000001,20,13,0.0595301993804354,0.7,1,0.7
"232","8.5","2",1,"a",0.368421052631579,0.139311428537956,1.3,21.9,19,0.0831983826400026,0.7,1,0.7
"233","10","2",0.5,"a",0.25,0.192859815546751,0.6,25.7,16,0.112729240671452,0.7,1,0.7
"234","11.4","2",0.636363636363636,"a",0.4375,0.19764975457947,1.1,25.8,16,0.114734110056427,0.7,1,0.7
"235","12.8","2",0.777777777777778,"a",0.5,0.24506680532974,1.1,29,14,0.143453824747416,0.7,1,0.7
"236","14.3","2",0.875,"a",0.538461538461538,0.274669741660135,1.1,31.8,13,0.171024081496852,0.7,1,0.7
"237","15.7","2",1,"a",0.411764705882353,0.19084284389106,1.3,32.9,17,0.193742425366959,0.7,1,0.7
"238","17.1","2",1,"a",0.3125,0.21496492782398,1.1,35.4,16,0.211866187738025,0.7,1,0.7
"239","18.6","2",0.833333333333333,"a",0.357142857142857,0.262605217643246,1.2,38.8,14,0.230483447571069,0.7,1,0.7
"240","20","2",1,"a",0.384615384615385,0.291087685816634,1.2,41.2,13,0.242195078873512,0.7,1,0.7
"241","7.1","0",0,"n",0,0.246362587518595,0.100000000000001,20,13,0.0595301993804354,0.9,1,0.9
"242","8.5","0",0,"n",0,0.254396605154422,0.0999999999999996,23.1,13,0.0831983826400026,0.9,1,0.9
"243","10","0",0,"n",0,0.192859815546751,0.6,25.7,16,0.112729240671452,0.9,1,0.9
"244","11.4","0",0,"n",0,0.19764975457947,1.1,25.8,16,0.114734110056427,0.9,1,0.9
"245","12.8","0",0,"n",0,0.24506680532974,1.1,29,14,0.143453824747416,0.9,1,0.9
"246","14.3","0",0,"n",0,0.274669741660135,1.1,31.8,13,0.171024081496852,0.9,1,0.9
"247","15.7","0",0,"n",0,0.278486920023484,1.1,34.1,13,0.193742425366959,0.9,1,0.9
"248","17.1","0",0.272727272727273,"n",0.1875,0.21496492782398,1.1,35.4,16,0.211866187738025,0.9,1,0.9
"249","18.6","0",0,"n",0,0.262605217643246,1.2,38.8,14,0.230483447571069,0.9,1,0.9
"250","20","0",0,"n",0,0.291087685816634,1.2,41.2,13,0.242195078873512,0.9,1,0.9
"251","7.1","1",0,"n",0,0.246362587518595,0.100000000000001,20,13,0.0595301993804354,0.9,1,0.9
"252","8.5","1",0,"n",0,0.254396605154422,0.0999999999999996,23.1,13,0.0831983826400026,0.9,1,0.9
"253","10","1",0,"n",0,0.192859815546751,0.6,25.7,16,0.112729240671452,0.9,1,0.9
"254","11.4","1",0,"n",0,0.19764975457947,1.1,25.8,16,0.114734110056427,0.9,1,0.9
"255","12.8","1",0,"n",0,0.24506680532974,1.1,29,14,0.143453824747416,0.9,1,0.9
"256","14.3","1",0,"n",0,0.274669741660135,1.1,31.8,13,0.171024081496852,0.9,1,0.9
"257","15.7","1",0,"n",0,0.278486920023484,1.1,34.1,13,0.193742425366959,0.9,1,0.9
"258","17.1","1",0,"n",0,0.21496492782398,1.1,35.4,16,0.211866187738025,0.9,1,0.9
"259","18.6","1",0,"n",0,0.262605217643246,1.2,38.8,14,0.230483447571069,0.9,1,0.9
"260","20","1",0,"n",0,0.291087685816634,1.2,41.2,13,0.242195078873512,0.9,1,0.9
"261","7.1","2",1,"n",0.384615384615385,0.246362587518595,0.100000000000001,20,13,0.0595301993804354,0.9,1,0.9
"262","8.5","2",1,"n",0.384615384615385,0.254396605154422,0.0999999999999996,23.1,13,0.0831983826400026,0.9,1,0.9
"263","10","2",1,"n",0.5,0.192859815546751,0.6,25.7,16,0.112729240671452,0.9,1,0.9
"264","11.4","2",1,"n",0.3125,0.19764975457947,1.1,25.8,16,0.114734110056427,0.9,1,0.9
"265","12.8","2",1,"n",0.357142857142857,0.24506680532974,1.1,29,14,0.143453824747416,0.9,1,0.9
"266","14.3","2",1,"n",0.384615384615385,0.274669741660135,1.1,31.8,13,0.171024081496852,0.9,1,0.9
"267","15.7","2",1,"n",0.384615384615385,0.278486920023484,1.1,34.1,13,0.193742425366959,0.9,1,0.9
"268","17.1","2",0.727272727272727,"n",0.5,0.21496492782398,1.1,35.4,16,0.211866187738025,0.9,1,0.9
"269","18.6","2",1,"n",0.571428571428571,0.262605217643246,1.2,38.8,14,0.230483447571069,0.9,1,0.9
"270","20","2",1,"n",0.615384615384615,0.291087685816634,1.2,41.2,13,0.242195078873512,0.9,1,0.9
"271","7.1","0",0,"a",0,0.246362587518595,0.100000000000001,20,13,0.0595301993804354,0.9,1,0.9
"272","8.5","0",0,"a",0,0.254396605154422,0.0999999999999996,23.1,13,0.0831983826400026,0.9,1,0.9
"273","10","0",0.375,"a",0.1875,0.192859815546751,0.6,25.7,16,0.112729240671452,0.9,1,0.9
"274","11.4","0",0.272727272727273,"a",0.1875,0.19764975457947,1.1,25.8,16,0.114734110056427,0.9,1,0.9
"275","12.8","0",0.111111111111111,"a",0.0714285714285714,0.24506680532974,1.1,29,14,0.143453824747416,0.9,1,0.9
"276","14.3","0",0,"a",0,0.274669741660135,1.1,31.8,13,0.171024081496852,0.9,1,0.9
"277","15.7","0",0,"a",0,0.278486920023484,1.1,34.1,13,0.193742425366959,0.9,1,0.9
"278","17.1","0",0,"a",0,0.21496492782398,1.1,35.4,16,0.211866187738025,0.9,1,0.9
"279","18.6","0",0.166666666666667,"a",0.0714285714285714,0.262605217643246,1.2,38.8,14,0.230483447571069,0.9,1,0.9
"280","20","0",0,"a",0,0.291087685816634,1.2,41.2,13,0.242195078873512,0.9,1,0.9
"281","7.1","1",0.125,"a",0.0769230769230769,0.246362587518595,0.100000000000001,20,13,0.0595301993804354,0.9,1,0.9
"282","8.5","1",0.125,"a",0.0769230769230769,0.254396605154422,0.0999999999999996,23.1,13,0.0831983826400026,0.9,1,0.9
"283","10","1",0.125,"a",0.0625,0.192859815546751,0.6,25.7,16,0.112729240671452,0.9,1,0.9
"284","11.4","1",0.0909090909090909,"a",0.0625,0.19764975457947,1.1,25.8,16,0.114734110056427,0.9,1,0.9
"285","12.8","1",0.111111111111111,"a",0.0714285714285714,0.24506680532974,1.1,29,14,0.143453824747416,0.9,1,0.9
"286","14.3","1",0.125,"a",0.0769230769230769,0.274669741660135,1.1,31.8,13,0.171024081496852,0.9,1,0.9
"287","15.7","1",0.125,"a",0.0769230769230769,0.278486920023484,1.1,34.1,13,0.193742425366959,0.9,1,0.9
"288","17.1","1",0,"a",0,0.21496492782398,1.1,35.4,16,0.211866187738025,0.9,1,0.9
"289","18.6","1",0,"a",0,0.262605217643246,1.2,38.8,14,0.230483447571069,0.9,1,0.9
"290","20","1",0,"a",0,0.291087685816634,1.2,41.2,13,0.242195078873512,0.9,1,0.9
"291","7.1","2",0.875,"a",0.538461538461538,0.246362587518595,0.100000000000001,20,13,0.0595301993804354,0.9,1,0.9
"292","8.5","2",0.875,"a",0.538461538461538,0.254396605154422,0.0999999999999996,23.1,13,0.0831983826400026,0.9,1,0.9
"293","10","2",0.5,"a",0.25,0.192859815546751,0.6,25.7,16,0.112729240671452,0.9,1,0.9
"294","11.4","2",0.636363636363636,"a",0.4375,0.19764975457947,1.1,25.8,16,0.114734110056427,0.9,1,0.9
"295","12.8","2",0.777777777777778,"a",0.5,0.24506680532974,1.1,29,14,0.143453824747416,0.9,1,0.9
"296","14.3","2",0.875,"a",0.538461538461538,0.274669741660135,1.1,31.8,13,0.171024081496852,0.9,1,0.9
"297","15.7","2",0.875,"a",0.538461538461538,0.278486920023484,1.1,34.1,13,0.193742425366959,0.9,1,0.9
"298","17.1","2",1,"a",0.3125,0.21496492782398,1.1,35.4,16,0.211866187738025,0.9,1,0.9
"299","18.6","2",0.833333333333333,"a",0.357142857142857,0.262605217643246,1.2,38.8,14,0.230483447571069,0.9,1,0.9
"300","20","2",1,"a",0.384615384615385,0.291087685816634,1.2,41.2,13,0.242195078873512,0.9,1,0.9
"301","7.1","0",0,"n",0,0.205745901575027,1.6,29.9,15,0.128308912391191,1,0.1,10
"302","8.5","0",0,"n",0,0.259998912371753,1.2,34.2,13,0.16445928159202,1,0.1,10
"303","10","0",0,"n",0,0.266689209366692,1.2,37.6,13,0.194881787490009,1,0.1,10
"304","11.4","0",0,"n",0,0.136279120989478,3.9,39.3,20,0.224111252711082,1,0.1,10
"305","12.8","0",0,"n",0,0.172233147701691,3.9,43.1,18,0.242517440800206,1,0.1,10
"306","14.3","0",0,"n",0,0.282372698583528,2.4,43.1,13,0.242520085209171,1,0.1,10
"307","15.7","0",0,"n",0,0.28577529347589,2.4,41.7,13,0.242520085209171,1,0.1,10
"308","17.1","0",0,"n",0,0.288844988149246,2.4,40.3,13,0.242520085209171,1,0.1,10
"309","18.6","0",0,"n",0,0.291825497571029,2.4,38.8,13,0.242520085209171,1,0.1,10
"310","20","0",0,"n",0,0.268410461158548,2.8,37,14,0.242520085209171,1,0.1,10
"311","7.1","1",0,"n",0,0.205745901575027,1.6,29.9,15,0.128308912391191,1,0.1,10
"312","8.5","1",0,"n",0,0.259998912371753,1.2,34.2,13,0.16445928159202,1,0.1,10
"313","10","1",0,"n",0,0.266689209366692,1.2,37.6,13,0.194881787490009,1,0.1,10
"314","11.4","1",0,"n",0,0.136279120989478,3.9,39.3,20,0.224111252711082,1,0.1,10
"315","12.8","1",0,"n",0,0.172233147701691,3.9,43.1,18,0.242517440800206,1,0.1,10
"316","14.3","1",0,"n",0,0.282372698583528,2.4,43.1,13,0.242520085209171,1,0.1,10
"317","15.7","1",0,"n",0,0.28577529347589,2.4,41.7,13,0.242520085209171,1,0.1,10
"318","17.1","1",0,"n",0,0.288844988149246,2.4,40.3,13,0.242520085209171,1,0.1,10
"319","18.6","1",0,"n",0,0.291825497571029,2.4,38.8,13,0.242520085209171,1,0.1,10
"320","20","1",0,"n",0,0.268410461158548,2.8,37,14,0.242520085209171,1,0.1,10
"321","7.1","2",1,"n",0.533333333333333,0.205745901575027,1.6,29.9,15,0.128308912391191,1,0.1,10
"322","8.5","2",1,"n",0.615384615384615,0.259998912371753,1.2,34.2,13,0.16445928159202,1,0.1,10
"323","10","2",1,"n",0.615384615384615,0.266689209366692,1.2,37.6,13,0.194881787490009,1,0.1,10
"324","11.4","2",1,"n",0.25,0.136279120989478,3.9,39.3,20,0.224111252711082,1,0.1,10
"325","12.8","2",1,"n",0.444444444444444,0.172233147701691,3.9,43.1,18,0.242517440800206,1,0.1,10
"326","14.3","2",1,"n",0.615384615384615,0.282372698583528,2.4,43.1,13,0.242520085209171,1,0.1,10
"327","15.7","2",1,"n",0.615384615384615,0.28577529347589,2.4,41.7,13,0.242520085209171,1,0.1,10
"328","17.1","2",1,"n",0.615384615384615,0.288844988149246,2.4,40.3,13,0.242520085209171,1,0.1,10
"329","18.6","2",1,"n",0.615384615384615,0.291825497571029,2.4,38.8,13,0.242520085209171,1,0.1,10
"330","20","2",1,"n",0.571428571428571,0.268410461158548,2.8,37,14,0.242520085209171,1,0.1,10
"331","7.1","0",0.285714285714286,"a",0.133333333333333,0.205745901575027,1.6,29.9,15,0.128308912391191,1,0.1,10
"332","8.5","0",0,"a",0,0.259998912371753,1.2,34.2,13,0.16445928159202,1,0.1,10
"333","10","0",0,"a",0,0.266689209366692,1.2,37.6,13,0.194881787490009,1,0.1,10
"334","11.4","0",0.466666666666667,"a",0.35,0.136279120989478,3.9,39.3,20,0.224111252711082,1,0.1,10
"335","12.8","0",0.5,"a",0.277777777777778,0.172233147701691,3.9,43.1,18,0.242517440800206,1,0.1,10
"336","14.3","0",0,"a",0,0.282372698583528,2.4,43.1,13,0.242520085209171,1,0.1,10
"337","15.7","0",0,"a",0,0.28577529347589,2.4,41.7,13,0.242520085209171,1,0.1,10
"338","17.1","0",0,"a",0,0.288844988149246,2.4,40.3,13,0.242520085209171,1,0.1,10
"339","18.6","0",0,"a",0,0.291825497571029,2.4,38.8,13,0.242520085209171,1,0.1,10
"340","20","0",0.166666666666667,"a",0.0714285714285714,0.268410461158548,2.8,37,14,0.242520085209171,1,0.1,10
"341","7.1","1",0,"a",0,0.205745901575027,1.6,29.9,15,0.128308912391191,1,0.1,10
"342","8.5","1",0,"a",0,0.259998912371753,1.2,34.2,13,0.16445928159202,1,0.1,10
"343","10","1",0,"a",0,0.266689209366692,1.2,37.6,13,0.194881787490009,1,0.1,10
"344","11.4","1",0.0666666666666667,"a",0.05,0.136279120989478,3.9,39.3,20,0.224111252711082,1,0.1,10
"345","12.8","1",0,"a",0,0.172233147701691,3.9,43.1,18,0.242517440800206,1,0.1,10
"346","14.3","1",0,"a",0,0.282372698583528,2.4,43.1,13,0.242520085209171,1,0.1,10
"347","15.7","1",0,"a",0,0.28577529347589,2.4,41.7,13,0.242520085209171,1,0.1,10
"348","17.1","1",0,"a",0,0.288844988149246,2.4,40.3,13,0.242520085209171,1,0.1,10
"349","18.6","1",0,"a",0,0.291825497571029,2.4,38.8,13,0.242520085209171,1,0.1,10
"350","20","1",0,"a",0,0.268410461158548,2.8,37,14,0.242520085209171,1,0.1,10
"351","7.1","2",0.714285714285714,"a",0.333333333333333,0.205745901575027,1.6,29.9,15,0.128308912391191,1,0.1,10
"352","8.5","2",1,"a",0.384615384615385,0.259998912371753,1.2,34.2,13,0.16445928159202,1,0.1,10
"353","10","2",1,"a",0.384615384615385,0.266689209366692,1.2,37.6,13,0.194881787490009,1,0.1,10
"354","11.4","2",0.466666666666667,"a",0.35,0.136279120989478,3.9,39.3,20,0.224111252711082,1,0.1,10
"355","12.8","2",0.5,"a",0.277777777777778,0.172233147701691,3.9,43.1,18,0.242517440800206,1,0.1,10
"356","14.3","2",1,"a",0.384615384615385,0.282372698583528,2.4,43.1,13,0.242520085209171,1,0.1,10
"357","15.7","2",1,"a",0.384615384615385,0.28577529347589,2.4,41.7,13,0.242520085209171,1,0.1,10
"358","17.1","2",1,"a",0.384615384615385,0.288844988149246,2.4,40.3,13,0.242520085209171,1,0.1,10
"359","18.6","2",1,"a",0.384615384615385,0.291825497571029,2.4,38.8,13,0.242520085209171,1,0.1,10
"360","20","2",0.833333333333333,"a",0.357142857142857,0.268410461158548,2.8,37,14,0.242520085209171,1,0.1,10
"361","7.1","0",0,"n",0,0.185604274987618,1.8,27.5,16,0.113393847710624,1,0.3,3.33333333333333
"362","8.5","0",0,"n",0,0.259998912371753,1.2,32,13,0.149621936975896,1,0.3,3.33333333333333
"363","10","0",0,"n",0,0.266689209366692,1.2,35.1,13,0.179932270911666,1,0.3,3.33333333333333
"364","11.4","0",0,"n",0,0.271971129389888,1.2,38.5,13,0.207348732187975,1,0.3,3.33333333333333
"365","12.8","0",0,"n",0,0.25098663865065,1.5,41.5,14,0.228559777401489,1,0.3,3.33333333333333
"366","14.3","0",0,"n",0,0.232142923552734,1.8,43.8,15,0.242496066516059,1,0.3,3.33333333333333
"367","15.7","0",0,"n",0,0.258729739781484,1.5,42.7,14,0.242520085209171,1,0.3,3.33333333333333
"368","17.1","0",0,"n",0,0.287601770015272,1.2,41.6,13,0.242520085209171,1,0.3,3.33333333333333
"369","18.6","0",0,"n",0,0.29069763752589,1.2,40.1,13,0.242520085209171,1,0.3,3.33333333333333
"370","20","0",0,"n",0,0.107353951432818,6.7,33.1,24,0.242520085209171,1,0.3,3.33333333333333
"371","7.1","1",0,"n",0,0.185604274987618,1.8,27.5,16,0.113393847710624,1,0.3,3.33333333333333
"372","8.5","1",0,"n",0,0.259998912371753,1.2,32,13,0.149621936975896,1,0.3,3.33333333333333
"373","10","1",0,"n",0,0.266689209366692,1.2,35.1,13,0.179932270911666,1,0.3,3.33333333333333
"374","11.4","1",0,"n",0,0.271971129389888,1.2,38.5,13,0.207348732187975,1,0.3,3.33333333333333
"375","12.8","1",0,"n",0,0.25098663865065,1.5,41.5,14,0.228559777401489,1,0.3,3.33333333333333
"376","14.3","1",0,"n",0,0.232142923552734,1.8,43.8,15,0.242496066516059,1,0.3,3.33333333333333
"377","15.7","1",0,"n",0,0.258729739781484,1.5,42.7,14,0.242520085209171,1,0.3,3.33333333333333
"378","17.1","1",0,"n",0,0.287601770015272,1.2,41.6,13,0.242520085209171,1,0.3,3.33333333333333
"379","18.6","1",0,"n",0,0.29069763752589,1.2,40.1,13,0.242520085209171,1,0.3,3.33333333333333
"380","20","1",0,"n",0,0.107353951432818,6.7,33.1,24,0.242520085209171,1,0.3,3.33333333333333
"381","7.1","2",1,"n",0.5,0.185604274987618,1.8,27.5,16,0.113393847710624,1,0.3,3.33333333333333
"382","8.5","2",1,"n",0.615384615384615,0.259998912371753,1.2,32,13,0.149621936975896,1,0.3,3.33333333333333
"383","10","2",1,"n",0.615384615384615,0.266689209366692,1.2,35.1,13,0.179932270911666,1,0.3,3.33333333333333
"384","11.4","2",1,"n",0.615384615384615,0.271971129389888,1.2,38.5,13,0.207348732187975,1,0.3,3.33333333333333
"385","12.8","2",1,"n",0.571428571428571,0.25098663865065,1.5,41.5,14,0.228559777401489,1,0.3,3.33333333333333
"386","14.3","2",1,"n",0.533333333333333,0.232142923552734,1.8,43.8,15,0.242496066516059,1,0.3,3.33333333333333
"387","15.7","2",1,"n",0.571428571428571,0.258729739781484,1.5,42.7,14,0.242520085209171,1,0.3,3.33333333333333
"388","17.1","2",1,"n",0.615384615384615,0.287601770015272,1.2,41.6,13,0.242520085209171,1,0.3,3.33333333333333
"389","18.6","2",1,"n",0.615384615384615,0.29069763752589,1.2,40.1,13,0.242520085209171,1,0.3,3.33333333333333
"390","20","2",1,"n",0.333333333333333,0.107353951432818,6.7,33.1,24,0.242520085209171,1,0.3,3.33333333333333
"391","7.1","0",0.375,"a",0.1875,0.185604274987618,1.8,27.5,16,0.113393847710624,1,0.3,3.33333333333333
"392","8.5","0",0,"a",0,0.259998912371753,1.2,32,13,0.149621936975896,1,0.3,3.33333333333333
"393","10","0",0,"a",0,0.266689209366692,1.2,35.1,13,0.179932270911666,1,0.3,3.33333333333333
"394","11.4","0",0,"a",0,0.271971129389888,1.2,38.5,13,0.207348732187975,1,0.3,3.33333333333333
"395","12.8","0",0.166666666666667,"a",0.0714285714285714,0.25098663865065,1.5,41.5,14,0.228559777401489,1,0.3,3.33333333333333
"396","14.3","0",0.285714285714286,"a",0.133333333333333,0.232142923552734,1.8,43.8,15,0.242496066516059,1,0.3,3.33333333333333
"397","15.7","0",0.166666666666667,"a",0.0714285714285714,0.258729739781484,1.5,42.7,14,0.242520085209171,1,0.3,3.33333333333333
"398","17.1","0",0,"a",0,0.287601770015272,1.2,41.6,13,0.242520085209171,1,0.3,3.33333333333333
"399","18.6","0",0,"a",0,0.29069763752589,1.2,40.1,13,0.242520085209171,1,0.3,3.33333333333333
"400","20","0",0.6875,"a",0.458333333333333,0.107353951432818,6.7,33.1,24,0.242520085209171,1,0.3,3.33333333333333
"401","7.1","1",0,"a",0,0.185604274987618,1.8,27.5,16,0.113393847710624,1,0.3,3.33333333333333
"402","8.5","1",0,"a",0,0.259998912371753,1.2,32,13,0.149621936975896,1,0.3,3.33333333333333
"403","10","1",0,"a",0,0.266689209366692,1.2,35.1,13,0.179932270911666,1,0.3,3.33333333333333
"404","11.4","1",0,"a",0,0.271971129389888,1.2,38.5,13,0.207348732187975,1,0.3,3.33333333333333
"405","12.8","1",0,"a",0,0.25098663865065,1.5,41.5,14,0.228559777401489,1,0.3,3.33333333333333
"406","14.3","1",0,"a",0,0.232142923552734,1.8,43.8,15,0.242496066516059,1,0.3,3.33333333333333
"407","15.7","1",0,"a",0,0.258729739781484,1.5,42.7,14,0.242520085209171,1,0.3,3.33333333333333
"408","17.1","1",0,"a",0,0.287601770015272,1.2,41.6,13,0.242520085209171,1,0.3,3.33333333333333
"409","18.6","1",0,"a",0,0.29069763752589,1.2,40.1,13,0.242520085209171,1,0.3,3.33333333333333
"410","20","1",0,"a",0,0.107353951432818,6.7,33.1,24,0.242520085209171,1,0.3,3.33333333333333
"411","7.1","2",0.625,"a",0.3125,0.185604274987618,1.8,27.5,16,0.113393847710624,1,0.3,3.33333333333333
"412","8.5","2",1,"a",0.384615384615385,0.259998912371753,1.2,32,13,0.149621936975896,1,0.3,3.33333333333333
"413","10","2",1,"a",0.384615384615385,0.266689209366692,1.2,35.1,13,0.179932270911666,1,0.3,3.33333333333333
"414","11.4","2",1,"a",0.384615384615385,0.271971129389888,1.2,38.5,13,0.207348732187975,1,0.3,3.33333333333333
"415","12.8","2",0.833333333333333,"a",0.357142857142857,0.25098663865065,1.5,41.5,14,0.228559777401489,1,0.3,3.33333333333333
"416","14.3","2",0.714285714285714,"a",0.333333333333333,0.232142923552734,1.8,43.8,15,0.242496066516059,1,0.3,3.33333333333333
"417","15.7","2",0.833333333333333,"a",0.357142857142857,0.258729739781484,1.5,42.7,14,0.242520085209171,1,0.3,3.33333333333333
"418","17.1","2",1,"a",0.384615384615385,0.287601770015272,1.2,41.6,13,0.242520085209171,1,0.3,3.33333333333333
"419","18.6","2",1,"a",0.384615384615385,0.29069763752589,1.2,40.1,13,0.242520085209171,1,0.3,3.33333333333333
"420","20","2",0.3125,"a",0.208333333333333,0.107353951432818,6.7,33.1,24,0.242520085209171,1,0.3,3.33333333333333
"421","7.1","0",0,"n",0,0.246362587518595,0.100000000000001,24.2,13,0.0814617706925869,1,0.5,2
"422","8.5","0",0,"n",0,0.170367552125977,0.9,26.4,17,0.108750282136286,1,0.5,2
"423","10","0",0,"n",0,0.236745527917263,0.300000000000001,30.9,14,0.145510075152789,1,0.5,2
"424","11.4","0",0,"n",0,0.266937343046509,0.0999999999999996,34.3,13,0.176154141932583,1,0.5,2
"425","12.8","0",0,"n",0,0.126344967727917,3.1,34.9,21,0.205798126257293,1,0.5,2
"426","14.3","0",0,"n",0,0.255317024469107,1.5,42.3,14,0.236866721417936,1,0.5,2
"427","15.7","0",0,"n",0,0.284404003802464,1.2,43,13,0.242520085209171,1,0.5,2
"428","17.1","0",0,"n",0,0.238354174576584,1.8,41,15,0.242520085209171,1,0.5,2
"429","18.6","0",0,"n",0,0.264789699551341,1.5,39.8,14,0.242520085209171,1,0.5,2
"430","20","0",0,"n",0,0.293327482723243,1.2,38.7,13,0.242520085209171,1,0.5,2
"431","7.1","1",0,"n",0,0.246362587518595,0.100000000000001,24.2,13,0.0814617706925869,1,0.5,2
"432","8.5","1",0,"n",0,0.170367552125977,0.9,26.4,17,0.108750282136286,1,0.5,2
"433","10","1",0,"n",0,0.236745527917263,0.300000000000001,30.9,14,0.145510075152789,1,0.5,2
"434","11.4","1",0,"n",0,0.266937343046509,0.0999999999999996,34.3,13,0.176154141932583,1,0.5,2
"435","12.8","1",0,"n",0,0.126344967727917,3.1,34.9,21,0.205798126257293,1,0.5,2
"436","14.3","1",0,"n",0,0.255317024469107,1.5,42.3,14,0.236866721417936,1,0.5,2
"437","15.7","1",0,"n",0,0.284404003802464,1.2,43,13,0.242520085209171,1,0.5,2
"438","17.1","1",0,"n",0,0.238354174576584,1.8,41,15,0.242520085209171,1,0.5,2
"439","18.6","1",0,"n",0,0.264789699551341,1.5,39.8,14,0.242520085209171,1,0.5,2
"440","20","1",0,"n",0,0.293327482723243,1.2,38.7,13,0.242520085209171,1,0.5,2
"441","7.1","2",1,"n",0.384615384615385,0.246362587518595,0.100000000000001,24.2,13,0.0814617706925869,1,0.5,2
"442","8.5","2",1,"n",0.294117647058824,0.170367552125977,0.9,26.4,17,0.108750282136286,1,0.5,2
"443","10","2",1,"n",0.357142857142857,0.236745527917263,0.300000000000001,30.9,14,0.145510075152789,1,0.5,2
"444","11.4","2",1,"n",0.384615384615385,0.266937343046509,0.0999999999999996,34.3,13,0.176154141932583,1,0.5,2
"445","12.8","2",1,"n",0.238095238095238,0.126344967727917,3.1,34.9,21,0.205798126257293,1,0.5,2
"446","14.3","2",1,"n",0.571428571428571,0.255317024469107,1.5,42.3,14,0.236866721417936,1,0.5,2
"447","15.7","2",1,"n",0.615384615384615,0.284404003802464,1.2,43,13,0.242520085209171,1,0.5,2
"448","17.1","2",1,"n",0.533333333333333,0.238354174576584,1.8,41,15,0.242520085209171,1,0.5,2
"449","18.6","2",1,"n",0.571428571428571,0.264789699551341,1.5,39.8,14,0.242520085209171,1,0.5,2
"450","20","2",1,"n",0.615384615384615,0.293327482723243,1.2,38.7,13,0.242520085209171,1,0.5,2
"451","7.1","0",0,"a",0,0.246362587518595,0.100000000000001,24.2,13,0.0814617706925869,1,0.5,2
"452","8.5","0",0.333333333333333,"a",0.235294117647059,0.170367552125977,0.9,26.4,17,0.108750282136286,1,0.5,2
"453","10","0",0.111111111111111,"a",0.0714285714285714,0.236745527917263,0.300000000000001,30.9,14,0.145510075152789,1,0.5,2
"454","11.4","0",0,"a",0,0.266937343046509,0.0999999999999996,34.3,13,0.176154141932583,1,0.5,2
"455","12.8","0",0.5,"a",0.380952380952381,0.126344967727917,3.1,34.9,21,0.205798126257293,1,0.5,2
"456","14.3","0",0.166666666666667,"a",0.0714285714285714,0.255317024469107,1.5,42.3,14,0.236866721417936,1,0.5,2
"457","15.7","0",0,"a",0,0.284404003802464,1.2,43,13,0.242520085209171,1,0.5,2
"458","17.1","0",0.285714285714286,"a",0.133333333333333,0.238354174576584,1.8,41,15,0.242520085209171,1,0.5,2
"459","18.6","0",0.166666666666667,"a",0.0714285714285714,0.264789699551341,1.5,39.8,14,0.242520085209171,1,0.5,2
"460","20","0",0,"a",0,0.293327482723243,1.2,38.7,13,0.242520085209171,1,0.5,2
"461","7.1","1",0.125,"a",0.0769230769230769,0.246362587518595,0.100000000000001,24.2,13,0.0814617706925869,1,0.5,2
"462","8.5","1",0.0833333333333333,"a",0.0588235294117647,0.170367552125977,0.9,26.4,17,0.108750282136286,1,0.5,2
"463","10","1",0.111111111111111,"a",0.0714285714285714,0.236745527917263,0.300000000000001,30.9,14,0.145510075152789,1,0.5,2
"464","11.4","1",0.125,"a",0.0769230769230769,0.266937343046509,0.0999999999999996,34.3,13,0.176154141932583,1,0.5,2
"465","12.8","1",0.0625,"a",0.0476190476190476,0.126344967727917,3.1,34.9,21,0.205798126257293,1,0.5,2
"466","14.3","1",0,"a",0,0.255317024469107,1.5,42.3,14,0.236866721417936,1,0.5,2
"467","15.7","1",0,"a",0,0.284404003802464,1.2,43,13,0.242520085209171,1,0.5,2
"468","17.1","1",0,"a",0,0.238354174576584,1.8,41,15,0.242520085209171,1,0.5,2
"469","18.6","1",0,"a",0,0.264789699551341,1.5,39.8,14,0.242520085209171,1,0.5,2
"470","20","1",0,"a",0,0.293327482723243,1.2,38.7,13,0.242520085209171,1,0.5,2
"471","7.1","2",0.875,"a",0.538461538461538,0.246362587518595,0.100000000000001,24.2,13,0.0814617706925869,1,0.5,2
"472","8.5","2",0.583333333333333,"a",0.411764705882353,0.170367552125977,0.9,26.4,17,0.108750282136286,1,0.5,2
"473","10","2",0.777777777777778,"a",0.5,0.236745527917263,0.300000000000001,30.9,14,0.145510075152789,1,0.5,2
"474","11.4","2",0.875,"a",0.538461538461538,0.266937343046509,0.0999999999999996,34.3,13,0.176154141932583,1,0.5,2
"475","12.8","2",0.4375,"a",0.333333333333333,0.126344967727917,3.1,34.9,21,0.205798126257293,1,0.5,2
"476","14.3","2",0.833333333333333,"a",0.357142857142857,0.255317024469107,1.5,42.3,14,0.236866721417936,1,0.5,2
"477","15.7","2",1,"a",0.384615384615385,0.284404003802464,1.2,43,13,0.242520085209171,1,0.5,2
"478","17.1","2",0.714285714285714,"a",0.333333333333333,0.238354174576584,1.8,41,15,0.242520085209171,1,0.5,2
"479","18.6","2",0.833333333333333,"a",0.357142857142857,0.264789699551341,1.5,39.8,14,0.242520085209171,1,0.5,2
"480","20","2",1,"a",0.384615384615385,0.293327482723243,1.2,38.7,13,0.242520085209171,1,0.5,2
"481","7.1","0",0,"n",0,0.246362587518595,0.100000000000001,22.4,13,0.0715123580986902,1,0.7,1.42857142857143
"482","8.5","0",0,"n",0,0.154189312385277,1.1,24.3,18,0.0965159414842865,1,0.7,1.42857142857143
"483","10","0",0,"n",0,0.214429039088511,0.5,28.5,15,0.130370973899859,1,0.7,1.42857142857143
"484","11.4","0",0,"n",0,0.269835679659668,0,32,13,0.160462972843907,1,0.7,1.42857142857143
"485","12.8","0",0,"n",0,0.271686765877464,0.0999999999999996,34.9,13,0.188475450937863,1,0.7,1.42857142857143
"486","14.3","0",0,"n",0,0.279214440161663,0,36.8,13,0.206837336284226,1,0.7,1.42857142857143
"487","15.7","0",0,"n",0,0.257433979296499,0.299999999999999,39.8,14,0.228171352986904,1,0.7,1.42857142857143
"488","17.1","0",0,"n",0,0.286283717335558,0,42.7,13,0.24189727230066,1,0.7,1.42857142857143
"489","18.6","0",0,"n",0,0.218928165238554,0.899999999999999,40.5,16,0.242520085209171,1,0.7,1.42857142857143
"490","20","0",0,"n",0,0.242791773562323,0.600000000000001,39.4,15,0.242520085209171,1,0.7,1.42857142857143
"491","7.1","1",0,"n",0,0.246362587518595,0.100000000000001,22.4,13,0.0715123580986902,1,0.7,1.42857142857143
"492","8.5","1",0,"n",0,0.154189312385277,1.1,24.3,18,0.0965159414842865,1,0.7,1.42857142857143
"493","10","1",0,"n",0,0.214429039088511,0.5,28.5,15,0.130370973899859,1,0.7,1.42857142857143
"494","11.4","1",0,"n",0,0.269835679659668,0,32,13,0.160462972843907,1,0.7,1.42857142857143
"495","12.8","1",0,"n",0,0.271686765877464,0.0999999999999996,34.9,13,0.188475450937863,1,0.7,1.42857142857143
"496","14.3","1",0,"n",0,0.279214440161663,0,36.8,13,0.206837336284226,1,0.7,1.42857142857143
"497","15.7","1",0,"n",0,0.257433979296499,0.299999999999999,39.8,14,0.228171352986904,1,0.7,1.42857142857143
"498","17.1","1",0,"n",0,0.286283717335558,0,42.7,13,0.24189727230066,1,0.7,1.42857142857143
"499","18.6","1",0,"n",0,0.218928165238554,0.899999999999999,40.5,16,0.242520085209171,1,0.7,1.42857142857143
"500","20","1",0,"n",0,0.242791773562323,0.600000000000001,39.4,15,0.242520085209171,1,0.7,1.42857142857143
"501","7.1","2",1,"n",0.384615384615385,0.246362587518595,0.100000000000001,22.4,13,0.0715123580986902,1,0.7,1.42857142857143
"502","8.5","2",1,"n",0.277777777777778,0.154189312385277,1.1,24.3,18,0.0965159414842865,1,0.7,1.42857142857143
"503","10","2",1,"n",0.333333333333333,0.214429039088511,0.5,28.5,15,0.130370973899859,1,0.7,1.42857142857143
"504","11.4","2",1,"n",0.615384615384615,0.269835679659668,0,32,13,0.160462972843907,1,0.7,1.42857142857143
"505","12.8","2",1,"n",0.384615384615385,0.271686765877464,0.0999999999999996,34.9,13,0.188475450937863,1,0.7,1.42857142857143
"506","14.3","2",1,"n",0.615384615384615,0.279214440161663,0,36.8,13,0.206837336284226,1,0.7,1.42857142857143
"507","15.7","2",1,"n",0.571428571428571,0.257433979296499,0.299999999999999,39.8,14,0.228171352986904,1,0.7,1.42857142857143
"508","17.1","2",1,"n",0.615384615384615,0.286283717335558,0,42.7,13,0.24189727230066,1,0.7,1.42857142857143
"509","18.6","2",1,"n",0.5,0.218928165238554,0.899999999999999,40.5,16,0.242520085209171,1,0.7,1.42857142857143
"510","20","2",1,"n",0.533333333333333,0.242791773562323,0.600000000000001,39.4,15,0.242520085209171,1,0.7,1.42857142857143
"511","7.1","0",0,"a",0,0.246362587518595,0.100000000000001,22.4,13,0.0715123580986902,1,0.7,1.42857142857143
"512","8.5","0",0.384615384615385,"a",0.277777777777778,0.154189312385277,1.1,24.3,18,0.0965159414842865,1,0.7,1.42857142857143
"513","10","0",0.2,"a",0.133333333333333,0.214429039088511,0.5,28.5,15,0.130370973899859,1,0.7,1.42857142857143
"514","11.4","0",0,"a",0,0.269835679659668,0,32,13,0.160462972843907,1,0.7,1.42857142857143
"515","12.8","0",0,"a",0,0.271686765877464,0.0999999999999996,34.9,13,0.188475450937863,1,0.7,1.42857142857143
"516","14.3","0",0,"a",0,0.279214440161663,0,36.8,13,0.206837336284226,1,0.7,1.42857142857143
"517","15.7","0",0.166666666666667,"a",0.0714285714285714,0.257433979296499,0.299999999999999,39.8,14,0.228171352986904,1,0.7,1.42857142857143
"518","17.1","0",0,"a",0,0.286283717335558,0,42.7,13,0.24189727230066,1,0.7,1.42857142857143
"519","18.6","0",0.375,"a",0.1875,0.218928165238554,0.899999999999999,40.5,16,0.242520085209171,1,0.7,1.42857142857143
"520","20","0",0.285714285714286,"a",0.133333333333333,0.242791773562323,0.600000000000001,39.4,15,0.242520085209171,1,0.7,1.42857142857143
"521","7.1","1",0.125,"a",0.0769230769230769,0.246362587518595,0.100000000000001,22.4,13,0.0715123580986902,1,0.7,1.42857142857143
"522","8.5","1",0.0769230769230769,"a",0.0555555555555556,0.154189312385277,1.1,24.3,18,0.0965159414842865,1,0.7,1.42857142857143
"523","10","1",0.1,"a",0.0666666666666667,0.214429039088511,0.5,28.5,15,0.130370973899859,1,0.7,1.42857142857143
"524","11.4","1",0,"a",0,0.269835679659668,0,32,13,0.160462972843907,1,0.7,1.42857142857143
"525","12.8","1",0.125,"a",0.0769230769230769,0.271686765877464,0.0999999999999996,34.9,13,0.188475450937863,1,0.7,1.42857142857143
"526","14.3","1",0,"a",0,0.279214440161663,0,36.8,13,0.206837336284226,1,0.7,1.42857142857143
"527","15.7","1",0,"a",0,0.257433979296499,0.299999999999999,39.8,14,0.228171352986904,1,0.7,1.42857142857143
"528","17.1","1",0,"a",0,0.286283717335558,0,42.7,13,0.24189727230066,1,0.7,1.42857142857143
"529","18.6","1",0,"a",0,0.218928165238554,0.899999999999999,40.5,16,0.242520085209171,1,0.7,1.42857142857143
"530","20","1",0,"a",0,0.242791773562323,0.600000000000001,39.4,15,0.242520085209171,1,0.7,1.42857142857143
"531","7.1","2",0.875,"a",0.538461538461538,0.246362587518595,0.100000000000001,22.4,13,0.0715123580986902,1,0.7,1.42857142857143
"532","8.5","2",0.538461538461538,"a",0.388888888888889,0.154189312385277,1.1,24.3,18,0.0965159414842865,1,0.7,1.42857142857143
"533","10","2",0.7,"a",0.466666666666667,0.214429039088511,0.5,28.5,15,0.130370973899859,1,0.7,1.42857142857143
"534","11.4","2",1,"a",0.384615384615385,0.269835679659668,0,32,13,0.160462972843907,1,0.7,1.42857142857143
"535","12.8","2",0.875,"a",0.538461538461538,0.271686765877464,0.0999999999999996,34.9,13,0.188475450937863,1,0.7,1.42857142857143
"536","14.3","2",1,"a",0.384615384615385,0.279214440161663,0,36.8,13,0.206837336284226,1,0.7,1.42857142857143
"537","15.7","2",0.833333333333333,"a",0.357142857142857,0.257433979296499,0.299999999999999,39.8,14,0.228171352986904,1,0.7,1.42857142857143
"538","17.1","2",1,"a",0.384615384615385,0.286283717335558,0,42.7,13,0.24189727230066,1,0.7,1.42857142857143
"539","18.6","2",0.625,"a",0.3125,0.218928165238554,0.899999999999999,40.5,16,0.242520085209171,1,0.7,1.42857142857143
"540","20","2",0.714285714285714,"a",0.333333333333333,0.242791773562323,0.600000000000001,39.4,15,0.242520085209171,1,0.7,1.42857142857143
"541","7.1","0",0,"n",0,0.246362587518595,0.100000000000001,21.1,13,0.0648357599731341,1,0.9,1.11111111111111
"542","8.5","0",0,"n",0,0.254396605154422,0.0999999999999996,23.5,13,0.0855429691176269,1,0.9,1.11111111111111
"543","10","0",0,"n",0,0.194247847617525,0.699999999999999,25.9,16,0.114064668269126,1,0.9,1.11111111111111
"544","11.4","0",0,"n",0,0.24200159108438,0.299999999999999,29.7,14,0.146885375758421,1,0.9,1.11111111111111
"545","12.8","0",0,"n",0,0.271686765877464,0.0999999999999996,32.4,13,0.172962480965869,1,0.9,1.11111111111111
"546","14.3","0",0,"n",0,0.278106843147113,0.5,33.9,13,0.187879057495477,1,0.9,1.11111111111111
"547","15.7","0",0,"n",0,0.278486920023484,1.1,35.3,13,0.200469643488992,1,0.9,1.11111111111111
"548","17.1","0",0,"n",0,0.233711353231327,1.1,37,15,0.21890984291903,1,0.9,1.11111111111111
"549","18.6","0",0,"n",0,0.259801343352826,1.1,40,14,0.235518174672722,1,0.9,1.11111111111111
"550","20","0",0,"n",0,0.201065960341547,1.2,40.1,17,0.242490661215507,1,0.9,1.11111111111111
"551","7.1","1",0,"n",0,0.246362587518595,0.100000000000001,21.1,13,0.0648357599731341,1,0.9,1.11111111111111
"552","8.5","1",0,"n",0,0.254396605154422,0.0999999999999996,23.5,13,0.0855429691176269,1,0.9,1.11111111111111
"553","10","1",0,"n",0,0.194247847617525,0.699999999999999,25.9,16,0.114064668269126,1,0.9,1.11111111111111
"554","11.4","1",0,"n",0,0.24200159108438,0.299999999999999,29.7,14,0.146885375758421,1,0.9,1.11111111111111
"555","12.8","1",0,"n",0,0.271686765877464,0.0999999999999996,32.4,13,0.172962480965869,1,0.9,1.11111111111111
"556","14.3","1",0,"n",0,0.278106843147113,0.5,33.9,13,0.187879057495477,1,0.9,1.11111111111111
"557","15.7","1",0,"n",0,0.278486920023484,1.1,35.3,13,0.200469643488992,1,0.9,1.11111111111111
"558","17.1","1",0,"n",0,0.233711353231327,1.1,37,15,0.21890984291903,1,0.9,1.11111111111111
"559","18.6","1",0,"n",0,0.259801343352826,1.1,40,14,0.235518174672722,1,0.9,1.11111111111111
"560","20","1",0,"n",0,0.201065960341547,1.2,40.1,17,0.242490661215507,1,0.9,1.11111111111111
"561","7.1","2",1,"n",0.384615384615385,0.246362587518595,0.100000000000001,21.1,13,0.0648357599731341,1,0.9,1.11111111111111
"562","8.5","2",1,"n",0.384615384615385,0.254396605154422,0.0999999999999996,23.5,13,0.0855429691176269,1,0.9,1.11111111111111
"563","10","2",1,"n",0.3125,0.194247847617525,0.699999999999999,25.9,16,0.114064668269126,1,0.9,1.11111111111111
"564","11.4","2",1,"n",0.357142857142857,0.24200159108438,0.299999999999999,29.7,14,0.146885375758421,1,0.9,1.11111111111111
"565","12.8","2",1,"n",0.384615384615385,0.271686765877464,0.0999999999999996,32.4,13,0.172962480965869,1,0.9,1.11111111111111
"566","14.3","2",1,"n",0.615384615384615,0.278106843147113,0.5,33.9,13,0.187879057495477,1,0.9,1.11111111111111
"567","15.7","2",1,"n",0.384615384615385,0.278486920023484,1.1,35.3,13,0.200469643488992,1,0.9,1.11111111111111
"568","17.1","2",1,"n",0.333333333333333,0.233711353231327,1.1,37,15,0.21890984291903,1,0.9,1.11111111111111
"569","18.6","2",1,"n",0.357142857142857,0.259801343352826,1.1,40,14,0.235518174672722,1,0.9,1.11111111111111
"570","20","2",1,"n",0.470588235294118,0.201065960341547,1.2,40.1,17,0.242490661215507,1,0.9,1.11111111111111
"571","7.1","0",0,"a",0,0.246362587518595,0.100000000000001,21.1,13,0.0648357599731341,1,0.9,1.11111111111111
"572","8.5","0",0,"a",0,0.254396605154422,0.0999999999999996,23.5,13,0.0855429691176269,1,0.9,1.11111111111111
"573","10","0",0.272727272727273,"a",0.1875,0.194247847617525,0.699999999999999,25.9,16,0.114064668269126,1,0.9,1.11111111111111
"574","11.4","0",0.111111111111111,"a",0.0714285714285714,0.24200159108438,0.299999999999999,29.7,14,0.146885375758421,1,0.9,1.11111111111111
"575","12.8","0",0,"a",0,0.271686765877464,0.0999999999999996,32.4,13,0.172962480965869,1,0.9,1.11111111111111
"576","14.3","0",0,"a",0,0.278106843147113,0.5,33.9,13,0.187879057495477,1,0.9,1.11111111111111
"577","15.7","0",0,"a",0,0.278486920023484,1.1,35.3,13,0.200469643488992,1,0.9,1.11111111111111
"578","17.1","0",0.2,"a",0.133333333333333,0.233711353231327,1.1,37,15,0.21890984291903,1,0.9,1.11111111111111
"579","18.6","0",0.111111111111111,"a",0.0714285714285714,0.259801343352826,1.1,40,14,0.235518174672722,1,0.9,1.11111111111111
"580","20","0",0.444444444444444,"a",0.235294117647059,0.201065960341547,1.2,40.1,17,0.242490661215507,1,0.9,1.11111111111111
"581","7.1","1",0.125,"a",0.0769230769230769,0.246362587518595,0.100000000000001,21.1,13,0.0648357599731341,1,0.9,1.11111111111111
"582","8.5","1",0.125,"a",0.0769230769230769,0.254396605154422,0.0999999999999996,23.5,13,0.0855429691176269,1,0.9,1.11111111111111
"583","10","1",0.0909090909090909,"a",0.0625,0.194247847617525,0.699999999999999,25.9,16,0.114064668269126,1,0.9,1.11111111111111
"584","11.4","1",0.111111111111111,"a",0.0714285714285714,0.24200159108438,0.299999999999999,29.7,14,0.146885375758421,1,0.9,1.11111111111111
"585","12.8","1",0.125,"a",0.0769230769230769,0.271686765877464,0.0999999999999996,32.4,13,0.172962480965869,1,0.9,1.11111111111111
"586","14.3","1",0,"a",0,0.278106843147113,0.5,33.9,13,0.187879057495477,1,0.9,1.11111111111111
"587","15.7","1",0.125,"a",0.0769230769230769,0.278486920023484,1.1,35.3,13,0.200469643488992,1,0.9,1.11111111111111
"588","17.1","1",0.1,"a",0.0666666666666667,0.233711353231327,1.1,37,15,0.21890984291903,1,0.9,1.11111111111111
"589","18.6","1",0.111111111111111,"a",0.0714285714285714,0.259801343352826,1.1,40,14,0.235518174672722,1,0.9,1.11111111111111
"590","20","1",0,"a",0,0.201065960341547,1.2,40.1,17,0.242490661215507,1,0.9,1.11111111111111
"591","7.1","2",0.875,"a",0.538461538461538,0.246362587518595,0.100000000000001,21.1,13,0.0648357599731341,1,0.9,1.11111111111111
"592","8.5","2",0.875,"a",0.538461538461538,0.254396605154422,0.0999999999999996,23.5,13,0.0855429691176269,1,0.9,1.11111111111111
"593","10","2",0.636363636363636,"a",0.4375,0.194247847617525,0.699999999999999,25.9,16,0.114064668269126,1,0.9,1.11111111111111
"594","11.4","2",0.777777777777778,"a",0.5,0.24200159108438,0.299999999999999,29.7,14,0.146885375758421,1,0.9,1.11111111111111
"595","12.8","2",0.875,"a",0.538461538461538,0.271686765877464,0.0999999999999996,32.4,13,0.172962480965869,1,0.9,1.11111111111111
"596","14.3","2",1,"a",0.384615384615385,0.278106843147113,0.5,33.9,13,0.187879057495477,1,0.9,1.11111111111111
"597","15.7","2",0.875,"a",0.538461538461538,0.278486920023484,1.1,35.3,13,0.200469643488992,1,0.9,1.11111111111111
"598","17.1","2",0.7,"a",0.466666666666667,0.233711353231327,1.1,37,15,0.21890984291903,1,0.9,1.11111111111111
"599","18.6","2",0.777777777777778,"a",0.5,0.259801343352826,1.1,40,14,0.235518174672722,1,0.9,1.11111111111111
"600","20","2",0.555555555555556,"a",0.294117647058824,0.201065960341547,1.2,40.1,17,0.242490661215507,1,0.9,1.11111111111111
