"","Wstart","Beh","p","h","p.tot","S.cum.riv","G.riv","G.ocean","dur","dn0","d","dn0_d"
"1","7.1","0",0.6,"n",0.48,0.0876544933811112,3.2,14.1,25,0.1,1,0.1
"2","8.5","0",0.6,"n",0.48,0.0870391389081885,3.2,14.3,25,0.1,1,0.1
"3","10","0",0.6,"n",0.48,0.0874691537794986,3.2,14.3,25,0.1,1,0.1
"4","11.4","0",0.565217391304348,"n",0.481481481481481,0.0727762079534437,3.6,13.7,27,0.1,1,0.1
"5","12.8","0",0.6,"n",0.48,0.0883121747025667,3.2,14.6,25,0.1,1,0.1
"6","14.3","0",0.523809523809524,"n",0.44,0.0876605887090218,3.2,14.8,25,0.1,1,0.1
"7","15.7","0",0.428571428571429,"n",0.375,0.0955652587144869,3.5,15.1,24,0.1,1,0.1
"8","17.1","0",0.428571428571429,"n",0.375,0.0959788104814027,3.5,15.3,24,0.1,1,0.1
"9","18.6","0",0.428571428571429,"n",0.375,0.0963869011273017,3.5,15.3,24,0.1,1,0.1
"10","20","0",0.428571428571429,"n",0.375,0.0967889582761806,3.4,15.3,24,0.1,1,0.1
"11","7.1","1",0,"n",0,0.0876544933811112,3.2,14.1,25,0.1,1,0.1
"12","8.5","1",0,"n",0,0.0870391389081885,3.2,14.3,25,0.1,1,0.1
"13","10","1",0,"n",0,0.0874691537794986,3.2,14.3,25,0.1,1,0.1
"14","11.4","1",0.0869565217391304,"n",0.0740740740740741,0.0727762079534437,3.6,13.7,27,0.1,1,0.1
"15","12.8","1",0.05,"n",0.04,0.0883121747025667,3.2,14.6,25,0.1,1,0.1
"16","14.3","1",0.0952380952380952,"n",0.08,0.0876605887090218,3.2,14.8,25,0.1,1,0.1
"17","15.7","1",0.238095238095238,"n",0.208333333333333,0.0955652587144869,3.5,15.1,24,0.1,1,0.1
"18","17.1","1",0.238095238095238,"n",0.208333333333333,0.0959788104814027,3.5,15.3,24,0.1,1,0.1
"19","18.6","1",0.238095238095238,"n",0.208333333333333,0.0963869011273017,3.5,15.3,24,0.1,1,0.1
"20","20","1",0.19047619047619,"n",0.166666666666667,0.0967889582761806,3.4,15.3,24,0.1,1,0.1
"21","7.1","2",0.4,"n",0.32,0.0876544933811112,3.2,14.1,25,0.1,1,0.1
"22","8.5","2",0.4,"n",0.32,0.0870391389081885,3.2,14.3,25,0.1,1,0.1
"23","10","2",0.4,"n",0.32,0.0874691537794986,3.2,14.3,25,0.1,1,0.1
"24","11.4","2",0.347826086956522,"n",0.296296296296296,0.0727762079534437,3.6,13.7,27,0.1,1,0.1
"25","12.8","2",0.35,"n",0.28,0.0883121747025667,3.2,14.6,25,0.1,1,0.1
"26","14.3","2",0.380952380952381,"n",0.32,0.0876605887090218,3.2,14.8,25,0.1,1,0.1
"27","15.7","2",0.333333333333333,"n",0.291666666666667,0.0955652587144869,3.5,15.1,24,0.1,1,0.1
"28","17.1","2",0.333333333333333,"n",0.291666666666667,0.0959788104814027,3.5,15.3,24,0.1,1,0.1
"29","18.6","2",0.333333333333333,"n",0.291666666666667,0.0963869011273017,3.5,15.3,24,0.1,1,0.1
"30","20","2",0.380952380952381,"n",0.333333333333333,0.0967889582761806,3.4,15.3,24,0.1,1,0.1
"31","7.1","0",0,"a",0,0.0876544933811112,3.2,14.1,25,0.1,1,0.1
"32","8.5","0",0,"a",0,0.0870391389081885,3.2,14.3,25,0.1,1,0.1
"33","10","0",0,"a",0,0.0874691537794986,3.2,14.3,25,0.1,1,0.1
"34","11.4","0",0,"a",0,0.0727762079534437,3.6,13.7,27,0.1,1,0.1
"35","12.8","0",0,"a",0,0.0883121747025667,3.2,14.6,25,0.1,1,0.1
"36","14.3","0",0,"a",0,0.0876605887090218,3.2,14.8,25,0.1,1,0.1
"37","15.7","0",0,"a",0,0.0955652587144869,3.5,15.1,24,0.1,1,0.1
"38","17.1","0",0,"a",0,0.0959788104814027,3.5,15.3,24,0.1,1,0.1
"39","18.6","0",0,"a",0,0.0963869011273017,3.5,15.3,24,0.1,1,0.1
"40","20","0",0,"a",0,0.0967889582761806,3.4,15.3,24,0.1,1,0.1
"41","7.1","1",0,"a",0,0.0876544933811112,3.2,14.1,25,0.1,1,0.1
"42","8.5","1",0.2,"a",0.04,0.0870391389081885,3.2,14.3,25,0.1,1,0.1
"43","10","1",0.2,"a",0.04,0.0874691537794986,3.2,14.3,25,0.1,1,0.1
"44","11.4","1",0,"a",0,0.0727762079534437,3.6,13.7,27,0.1,1,0.1
"45","12.8","1",0,"a",0,0.0883121747025667,3.2,14.6,25,0.1,1,0.1
"46","14.3","1",0.25,"a",0.04,0.0876605887090218,3.2,14.8,25,0.1,1,0.1
"47","15.7","1",0,"a",0,0.0955652587144869,3.5,15.1,24,0.1,1,0.1
"48","17.1","1",0,"a",0,0.0959788104814027,3.5,15.3,24,0.1,1,0.1
"49","18.6","1",0,"a",0,0.0963869011273017,3.5,15.3,24,0.1,1,0.1
"50","20","1",0.333333333333333,"a",0.0416666666666667,0.0967889582761806,3.4,15.3,24,0.1,1,0.1
"51","7.1","2",1,"a",0.2,0.0876544933811112,3.2,14.1,25,0.1,1,0.1
"52","8.5","2",0.8,"a",0.16,0.0870391389081885,3.2,14.3,25,0.1,1,0.1
"53","10","2",0.8,"a",0.16,0.0874691537794986,3.2,14.3,25,0.1,1,0.1
"54","11.4","2",1,"a",0.148148148148148,0.0727762079534437,3.6,13.7,27,0.1,1,0.1
"55","12.8","2",1,"a",0.2,0.0883121747025667,3.2,14.6,25,0.1,1,0.1
"56","14.3","2",0.75,"a",0.12,0.0876605887090218,3.2,14.8,25,0.1,1,0.1
"57","15.7","2",1,"a",0.125,0.0955652587144869,3.5,15.1,24,0.1,1,0.1
"58","17.1","2",1,"a",0.125,0.0959788104814027,3.5,15.3,24,0.1,1,0.1
"59","18.6","2",1,"a",0.125,0.0963869011273017,3.5,15.3,24,0.1,1,0.1
"60","20","2",0.666666666666667,"a",0.0833333333333333,0.0967889582761806,3.4,15.3,24,0.1,1,0.1
"61","7.1","0",0.6,"n",0.48,0.0876544933811112,3.2,14.1,25,0.3,1,0.3
"62","8.5","0",0.6,"n",0.48,0.0870391389081885,3.2,14.3,25,0.3,1,0.3
"63","10","0",0.6,"n",0.48,0.0874691537794986,3.2,14.3,25,0.3,1,0.3
"64","11.4","0",0.6,"n",0.48,0.0878932347270126,3.2,14.4,25,0.3,1,0.3
"65","12.8","0",0.6,"n",0.48,0.0883121747025667,3.2,14.6,25,0.3,1,0.3
"66","14.3","0",0.523809523809524,"n",0.44,0.0876605887090218,3.2,14.8,25,0.3,1,0.3
"67","15.7","0",0.428571428571429,"n",0.375,0.0955652587144869,3.5,15.1,24,0.3,1,0.3
"68","17.1","0",0.428571428571429,"n",0.375,0.0959788104814027,3.5,15.3,24,0.3,1,0.3
"69","18.6","0",0.428571428571429,"n",0.375,0.0963869011273017,3.5,15.3,24,0.3,1,0.3
"70","20","0",0.428571428571429,"n",0.375,0.0967889582761806,3.4,15.3,24,0.3,1,0.3
"71","7.1","1",0,"n",0,0.0876544933811112,3.2,14.1,25,0.3,1,0.3
"72","8.5","1",0,"n",0,0.0870391389081885,3.2,14.3,25,0.3,1,0.3
"73","10","1",0,"n",0,0.0874691537794986,3.2,14.3,25,0.3,1,0.3
"74","11.4","1",0,"n",0,0.0878932347270126,3.2,14.4,25,0.3,1,0.3
"75","12.8","1",0.05,"n",0.04,0.0883121747025667,3.2,14.6,25,0.3,1,0.3
"76","14.3","1",0.0952380952380952,"n",0.08,0.0876605887090218,3.2,14.8,25,0.3,1,0.3
"77","15.7","1",0.238095238095238,"n",0.208333333333333,0.0955652587144869,3.5,15.1,24,0.3,1,0.3
"78","17.1","1",0.238095238095238,"n",0.208333333333333,0.0959788104814027,3.5,15.3,24,0.3,1,0.3
"79","18.6","1",0.238095238095238,"n",0.208333333333333,0.0963869011273017,3.5,15.3,24,0.3,1,0.3
"80","20","1",0.19047619047619,"n",0.166666666666667,0.0967889582761806,3.4,15.3,24,0.3,1,0.3
"81","7.1","2",0.4,"n",0.32,0.0876544933811112,3.2,14.1,25,0.3,1,0.3
"82","8.5","2",0.4,"n",0.32,0.0870391389081885,3.2,14.3,25,0.3,1,0.3
"83","10","2",0.4,"n",0.32,0.0874691537794986,3.2,14.3,25,0.3,1,0.3
"84","11.4","2",0.4,"n",0.32,0.0878932347270126,3.2,14.4,25,0.3,1,0.3
"85","12.8","2",0.35,"n",0.28,0.0883121747025667,3.2,14.6,25,0.3,1,0.3
"86","14.3","2",0.380952380952381,"n",0.32,0.0876605887090218,3.2,14.8,25,0.3,1,0.3
"87","15.7","2",0.333333333333333,"n",0.291666666666667,0.0955652587144869,3.5,15.1,24,0.3,1,0.3
"88","17.1","2",0.333333333333333,"n",0.291666666666667,0.0959788104814027,3.5,15.3,24,0.3,1,0.3
"89","18.6","2",0.333333333333333,"n",0.291666666666667,0.0963869011273017,3.5,15.3,24,0.3,1,0.3
"90","20","2",0.380952380952381,"n",0.333333333333333,0.0967889582761806,3.4,15.3,24,0.3,1,0.3
"91","7.1","0",0,"a",0,0.0876544933811112,3.2,14.1,25,0.3,1,0.3
"92","8.5","0",0,"a",0,0.0870391389081885,3.2,14.3,25,0.3,1,0.3
"93","10","0",0,"a",0,0.0874691537794986,3.2,14.3,25,0.3,1,0.3
"94","11.4","0",0,"a",0,0.0878932347270126,3.2,14.4,25,0.3,1,0.3
"95","12.8","0",0,"a",0,0.0883121747025667,3.2,14.6,25,0.3,1,0.3
"96","14.3","0",0,"a",0,0.0876605887090218,3.2,14.8,25,0.3,1,0.3
"97","15.7","0",0,"a",0,0.0955652587144869,3.5,15.1,24,0.3,1,0.3
"98","17.1","0",0,"a",0,0.0959788104814027,3.5,15.3,24,0.3,1,0.3
"99","18.6","0",0,"a",0,0.0963869011273017,3.5,15.3,24,0.3,1,0.3
"100","20","0",0,"a",0,0.0967889582761806,3.4,15.3,24,0.3,1,0.3
"101","7.1","1",0,"a",0,0.0876544933811112,3.2,14.1,25,0.3,1,0.3
"102","8.5","1",0.2,"a",0.04,0.0870391389081885,3.2,14.3,25,0.3,1,0.3
"103","10","1",0.2,"a",0.04,0.0874691537794986,3.2,14.3,25,0.3,1,0.3
"104","11.4","1",0.2,"a",0.04,0.0878932347270126,3.2,14.4,25,0.3,1,0.3
"105","12.8","1",0,"a",0,0.0883121747025667,3.2,14.6,25,0.3,1,0.3
"106","14.3","1",0.25,"a",0.04,0.0876605887090218,3.2,14.8,25,0.3,1,0.3
"107","15.7","1",0,"a",0,0.0955652587144869,3.5,15.1,24,0.3,1,0.3
"108","17.1","1",0,"a",0,0.0959788104814027,3.5,15.3,24,0.3,1,0.3
"109","18.6","1",0,"a",0,0.0963869011273017,3.5,15.3,24,0.3,1,0.3
"110","20","1",0.333333333333333,"a",0.0416666666666667,0.0967889582761806,3.4,15.3,24,0.3,1,0.3
"111","7.1","2",1,"a",0.2,0.0876544933811112,3.2,14.1,25,0.3,1,0.3
"112","8.5","2",0.8,"a",0.16,0.0870391389081885,3.2,14.3,25,0.3,1,0.3
"113","10","2",0.8,"a",0.16,0.0874691537794986,3.2,14.3,25,0.3,1,0.3
"114","11.4","2",0.8,"a",0.16,0.0878932347270126,3.2,14.4,25,0.3,1,0.3
"115","12.8","2",1,"a",0.2,0.0883121747025667,3.2,14.6,25,0.3,1,0.3
"116","14.3","2",0.75,"a",0.12,0.0876605887090218,3.2,14.8,25,0.3,1,0.3
"117","15.7","2",1,"a",0.125,0.0955652587144869,3.5,15.1,24,0.3,1,0.3
"118","17.1","2",1,"a",0.125,0.0959788104814027,3.5,15.3,24,0.3,1,0.3
"119","18.6","2",1,"a",0.125,0.0963869011273017,3.5,15.3,24,0.3,1,0.3
"120","20","2",0.666666666666667,"a",0.0833333333333333,0.0967889582761806,3.4,15.3,24,0.3,1,0.3
"121","7.1","0",0.6,"n",0.48,0.0876544933811112,3.2,14.1,25,0.5,1,0.5
"122","8.5","0",0.6,"n",0.48,0.0870391389081885,3.2,14.3,25,0.5,1,0.5
"123","10","0",0.6,"n",0.48,0.0874691537794986,3.2,14.3,25,0.5,1,0.5
"124","11.4","0",0.6,"n",0.48,0.0878932347270126,3.2,14.4,25,0.5,1,0.5
"125","12.8","0",0.6,"n",0.48,0.0883121747025667,3.2,14.6,25,0.5,1,0.5
"126","14.3","0",0.545454545454545,"n",0.461538461538462,0.0797963874394652,3.4,14.4,26,0.5,1,0.5
"127","15.7","0",0.428571428571429,"n",0.375,0.0955652587144869,3.5,15.1,24,0.5,1,0.5
"128","17.1","0",0.454545454545455,"n",0.4,0.0874000858591923,3.7,15,25,0.5,1,0.5
"129","18.6","0",0.428571428571429,"n",0.375,0.0963869011273017,3.5,15.3,24,0.5,1,0.5
"130","20","0",0.454545454545455,"n",0.4,0.0881693572914608,3.7,15,25,0.5,1,0.5
"131","7.1","1",0,"n",0,0.0876544933811112,3.2,14.1,25,0.5,1,0.5
"132","8.5","1",0,"n",0,0.0870391389081885,3.2,14.3,25,0.5,1,0.5
"133","10","1",0,"n",0,0.0874691537794986,3.2,14.3,25,0.5,1,0.5
"134","11.4","1",0,"n",0,0.0878932347270126,3.2,14.4,25,0.5,1,0.5
"135","12.8","1",0.05,"n",0.04,0.0883121747025667,3.2,14.6,25,0.5,1,0.5
"136","14.3","1",0.0909090909090909,"n",0.0769230769230769,0.0797963874394652,3.4,14.4,26,0.5,1,0.5
"137","15.7","1",0.238095238095238,"n",0.208333333333333,0.0955652587144869,3.5,15.1,24,0.5,1,0.5
"138","17.1","1",0.227272727272727,"n",0.2,0.0874000858591923,3.7,15,25,0.5,1,0.5
"139","18.6","1",0.238095238095238,"n",0.208333333333333,0.0963869011273017,3.5,15.3,24,0.5,1,0.5
"140","20","1",0.227272727272727,"n",0.2,0.0881693572914608,3.7,15,25,0.5,1,0.5
"141","7.1","2",0.4,"n",0.32,0.0876544933811112,3.2,14.1,25,0.5,1,0.5
"142","8.5","2",0.4,"n",0.32,0.0870391389081885,3.2,14.3,25,0.5,1,0.5
"143","10","2",0.4,"n",0.32,0.0874691537794986,3.2,14.3,25,0.5,1,0.5
"144","11.4","2",0.4,"n",0.32,0.0878932347270126,3.2,14.4,25,0.5,1,0.5
"145","12.8","2",0.35,"n",0.28,0.0883121747025667,3.2,14.6,25,0.5,1,0.5
"146","14.3","2",0.363636363636364,"n",0.307692307692308,0.0797963874394652,3.4,14.4,26,0.5,1,0.5
"147","15.7","2",0.333333333333333,"n",0.291666666666667,0.0955652587144869,3.5,15.1,24,0.5,1,0.5
"148","17.1","2",0.318181818181818,"n",0.28,0.0874000858591923,3.7,15,25,0.5,1,0.5
"149","18.6","2",0.333333333333333,"n",0.291666666666667,0.0963869011273017,3.5,15.3,24,0.5,1,0.5
"150","20","2",0.318181818181818,"n",0.28,0.0881693572914608,3.7,15,25,0.5,1,0.5
"151","7.1","0",0,"a",0,0.0876544933811112,3.2,14.1,25,0.5,1,0.5
"152","8.5","0",0,"a",0,0.0870391389081885,3.2,14.3,25,0.5,1,0.5
"153","10","0",0,"a",0,0.0874691537794986,3.2,14.3,25,0.5,1,0.5
"154","11.4","0",0,"a",0,0.0878932347270126,3.2,14.4,25,0.5,1,0.5
"155","12.8","0",0,"a",0,0.0883121747025667,3.2,14.6,25,0.5,1,0.5
"156","14.3","0",0,"a",0,0.0797963874394652,3.4,14.4,26,0.5,1,0.5
"157","15.7","0",0,"a",0,0.0955652587144869,3.5,15.1,24,0.5,1,0.5
"158","17.1","0",0,"a",0,0.0874000858591923,3.7,15,25,0.5,1,0.5
"159","18.6","0",0,"a",0,0.0963869011273017,3.5,15.3,24,0.5,1,0.5
"160","20","0",0,"a",0,0.0881693572914608,3.7,15,25,0.5,1,0.5
"161","7.1","1",0,"a",0,0.0876544933811112,3.2,14.1,25,0.5,1,0.5
"162","8.5","1",0.2,"a",0.04,0.0870391389081885,3.2,14.3,25,0.5,1,0.5
"163","10","1",0.2,"a",0.04,0.0874691537794986,3.2,14.3,25,0.5,1,0.5
"164","11.4","1",0.2,"a",0.04,0.0878932347270126,3.2,14.4,25,0.5,1,0.5
"165","12.8","1",0,"a",0,0.0883121747025667,3.2,14.6,25,0.5,1,0.5
"166","14.3","1",0.25,"a",0.0384615384615385,0.0797963874394652,3.4,14.4,26,0.5,1,0.5
"167","15.7","1",0,"a",0,0.0955652587144869,3.5,15.1,24,0.5,1,0.5
"168","17.1","1",0,"a",0,0.0874000858591923,3.7,15,25,0.5,1,0.5
"169","18.6","1",0,"a",0,0.0963869011273017,3.5,15.3,24,0.5,1,0.5
"170","20","1",0,"a",0,0.0881693572914608,3.7,15,25,0.5,1,0.5
"171","7.1","2",1,"a",0.2,0.0876544933811112,3.2,14.1,25,0.5,1,0.5
"172","8.5","2",0.8,"a",0.16,0.0870391389081885,3.2,14.3,25,0.5,1,0.5
"173","10","2",0.8,"a",0.16,0.0874691537794986,3.2,14.3,25,0.5,1,0.5
"174","11.4","2",0.8,"a",0.16,0.0878932347270126,3.2,14.4,25,0.5,1,0.5
"175","12.8","2",1,"a",0.2,0.0883121747025667,3.2,14.6,25,0.5,1,0.5
"176","14.3","2",0.75,"a",0.115384615384615,0.0797963874394652,3.4,14.4,26,0.5,1,0.5
"177","15.7","2",1,"a",0.125,0.0955652587144869,3.5,15.1,24,0.5,1,0.5
"178","17.1","2",1,"a",0.12,0.0874000858591923,3.7,15,25,0.5,1,0.5
"179","18.6","2",1,"a",0.125,0.0963869011273017,3.5,15.3,24,0.5,1,0.5
"180","20","2",1,"a",0.12,0.0881693572914608,3.7,15,25,0.5,1,0.5
"181","7.1","0",0.6,"n",0.48,0.0876544933811112,3.2,14.1,25,0.7,1,0.7
"182","8.5","0",0.6,"n",0.48,0.0870391389081885,3.2,14.3,25,0.7,1,0.7
"183","10","0",0.6,"n",0.48,0.0874691537794986,3.2,14.3,25,0.7,1,0.7
"184","11.4","0",0.6,"n",0.48,0.0878932347270126,3.2,14.4,25,0.7,1,0.7
"185","12.8","0",0.6,"n",0.48,0.0883121747025667,3.2,14.6,25,0.7,1,0.7
"186","14.3","0",0.545454545454545,"n",0.461538461538462,0.0797963874394652,3.4,14.4,26,0.7,1,0.7
"187","15.7","0",0.428571428571429,"n",0.375,0.0955652587144869,3.5,15.1,24,0.7,1,0.7
"188","17.1","0",0.454545454545455,"n",0.4,0.0874000858591923,3.7,15,25,0.7,1,0.7
"189","18.6","0",0.428571428571429,"n",0.375,0.0963869011273017,3.5,15.3,24,0.7,1,0.7
"190","20","0",0.454545454545455,"n",0.4,0.0881693572914608,3.7,15,25,0.7,1,0.7
"191","7.1","1",0,"n",0,0.0876544933811112,3.2,14.1,25,0.7,1,0.7
"192","8.5","1",0,"n",0,0.0870391389081885,3.2,14.3,25,0.7,1,0.7
"193","10","1",0,"n",0,0.0874691537794986,3.2,14.3,25,0.7,1,0.7
"194","11.4","1",0,"n",0,0.0878932347270126,3.2,14.4,25,0.7,1,0.7
"195","12.8","1",0.05,"n",0.04,0.0883121747025667,3.2,14.6,25,0.7,1,0.7
"196","14.3","1",0.0909090909090909,"n",0.0769230769230769,0.0797963874394652,3.4,14.4,26,0.7,1,0.7
"197","15.7","1",0.238095238095238,"n",0.208333333333333,0.0955652587144869,3.5,15.1,24,0.7,1,0.7
"198","17.1","1",0.227272727272727,"n",0.2,0.0874000858591923,3.7,15,25,0.7,1,0.7
"199","18.6","1",0.238095238095238,"n",0.208333333333333,0.0963869011273017,3.5,15.3,24,0.7,1,0.7
"200","20","1",0.227272727272727,"n",0.2,0.0881693572914608,3.7,15,25,0.7,1,0.7
"201","7.1","2",0.4,"n",0.32,0.0876544933811112,3.2,14.1,25,0.7,1,0.7
"202","8.5","2",0.4,"n",0.32,0.0870391389081885,3.2,14.3,25,0.7,1,0.7
"203","10","2",0.4,"n",0.32,0.0874691537794986,3.2,14.3,25,0.7,1,0.7
"204","11.4","2",0.4,"n",0.32,0.0878932347270126,3.2,14.4,25,0.7,1,0.7
"205","12.8","2",0.35,"n",0.28,0.0883121747025667,3.2,14.6,25,0.7,1,0.7
"206","14.3","2",0.363636363636364,"n",0.307692307692308,0.0797963874394652,3.4,14.4,26,0.7,1,0.7
"207","15.7","2",0.333333333333333,"n",0.291666666666667,0.0955652587144869,3.5,15.1,24,0.7,1,0.7
"208","17.1","2",0.318181818181818,"n",0.28,0.0874000858591923,3.7,15,25,0.7,1,0.7
"209","18.6","2",0.333333333333333,"n",0.291666666666667,0.0963869011273017,3.5,15.3,24,0.7,1,0.7
"210","20","2",0.318181818181818,"n",0.28,0.0881693572914608,3.7,15,25,0.7,1,0.7
"211","7.1","0",0,"a",0,0.0876544933811112,3.2,14.1,25,0.7,1,0.7
"212","8.5","0",0,"a",0,0.0870391389081885,3.2,14.3,25,0.7,1,0.7
"213","10","0",0,"a",0,0.0874691537794986,3.2,14.3,25,0.7,1,0.7
"214","11.4","0",0,"a",0,0.0878932347270126,3.2,14.4,25,0.7,1,0.7
"215","12.8","0",0,"a",0,0.0883121747025667,3.2,14.6,25,0.7,1,0.7
"216","14.3","0",0,"a",0,0.0797963874394652,3.4,14.4,26,0.7,1,0.7
"217","15.7","0",0,"a",0,0.0955652587144869,3.5,15.1,24,0.7,1,0.7
"218","17.1","0",0,"a",0,0.0874000858591923,3.7,15,25,0.7,1,0.7
"219","18.6","0",0,"a",0,0.0963869011273017,3.5,15.3,24,0.7,1,0.7
"220","20","0",0,"a",0,0.0881693572914608,3.7,15,25,0.7,1,0.7
"221","7.1","1",0,"a",0,0.0876544933811112,3.2,14.1,25,0.7,1,0.7
"222","8.5","1",0.2,"a",0.04,0.0870391389081885,3.2,14.3,25,0.7,1,0.7
"223","10","1",0.2,"a",0.04,0.0874691537794986,3.2,14.3,25,0.7,1,0.7
"224","11.4","1",0.2,"a",0.04,0.0878932347270126,3.2,14.4,25,0.7,1,0.7
"225","12.8","1",0,"a",0,0.0883121747025667,3.2,14.6,25,0.7,1,0.7
"226","14.3","1",0.25,"a",0.0384615384615385,0.0797963874394652,3.4,14.4,26,0.7,1,0.7
"227","15.7","1",0,"a",0,0.0955652587144869,3.5,15.1,24,0.7,1,0.7
"228","17.1","1",0,"a",0,0.0874000858591923,3.7,15,25,0.7,1,0.7
"229","18.6","1",0,"a",0,0.0963869011273017,3.5,15.3,24,0.7,1,0.7
"230","20","1",0,"a",0,0.0881693572914608,3.7,15,25,0.7,1,0.7
"231","7.1","2",1,"a",0.2,0.0876544933811112,3.2,14.1,25,0.7,1,0.7
"232","8.5","2",0.8,"a",0.16,0.0870391389081885,3.2,14.3,25,0.7,1,0.7
"233","10","2",0.8,"a",0.16,0.0874691537794986,3.2,14.3,25,0.7,1,0.7
"234","11.4","2",0.8,"a",0.16,0.0878932347270126,3.2,14.4,25,0.7,1,0.7
"235","12.8","2",1,"a",0.2,0.0883121747025667,3.2,14.6,25,0.7,1,0.7
"236","14.3","2",0.75,"a",0.115384615384615,0.0797963874394652,3.4,14.4,26,0.7,1,0.7
"237","15.7","2",1,"a",0.125,0.0955652587144869,3.5,15.1,24,0.7,1,0.7
"238","17.1","2",1,"a",0.12,0.0874000858591923,3.7,15,25,0.7,1,0.7
"239","18.6","2",1,"a",0.125,0.0963869011273017,3.5,15.3,24,0.7,1,0.7
"240","20","2",1,"a",0.12,0.0881693572914608,3.7,15,25,0.7,1,0.7
"241","7.1","0",0.6,"n",0.48,0.0876544933811112,3.2,14.1,25,0.9,1,0.9
"242","8.5","0",0.6,"n",0.48,0.0870391389081885,3.2,14.3,25,0.9,1,0.9
"243","10","0",0.6,"n",0.48,0.0874691537794986,3.2,14.3,25,0.9,1,0.9
"244","11.4","0",0.6,"n",0.48,0.0878932347270126,3.2,14.4,25,0.9,1,0.9
"245","12.8","0",0.6,"n",0.48,0.0883121747025667,3.2,14.6,25,0.9,1,0.9
"246","14.3","0",0.545454545454545,"n",0.461538461538462,0.0797963874394652,3.4,14.4,26,0.9,1,0.9
"247","15.7","0",0.428571428571429,"n",0.375,0.0955652587144869,3.5,15.1,24,0.9,1,0.9
"248","17.1","0",0.454545454545455,"n",0.4,0.0874000858591923,3.7,15,25,0.9,1,0.9
"249","18.6","0",0.428571428571429,"n",0.375,0.0963869011273017,3.5,15.3,24,0.9,1,0.9
"250","20","0",0.454545454545455,"n",0.4,0.0881693572914608,3.7,15,25,0.9,1,0.9
"251","7.1","1",0,"n",0,0.0876544933811112,3.2,14.1,25,0.9,1,0.9
"252","8.5","1",0,"n",0,0.0870391389081885,3.2,14.3,25,0.9,1,0.9
"253","10","1",0,"n",0,0.0874691537794986,3.2,14.3,25,0.9,1,0.9
"254","11.4","1",0,"n",0,0.0878932347270126,3.2,14.4,25,0.9,1,0.9
"255","12.8","1",0.05,"n",0.04,0.0883121747025667,3.2,14.6,25,0.9,1,0.9
"256","14.3","1",0.0909090909090909,"n",0.0769230769230769,0.0797963874394652,3.4,14.4,26,0.9,1,0.9
"257","15.7","1",0.238095238095238,"n",0.208333333333333,0.0955652587144869,3.5,15.1,24,0.9,1,0.9
"258","17.1","1",0.227272727272727,"n",0.2,0.0874000858591923,3.7,15,25,0.9,1,0.9
"259","18.6","1",0.238095238095238,"n",0.208333333333333,0.0963869011273017,3.5,15.3,24,0.9,1,0.9
"260","20","1",0.227272727272727,"n",0.2,0.0881693572914608,3.7,15,25,0.9,1,0.9
"261","7.1","2",0.4,"n",0.32,0.0876544933811112,3.2,14.1,25,0.9,1,0.9
"262","8.5","2",0.4,"n",0.32,0.0870391389081885,3.2,14.3,25,0.9,1,0.9
"263","10","2",0.4,"n",0.32,0.0874691537794986,3.2,14.3,25,0.9,1,0.9
"264","11.4","2",0.4,"n",0.32,0.0878932347270126,3.2,14.4,25,0.9,1,0.9
"265","12.8","2",0.35,"n",0.28,0.0883121747025667,3.2,14.6,25,0.9,1,0.9
"266","14.3","2",0.363636363636364,"n",0.307692307692308,0.0797963874394652,3.4,14.4,26,0.9,1,0.9
"267","15.7","2",0.333333333333333,"n",0.291666666666667,0.0955652587144869,3.5,15.1,24,0.9,1,0.9
"268","17.1","2",0.318181818181818,"n",0.28,0.0874000858591923,3.7,15,25,0.9,1,0.9
"269","18.6","2",0.333333333333333,"n",0.291666666666667,0.0963869011273017,3.5,15.3,24,0.9,1,0.9
"270","20","2",0.318181818181818,"n",0.28,0.0881693572914608,3.7,15,25,0.9,1,0.9
"271","7.1","0",0,"a",0,0.0876544933811112,3.2,14.1,25,0.9,1,0.9
"272","8.5","0",0,"a",0,0.0870391389081885,3.2,14.3,25,0.9,1,0.9
"273","10","0",0,"a",0,0.0874691537794986,3.2,14.3,25,0.9,1,0.9
"274","11.4","0",0,"a",0,0.0878932347270126,3.2,14.4,25,0.9,1,0.9
"275","12.8","0",0,"a",0,0.0883121747025667,3.2,14.6,25,0.9,1,0.9
"276","14.3","0",0,"a",0,0.0797963874394652,3.4,14.4,26,0.9,1,0.9
"277","15.7","0",0,"a",0,0.0955652587144869,3.5,15.1,24,0.9,1,0.9
"278","17.1","0",0,"a",0,0.0874000858591923,3.7,15,25,0.9,1,0.9
"279","18.6","0",0,"a",0,0.0963869011273017,3.5,15.3,24,0.9,1,0.9
"280","20","0",0,"a",0,0.0881693572914608,3.7,15,25,0.9,1,0.9
"281","7.1","1",0,"a",0,0.0876544933811112,3.2,14.1,25,0.9,1,0.9
"282","8.5","1",0.2,"a",0.04,0.0870391389081885,3.2,14.3,25,0.9,1,0.9
"283","10","1",0.2,"a",0.04,0.0874691537794986,3.2,14.3,25,0.9,1,0.9
"284","11.4","1",0.2,"a",0.04,0.0878932347270126,3.2,14.4,25,0.9,1,0.9
"285","12.8","1",0,"a",0,0.0883121747025667,3.2,14.6,25,0.9,1,0.9
"286","14.3","1",0.25,"a",0.0384615384615385,0.0797963874394652,3.4,14.4,26,0.9,1,0.9
"287","15.7","1",0,"a",0,0.0955652587144869,3.5,15.1,24,0.9,1,0.9
"288","17.1","1",0,"a",0,0.0874000858591923,3.7,15,25,0.9,1,0.9
"289","18.6","1",0,"a",0,0.0963869011273017,3.5,15.3,24,0.9,1,0.9
"290","20","1",0,"a",0,0.0881693572914608,3.7,15,25,0.9,1,0.9
"291","7.1","2",1,"a",0.2,0.0876544933811112,3.2,14.1,25,0.9,1,0.9
"292","8.5","2",0.8,"a",0.16,0.0870391389081885,3.2,14.3,25,0.9,1,0.9
"293","10","2",0.8,"a",0.16,0.0874691537794986,3.2,14.3,25,0.9,1,0.9
"294","11.4","2",0.8,"a",0.16,0.0878932347270126,3.2,14.4,25,0.9,1,0.9
"295","12.8","2",1,"a",0.2,0.0883121747025667,3.2,14.6,25,0.9,1,0.9
"296","14.3","2",0.75,"a",0.115384615384615,0.0797963874394652,3.4,14.4,26,0.9,1,0.9
"297","15.7","2",1,"a",0.125,0.0955652587144869,3.5,15.1,24,0.9,1,0.9
"298","17.1","2",1,"a",0.12,0.0874000858591923,3.7,15,25,0.9,1,0.9
"299","18.6","2",1,"a",0.125,0.0963869011273017,3.5,15.3,24,0.9,1,0.9
"300","20","2",1,"a",0.12,0.0881693572914608,3.7,15,25,0.9,1,0.9
"301","7.1","0",0.6,"n",0.48,0.0876544933811112,3.2,14.1,25,0.1,1,0.1
"302","8.5","0",0.6,"n",0.48,0.0870391389081885,3.2,14.3,25,0.1,1,0.1
"303","10","0",0.6,"n",0.48,0.0874691537794986,3.2,14.3,25,0.1,1,0.1
"304","11.4","0",0.565217391304348,"n",0.481481481481481,0.0727762079534437,3.6,13.7,27,0.1,1,0.1
"305","12.8","0",0.6,"n",0.48,0.0883121747025667,3.2,14.6,25,0.1,1,0.1
"306","14.3","0",0.523809523809524,"n",0.44,0.0876605887090218,3.2,14.8,25,0.1,1,0.1
"307","15.7","0",0.428571428571429,"n",0.375,0.0955652587144869,3.5,15.1,24,0.1,1,0.1
"308","17.1","0",0.428571428571429,"n",0.375,0.0959788104814027,3.5,15.3,24,0.1,1,0.1
"309","18.6","0",0.428571428571429,"n",0.375,0.0963869011273017,3.5,15.3,24,0.1,1,0.1
"310","20","0",0.428571428571429,"n",0.375,0.0967889582761806,3.4,15.3,24,0.1,1,0.1
"311","7.1","1",0,"n",0,0.0876544933811112,3.2,14.1,25,0.1,1,0.1
"312","8.5","1",0,"n",0,0.0870391389081885,3.2,14.3,25,0.1,1,0.1
"313","10","1",0,"n",0,0.0874691537794986,3.2,14.3,25,0.1,1,0.1
"314","11.4","1",0.0869565217391304,"n",0.0740740740740741,0.0727762079534437,3.6,13.7,27,0.1,1,0.1
"315","12.8","1",0.05,"n",0.04,0.0883121747025667,3.2,14.6,25,0.1,1,0.1
"316","14.3","1",0.0952380952380952,"n",0.08,0.0876605887090218,3.2,14.8,25,0.1,1,0.1
"317","15.7","1",0.238095238095238,"n",0.208333333333333,0.0955652587144869,3.5,15.1,24,0.1,1,0.1
"318","17.1","1",0.238095238095238,"n",0.208333333333333,0.0959788104814027,3.5,15.3,24,0.1,1,0.1
"319","18.6","1",0.238095238095238,"n",0.208333333333333,0.0963869011273017,3.5,15.3,24,0.1,1,0.1
"320","20","1",0.19047619047619,"n",0.166666666666667,0.0967889582761806,3.4,15.3,24,0.1,1,0.1
"321","7.1","2",0.4,"n",0.32,0.0876544933811112,3.2,14.1,25,0.1,1,0.1
"322","8.5","2",0.4,"n",0.32,0.0870391389081885,3.2,14.3,25,0.1,1,0.1
"323","10","2",0.4,"n",0.32,0.0874691537794986,3.2,14.3,25,0.1,1,0.1
"324","11.4","2",0.347826086956522,"n",0.296296296296296,0.0727762079534437,3.6,13.7,27,0.1,1,0.1
"325","12.8","2",0.35,"n",0.28,0.0883121747025667,3.2,14.6,25,0.1,1,0.1
"326","14.3","2",0.380952380952381,"n",0.32,0.0876605887090218,3.2,14.8,25,0.1,1,0.1
"327","15.7","2",0.333333333333333,"n",0.291666666666667,0.0955652587144869,3.5,15.1,24,0.1,1,0.1
"328","17.1","2",0.333333333333333,"n",0.291666666666667,0.0959788104814027,3.5,15.3,24,0.1,1,0.1
"329","18.6","2",0.333333333333333,"n",0.291666666666667,0.0963869011273017,3.5,15.3,24,0.1,1,0.1
"330","20","2",0.380952380952381,"n",0.333333333333333,0.0967889582761806,3.4,15.3,24,0.1,1,0.1
"331","7.1","0",0,"a",0,0.0876544933811112,3.2,14.1,25,0.1,1,0.1
"332","8.5","0",0,"a",0,0.0870391389081885,3.2,14.3,25,0.1,1,0.1
"333","10","0",0,"a",0,0.0874691537794986,3.2,14.3,25,0.1,1,0.1
"334","11.4","0",0,"a",0,0.0727762079534437,3.6,13.7,27,0.1,1,0.1
"335","12.8","0",0,"a",0,0.0883121747025667,3.2,14.6,25,0.1,1,0.1
"336","14.3","0",0,"a",0,0.0876605887090218,3.2,14.8,25,0.1,1,0.1
"337","15.7","0",0,"a",0,0.0955652587144869,3.5,15.1,24,0.1,1,0.1
"338","17.1","0",0,"a",0,0.0959788104814027,3.5,15.3,24,0.1,1,0.1
"339","18.6","0",0,"a",0,0.0963869011273017,3.5,15.3,24,0.1,1,0.1
"340","20","0",0,"a",0,0.0967889582761806,3.4,15.3,24,0.1,1,0.1
"341","7.1","1",0,"a",0,0.0876544933811112,3.2,14.1,25,0.1,1,0.1
"342","8.5","1",0.2,"a",0.04,0.0870391389081885,3.2,14.3,25,0.1,1,0.1
"343","10","1",0.2,"a",0.04,0.0874691537794986,3.2,14.3,25,0.1,1,0.1
"344","11.4","1",0,"a",0,0.0727762079534437,3.6,13.7,27,0.1,1,0.1
"345","12.8","1",0,"a",0,0.0883121747025667,3.2,14.6,25,0.1,1,0.1
"346","14.3","1",0.25,"a",0.04,0.0876605887090218,3.2,14.8,25,0.1,1,0.1
"347","15.7","1",0,"a",0,0.0955652587144869,3.5,15.1,24,0.1,1,0.1
"348","17.1","1",0,"a",0,0.0959788104814027,3.5,15.3,24,0.1,1,0.1
"349","18.6","1",0,"a",0,0.0963869011273017,3.5,15.3,24,0.1,1,0.1
"350","20","1",0.333333333333333,"a",0.0416666666666667,0.0967889582761806,3.4,15.3,24,0.1,1,0.1
"351","7.1","2",1,"a",0.2,0.0876544933811112,3.2,14.1,25,0.1,1,0.1
"352","8.5","2",0.8,"a",0.16,0.0870391389081885,3.2,14.3,25,0.1,1,0.1
"353","10","2",0.8,"a",0.16,0.0874691537794986,3.2,14.3,25,0.1,1,0.1
"354","11.4","2",1,"a",0.148148148148148,0.0727762079534437,3.6,13.7,27,0.1,1,0.1
"355","12.8","2",1,"a",0.2,0.0883121747025667,3.2,14.6,25,0.1,1,0.1
"356","14.3","2",0.75,"a",0.12,0.0876605887090218,3.2,14.8,25,0.1,1,0.1
"357","15.7","2",1,"a",0.125,0.0955652587144869,3.5,15.1,24,0.1,1,0.1
"358","17.1","2",1,"a",0.125,0.0959788104814027,3.5,15.3,24,0.1,1,0.1
"359","18.6","2",1,"a",0.125,0.0963869011273017,3.5,15.3,24,0.1,1,0.1
"360","20","2",0.666666666666667,"a",0.0833333333333333,0.0967889582761806,3.4,15.3,24,0.1,1,0.1
"361","7.1","0",0.6,"n",0.48,0.0876544933811112,3.2,14.1,25,0.3,1,0.3
"362","8.5","0",0.6,"n",0.48,0.0870391389081885,3.2,14.3,25,0.3,1,0.3
"363","10","0",0.6,"n",0.48,0.0874691537794986,3.2,14.3,25,0.3,1,0.3
"364","11.4","0",0.6,"n",0.48,0.0878932347270126,3.2,14.4,25,0.3,1,0.3
"365","12.8","0",0.6,"n",0.48,0.0883121747025667,3.2,14.6,25,0.3,1,0.3
"366","14.3","0",0.523809523809524,"n",0.44,0.0876605887090218,3.2,14.8,25,0.3,1,0.3
"367","15.7","0",0.428571428571429,"n",0.375,0.0955652587144869,3.5,15.1,24,0.3,1,0.3
"368","17.1","0",0.428571428571429,"n",0.375,0.0959788104814027,3.5,15.3,24,0.3,1,0.3
"369","18.6","0",0.428571428571429,"n",0.375,0.0963869011273017,3.5,15.3,24,0.3,1,0.3
"370","20","0",0.428571428571429,"n",0.375,0.0967889582761806,3.4,15.3,24,0.3,1,0.3
"371","7.1","1",0,"n",0,0.0876544933811112,3.2,14.1,25,0.3,1,0.3
"372","8.5","1",0,"n",0,0.0870391389081885,3.2,14.3,25,0.3,1,0.3
"373","10","1",0,"n",0,0.0874691537794986,3.2,14.3,25,0.3,1,0.3
"374","11.4","1",0,"n",0,0.0878932347270126,3.2,14.4,25,0.3,1,0.3
"375","12.8","1",0.05,"n",0.04,0.0883121747025667,3.2,14.6,25,0.3,1,0.3
"376","14.3","1",0.0952380952380952,"n",0.08,0.0876605887090218,3.2,14.8,25,0.3,1,0.3
"377","15.7","1",0.238095238095238,"n",0.208333333333333,0.0955652587144869,3.5,15.1,24,0.3,1,0.3
"378","17.1","1",0.238095238095238,"n",0.208333333333333,0.0959788104814027,3.5,15.3,24,0.3,1,0.3
"379","18.6","1",0.238095238095238,"n",0.208333333333333,0.0963869011273017,3.5,15.3,24,0.3,1,0.3
"380","20","1",0.19047619047619,"n",0.166666666666667,0.0967889582761806,3.4,15.3,24,0.3,1,0.3
"381","7.1","2",0.4,"n",0.32,0.0876544933811112,3.2,14.1,25,0.3,1,0.3
"382","8.5","2",0.4,"n",0.32,0.0870391389081885,3.2,14.3,25,0.3,1,0.3
"383","10","2",0.4,"n",0.32,0.0874691537794986,3.2,14.3,25,0.3,1,0.3
"384","11.4","2",0.4,"n",0.32,0.0878932347270126,3.2,14.4,25,0.3,1,0.3
"385","12.8","2",0.35,"n",0.28,0.0883121747025667,3.2,14.6,25,0.3,1,0.3
"386","14.3","2",0.380952380952381,"n",0.32,0.0876605887090218,3.2,14.8,25,0.3,1,0.3
"387","15.7","2",0.333333333333333,"n",0.291666666666667,0.0955652587144869,3.5,15.1,24,0.3,1,0.3
"388","17.1","2",0.333333333333333,"n",0.291666666666667,0.0959788104814027,3.5,15.3,24,0.3,1,0.3
"389","18.6","2",0.333333333333333,"n",0.291666666666667,0.0963869011273017,3.5,15.3,24,0.3,1,0.3
"390","20","2",0.380952380952381,"n",0.333333333333333,0.0967889582761806,3.4,15.3,24,0.3,1,0.3
"391","7.1","0",0,"a",0,0.0876544933811112,3.2,14.1,25,0.3,1,0.3
"392","8.5","0",0,"a",0,0.0870391389081885,3.2,14.3,25,0.3,1,0.3
"393","10","0",0,"a",0,0.0874691537794986,3.2,14.3,25,0.3,1,0.3
"394","11.4","0",0,"a",0,0.0878932347270126,3.2,14.4,25,0.3,1,0.3
"395","12.8","0",0,"a",0,0.0883121747025667,3.2,14.6,25,0.3,1,0.3
"396","14.3","0",0,"a",0,0.0876605887090218,3.2,14.8,25,0.3,1,0.3
"397","15.7","0",0,"a",0,0.0955652587144869,3.5,15.1,24,0.3,1,0.3
"398","17.1","0",0,"a",0,0.0959788104814027,3.5,15.3,24,0.3,1,0.3
"399","18.6","0",0,"a",0,0.0963869011273017,3.5,15.3,24,0.3,1,0.3
"400","20","0",0,"a",0,0.0967889582761806,3.4,15.3,24,0.3,1,0.3
"401","7.1","1",0,"a",0,0.0876544933811112,3.2,14.1,25,0.3,1,0.3
"402","8.5","1",0.2,"a",0.04,0.0870391389081885,3.2,14.3,25,0.3,1,0.3
"403","10","1",0.2,"a",0.04,0.0874691537794986,3.2,14.3,25,0.3,1,0.3
"404","11.4","1",0.2,"a",0.04,0.0878932347270126,3.2,14.4,25,0.3,1,0.3
"405","12.8","1",0,"a",0,0.0883121747025667,3.2,14.6,25,0.3,1,0.3
"406","14.3","1",0.25,"a",0.04,0.0876605887090218,3.2,14.8,25,0.3,1,0.3
"407","15.7","1",0,"a",0,0.0955652587144869,3.5,15.1,24,0.3,1,0.3
"408","17.1","1",0,"a",0,0.0959788104814027,3.5,15.3,24,0.3,1,0.3
"409","18.6","1",0,"a",0,0.0963869011273017,3.5,15.3,24,0.3,1,0.3
"410","20","1",0.333333333333333,"a",0.0416666666666667,0.0967889582761806,3.4,15.3,24,0.3,1,0.3
"411","7.1","2",1,"a",0.2,0.0876544933811112,3.2,14.1,25,0.3,1,0.3
"412","8.5","2",0.8,"a",0.16,0.0870391389081885,3.2,14.3,25,0.3,1,0.3
"413","10","2",0.8,"a",0.16,0.0874691537794986,3.2,14.3,25,0.3,1,0.3
"414","11.4","2",0.8,"a",0.16,0.0878932347270126,3.2,14.4,25,0.3,1,0.3
"415","12.8","2",1,"a",0.2,0.0883121747025667,3.2,14.6,25,0.3,1,0.3
"416","14.3","2",0.75,"a",0.12,0.0876605887090218,3.2,14.8,25,0.3,1,0.3
"417","15.7","2",1,"a",0.125,0.0955652587144869,3.5,15.1,24,0.3,1,0.3
"418","17.1","2",1,"a",0.125,0.0959788104814027,3.5,15.3,24,0.3,1,0.3
"419","18.6","2",1,"a",0.125,0.0963869011273017,3.5,15.3,24,0.3,1,0.3
"420","20","2",0.666666666666667,"a",0.0833333333333333,0.0967889582761806,3.4,15.3,24,0.3,1,0.3
"421","7.1","0",0.6,"n",0.48,0.0876544933811112,3.2,14.1,25,0.5,1,0.5
"422","8.5","0",0.6,"n",0.48,0.0870391389081885,3.2,14.3,25,0.5,1,0.5
"423","10","0",0.6,"n",0.48,0.0874691537794986,3.2,14.3,25,0.5,1,0.5
"424","11.4","0",0.6,"n",0.48,0.0878932347270126,3.2,14.4,25,0.5,1,0.5
"425","12.8","0",0.6,"n",0.48,0.0883121747025667,3.2,14.6,25,0.5,1,0.5
"426","14.3","0",0.545454545454545,"n",0.461538461538462,0.0797963874394652,3.4,14.4,26,0.5,1,0.5
"427","15.7","0",0.428571428571429,"n",0.375,0.0955652587144869,3.5,15.1,24,0.5,1,0.5
"428","17.1","0",0.454545454545455,"n",0.4,0.0874000858591923,3.7,15,25,0.5,1,0.5
"429","18.6","0",0.428571428571429,"n",0.375,0.0963869011273017,3.5,15.3,24,0.5,1,0.5
"430","20","0",0.454545454545455,"n",0.4,0.0881693572914608,3.7,15,25,0.5,1,0.5
"431","7.1","1",0,"n",0,0.0876544933811112,3.2,14.1,25,0.5,1,0.5
"432","8.5","1",0,"n",0,0.0870391389081885,3.2,14.3,25,0.5,1,0.5
"433","10","1",0,"n",0,0.0874691537794986,3.2,14.3,25,0.5,1,0.5
"434","11.4","1",0,"n",0,0.0878932347270126,3.2,14.4,25,0.5,1,0.5
"435","12.8","1",0.05,"n",0.04,0.0883121747025667,3.2,14.6,25,0.5,1,0.5
"436","14.3","1",0.0909090909090909,"n",0.0769230769230769,0.0797963874394652,3.4,14.4,26,0.5,1,0.5
"437","15.7","1",0.238095238095238,"n",0.208333333333333,0.0955652587144869,3.5,15.1,24,0.5,1,0.5
"438","17.1","1",0.227272727272727,"n",0.2,0.0874000858591923,3.7,15,25,0.5,1,0.5
"439","18.6","1",0.238095238095238,"n",0.208333333333333,0.0963869011273017,3.5,15.3,24,0.5,1,0.5
"440","20","1",0.227272727272727,"n",0.2,0.0881693572914608,3.7,15,25,0.5,1,0.5
"441","7.1","2",0.4,"n",0.32,0.0876544933811112,3.2,14.1,25,0.5,1,0.5
"442","8.5","2",0.4,"n",0.32,0.0870391389081885,3.2,14.3,25,0.5,1,0.5
"443","10","2",0.4,"n",0.32,0.0874691537794986,3.2,14.3,25,0.5,1,0.5
"444","11.4","2",0.4,"n",0.32,0.0878932347270126,3.2,14.4,25,0.5,1,0.5
"445","12.8","2",0.35,"n",0.28,0.0883121747025667,3.2,14.6,25,0.5,1,0.5
"446","14.3","2",0.363636363636364,"n",0.307692307692308,0.0797963874394652,3.4,14.4,26,0.5,1,0.5
"447","15.7","2",0.333333333333333,"n",0.291666666666667,0.0955652587144869,3.5,15.1,24,0.5,1,0.5
"448","17.1","2",0.318181818181818,"n",0.28,0.0874000858591923,3.7,15,25,0.5,1,0.5
"449","18.6","2",0.333333333333333,"n",0.291666666666667,0.0963869011273017,3.5,15.3,24,0.5,1,0.5
"450","20","2",0.318181818181818,"n",0.28,0.0881693572914608,3.7,15,25,0.5,1,0.5
"451","7.1","0",0,"a",0,0.0876544933811112,3.2,14.1,25,0.5,1,0.5
"452","8.5","0",0,"a",0,0.0870391389081885,3.2,14.3,25,0.5,1,0.5
"453","10","0",0,"a",0,0.0874691537794986,3.2,14.3,25,0.5,1,0.5
"454","11.4","0",0,"a",0,0.0878932347270126,3.2,14.4,25,0.5,1,0.5
"455","12.8","0",0,"a",0,0.0883121747025667,3.2,14.6,25,0.5,1,0.5
"456","14.3","0",0,"a",0,0.0797963874394652,3.4,14.4,26,0.5,1,0.5
"457","15.7","0",0,"a",0,0.0955652587144869,3.5,15.1,24,0.5,1,0.5
"458","17.1","0",0,"a",0,0.0874000858591923,3.7,15,25,0.5,1,0.5
"459","18.6","0",0,"a",0,0.0963869011273017,3.5,15.3,24,0.5,1,0.5
"460","20","0",0,"a",0,0.0881693572914608,3.7,15,25,0.5,1,0.5
"461","7.1","1",0,"a",0,0.0876544933811112,3.2,14.1,25,0.5,1,0.5
"462","8.5","1",0.2,"a",0.04,0.0870391389081885,3.2,14.3,25,0.5,1,0.5
"463","10","1",0.2,"a",0.04,0.0874691537794986,3.2,14.3,25,0.5,1,0.5
"464","11.4","1",0.2,"a",0.04,0.0878932347270126,3.2,14.4,25,0.5,1,0.5
"465","12.8","1",0,"a",0,0.0883121747025667,3.2,14.6,25,0.5,1,0.5
"466","14.3","1",0.25,"a",0.0384615384615385,0.0797963874394652,3.4,14.4,26,0.5,1,0.5
"467","15.7","1",0,"a",0,0.0955652587144869,3.5,15.1,24,0.5,1,0.5
"468","17.1","1",0,"a",0,0.0874000858591923,3.7,15,25,0.5,1,0.5
"469","18.6","1",0,"a",0,0.0963869011273017,3.5,15.3,24,0.5,1,0.5
"470","20","1",0,"a",0,0.0881693572914608,3.7,15,25,0.5,1,0.5
"471","7.1","2",1,"a",0.2,0.0876544933811112,3.2,14.1,25,0.5,1,0.5
"472","8.5","2",0.8,"a",0.16,0.0870391389081885,3.2,14.3,25,0.5,1,0.5
"473","10","2",0.8,"a",0.16,0.0874691537794986,3.2,14.3,25,0.5,1,0.5
"474","11.4","2",0.8,"a",0.16,0.0878932347270126,3.2,14.4,25,0.5,1,0.5
"475","12.8","2",1,"a",0.2,0.0883121747025667,3.2,14.6,25,0.5,1,0.5
"476","14.3","2",0.75,"a",0.115384615384615,0.0797963874394652,3.4,14.4,26,0.5,1,0.5
"477","15.7","2",1,"a",0.125,0.0955652587144869,3.5,15.1,24,0.5,1,0.5
"478","17.1","2",1,"a",0.12,0.0874000858591923,3.7,15,25,0.5,1,0.5
"479","18.6","2",1,"a",0.125,0.0963869011273017,3.5,15.3,24,0.5,1,0.5
"480","20","2",1,"a",0.12,0.0881693572914608,3.7,15,25,0.5,1,0.5
"481","7.1","0",0.6,"n",0.48,0.0876544933811112,3.2,14.1,25,0.7,1,0.7
"482","8.5","0",0.6,"n",0.48,0.0870391389081885,3.2,14.3,25,0.7,1,0.7
"483","10","0",0.6,"n",0.48,0.0874691537794986,3.2,14.3,25,0.7,1,0.7
"484","11.4","0",0.6,"n",0.48,0.0878932347270126,3.2,14.4,25,0.7,1,0.7
"485","12.8","0",0.6,"n",0.48,0.0883121747025667,3.2,14.6,25,0.7,1,0.7
"486","14.3","0",0.545454545454545,"n",0.461538461538462,0.0797963874394652,3.4,14.4,26,0.7,1,0.7
"487","15.7","0",0.428571428571429,"n",0.375,0.0955652587144869,3.5,15.1,24,0.7,1,0.7
"488","17.1","0",0.454545454545455,"n",0.4,0.0874000858591923,3.7,15,25,0.7,1,0.7
"489","18.6","0",0.428571428571429,"n",0.375,0.0963869011273017,3.5,15.3,24,0.7,1,0.7
"490","20","0",0.454545454545455,"n",0.4,0.0881693572914608,3.7,15,25,0.7,1,0.7
"491","7.1","1",0,"n",0,0.0876544933811112,3.2,14.1,25,0.7,1,0.7
"492","8.5","1",0,"n",0,0.0870391389081885,3.2,14.3,25,0.7,1,0.7
"493","10","1",0,"n",0,0.0874691537794986,3.2,14.3,25,0.7,1,0.7
"494","11.4","1",0,"n",0,0.0878932347270126,3.2,14.4,25,0.7,1,0.7
"495","12.8","1",0.05,"n",0.04,0.0883121747025667,3.2,14.6,25,0.7,1,0.7
"496","14.3","1",0.0909090909090909,"n",0.0769230769230769,0.0797963874394652,3.4,14.4,26,0.7,1,0.7
"497","15.7","1",0.238095238095238,"n",0.208333333333333,0.0955652587144869,3.5,15.1,24,0.7,1,0.7
"498","17.1","1",0.227272727272727,"n",0.2,0.0874000858591923,3.7,15,25,0.7,1,0.7
"499","18.6","1",0.238095238095238,"n",0.208333333333333,0.0963869011273017,3.5,15.3,24,0.7,1,0.7
"500","20","1",0.227272727272727,"n",0.2,0.0881693572914608,3.7,15,25,0.7,1,0.7
"501","7.1","2",0.4,"n",0.32,0.0876544933811112,3.2,14.1,25,0.7,1,0.7
"502","8.5","2",0.4,"n",0.32,0.0870391389081885,3.2,14.3,25,0.7,1,0.7
"503","10","2",0.4,"n",0.32,0.0874691537794986,3.2,14.3,25,0.7,1,0.7
"504","11.4","2",0.4,"n",0.32,0.0878932347270126,3.2,14.4,25,0.7,1,0.7
"505","12.8","2",0.35,"n",0.28,0.0883121747025667,3.2,14.6,25,0.7,1,0.7
"506","14.3","2",0.363636363636364,"n",0.307692307692308,0.0797963874394652,3.4,14.4,26,0.7,1,0.7
"507","15.7","2",0.333333333333333,"n",0.291666666666667,0.0955652587144869,3.5,15.1,24,0.7,1,0.7
"508","17.1","2",0.318181818181818,"n",0.28,0.0874000858591923,3.7,15,25,0.7,1,0.7
"509","18.6","2",0.333333333333333,"n",0.291666666666667,0.0963869011273017,3.5,15.3,24,0.7,1,0.7
"510","20","2",0.318181818181818,"n",0.28,0.0881693572914608,3.7,15,25,0.7,1,0.7
"511","7.1","0",0,"a",0,0.0876544933811112,3.2,14.1,25,0.7,1,0.7
"512","8.5","0",0,"a",0,0.0870391389081885,3.2,14.3,25,0.7,1,0.7
"513","10","0",0,"a",0,0.0874691537794986,3.2,14.3,25,0.7,1,0.7
"514","11.4","0",0,"a",0,0.0878932347270126,3.2,14.4,25,0.7,1,0.7
"515","12.8","0",0,"a",0,0.0883121747025667,3.2,14.6,25,0.7,1,0.7
"516","14.3","0",0,"a",0,0.0797963874394652,3.4,14.4,26,0.7,1,0.7
"517","15.7","0",0,"a",0,0.0955652587144869,3.5,15.1,24,0.7,1,0.7
"518","17.1","0",0,"a",0,0.0874000858591923,3.7,15,25,0.7,1,0.7
"519","18.6","0",0,"a",0,0.0963869011273017,3.5,15.3,24,0.7,1,0.7
"520","20","0",0,"a",0,0.0881693572914608,3.7,15,25,0.7,1,0.7
"521","7.1","1",0,"a",0,0.0876544933811112,3.2,14.1,25,0.7,1,0.7
"522","8.5","1",0.2,"a",0.04,0.0870391389081885,3.2,14.3,25,0.7,1,0.7
"523","10","1",0.2,"a",0.04,0.0874691537794986,3.2,14.3,25,0.7,1,0.7
"524","11.4","1",0.2,"a",0.04,0.0878932347270126,3.2,14.4,25,0.7,1,0.7
"525","12.8","1",0,"a",0,0.0883121747025667,3.2,14.6,25,0.7,1,0.7
"526","14.3","1",0.25,"a",0.0384615384615385,0.0797963874394652,3.4,14.4,26,0.7,1,0.7
"527","15.7","1",0,"a",0,0.0955652587144869,3.5,15.1,24,0.7,1,0.7
"528","17.1","1",0,"a",0,0.0874000858591923,3.7,15,25,0.7,1,0.7
"529","18.6","1",0,"a",0,0.0963869011273017,3.5,15.3,24,0.7,1,0.7
"530","20","1",0,"a",0,0.0881693572914608,3.7,15,25,0.7,1,0.7
"531","7.1","2",1,"a",0.2,0.0876544933811112,3.2,14.1,25,0.7,1,0.7
"532","8.5","2",0.8,"a",0.16,0.0870391389081885,3.2,14.3,25,0.7,1,0.7
"533","10","2",0.8,"a",0.16,0.0874691537794986,3.2,14.3,25,0.7,1,0.7
"534","11.4","2",0.8,"a",0.16,0.0878932347270126,3.2,14.4,25,0.7,1,0.7
"535","12.8","2",1,"a",0.2,0.0883121747025667,3.2,14.6,25,0.7,1,0.7
"536","14.3","2",0.75,"a",0.115384615384615,0.0797963874394652,3.4,14.4,26,0.7,1,0.7
"537","15.7","2",1,"a",0.125,0.0955652587144869,3.5,15.1,24,0.7,1,0.7
"538","17.1","2",1,"a",0.12,0.0874000858591923,3.7,15,25,0.7,1,0.7
"539","18.6","2",1,"a",0.125,0.0963869011273017,3.5,15.3,24,0.7,1,0.7
"540","20","2",1,"a",0.12,0.0881693572914608,3.7,15,25,0.7,1,0.7
"541","7.1","0",0.6,"n",0.48,0.0876544933811112,3.2,14.1,25,0.9,1,0.9
"542","8.5","0",0.6,"n",0.48,0.0870391389081885,3.2,14.3,25,0.9,1,0.9
"543","10","0",0.6,"n",0.48,0.0874691537794986,3.2,14.3,25,0.9,1,0.9
"544","11.4","0",0.6,"n",0.48,0.0878932347270126,3.2,14.4,25,0.9,1,0.9
"545","12.8","0",0.6,"n",0.48,0.0883121747025667,3.2,14.6,25,0.9,1,0.9
"546","14.3","0",0.545454545454545,"n",0.461538461538462,0.0797963874394652,3.4,14.4,26,0.9,1,0.9
"547","15.7","0",0.428571428571429,"n",0.375,0.0955652587144869,3.5,15.1,24,0.9,1,0.9
"548","17.1","0",0.454545454545455,"n",0.4,0.0874000858591923,3.7,15,25,0.9,1,0.9
"549","18.6","0",0.428571428571429,"n",0.375,0.0963869011273017,3.5,15.3,24,0.9,1,0.9
"550","20","0",0.454545454545455,"n",0.4,0.0881693572914608,3.7,15,25,0.9,1,0.9
"551","7.1","1",0,"n",0,0.0876544933811112,3.2,14.1,25,0.9,1,0.9
"552","8.5","1",0,"n",0,0.0870391389081885,3.2,14.3,25,0.9,1,0.9
"553","10","1",0,"n",0,0.0874691537794986,3.2,14.3,25,0.9,1,0.9
"554","11.4","1",0,"n",0,0.0878932347270126,3.2,14.4,25,0.9,1,0.9
"555","12.8","1",0.05,"n",0.04,0.0883121747025667,3.2,14.6,25,0.9,1,0.9
"556","14.3","1",0.0909090909090909,"n",0.0769230769230769,0.0797963874394652,3.4,14.4,26,0.9,1,0.9
"557","15.7","1",0.238095238095238,"n",0.208333333333333,0.0955652587144869,3.5,15.1,24,0.9,1,0.9
"558","17.1","1",0.227272727272727,"n",0.2,0.0874000858591923,3.7,15,25,0.9,1,0.9
"559","18.6","1",0.238095238095238,"n",0.208333333333333,0.0963869011273017,3.5,15.3,24,0.9,1,0.9
"560","20","1",0.227272727272727,"n",0.2,0.0881693572914608,3.7,15,25,0.9,1,0.9
"561","7.1","2",0.4,"n",0.32,0.0876544933811112,3.2,14.1,25,0.9,1,0.9
"562","8.5","2",0.4,"n",0.32,0.0870391389081885,3.2,14.3,25,0.9,1,0.9
"563","10","2",0.4,"n",0.32,0.0874691537794986,3.2,14.3,25,0.9,1,0.9
"564","11.4","2",0.4,"n",0.32,0.0878932347270126,3.2,14.4,25,0.9,1,0.9
"565","12.8","2",0.35,"n",0.28,0.0883121747025667,3.2,14.6,25,0.9,1,0.9
"566","14.3","2",0.363636363636364,"n",0.307692307692308,0.0797963874394652,3.4,14.4,26,0.9,1,0.9
"567","15.7","2",0.333333333333333,"n",0.291666666666667,0.0955652587144869,3.5,15.1,24,0.9,1,0.9
"568","17.1","2",0.318181818181818,"n",0.28,0.0874000858591923,3.7,15,25,0.9,1,0.9
"569","18.6","2",0.333333333333333,"n",0.291666666666667,0.0963869011273017,3.5,15.3,24,0.9,1,0.9
"570","20","2",0.318181818181818,"n",0.28,0.0881693572914608,3.7,15,25,0.9,1,0.9
"571","7.1","0",0,"a",0,0.0876544933811112,3.2,14.1,25,0.9,1,0.9
"572","8.5","0",0,"a",0,0.0870391389081885,3.2,14.3,25,0.9,1,0.9
"573","10","0",0,"a",0,0.0874691537794986,3.2,14.3,25,0.9,1,0.9
"574","11.4","0",0,"a",0,0.0878932347270126,3.2,14.4,25,0.9,1,0.9
"575","12.8","0",0,"a",0,0.0883121747025667,3.2,14.6,25,0.9,1,0.9
"576","14.3","0",0,"a",0,0.0797963874394652,3.4,14.4,26,0.9,1,0.9
"577","15.7","0",0,"a",0,0.0955652587144869,3.5,15.1,24,0.9,1,0.9
"578","17.1","0",0,"a",0,0.0874000858591923,3.7,15,25,0.9,1,0.9
"579","18.6","0",0,"a",0,0.0963869011273017,3.5,15.3,24,0.9,1,0.9
"580","20","0",0,"a",0,0.0881693572914608,3.7,15,25,0.9,1,0.9
"581","7.1","1",0,"a",0,0.0876544933811112,3.2,14.1,25,0.9,1,0.9
"582","8.5","1",0.2,"a",0.04,0.0870391389081885,3.2,14.3,25,0.9,1,0.9
"583","10","1",0.2,"a",0.04,0.0874691537794986,3.2,14.3,25,0.9,1,0.9
"584","11.4","1",0.2,"a",0.04,0.0878932347270126,3.2,14.4,25,0.9,1,0.9
"585","12.8","1",0,"a",0,0.0883121747025667,3.2,14.6,25,0.9,1,0.9
"586","14.3","1",0.25,"a",0.0384615384615385,0.0797963874394652,3.4,14.4,26,0.9,1,0.9
"587","15.7","1",0,"a",0,0.0955652587144869,3.5,15.1,24,0.9,1,0.9
"588","17.1","1",0,"a",0,0.0874000858591923,3.7,15,25,0.9,1,0.9
"589","18.6","1",0,"a",0,0.0963869011273017,3.5,15.3,24,0.9,1,0.9
"590","20","1",0,"a",0,0.0881693572914608,3.7,15,25,0.9,1,0.9
"591","7.1","2",1,"a",0.2,0.0876544933811112,3.2,14.1,25,0.9,1,0.9
"592","8.5","2",0.8,"a",0.16,0.0870391389081885,3.2,14.3,25,0.9,1,0.9
"593","10","2",0.8,"a",0.16,0.0874691537794986,3.2,14.3,25,0.9,1,0.9
"594","11.4","2",0.8,"a",0.16,0.0878932347270126,3.2,14.4,25,0.9,1,0.9
"595","12.8","2",1,"a",0.2,0.0883121747025667,3.2,14.6,25,0.9,1,0.9
"596","14.3","2",0.75,"a",0.115384615384615,0.0797963874394652,3.4,14.4,26,0.9,1,0.9
"597","15.7","2",1,"a",0.125,0.0955652587144869,3.5,15.1,24,0.9,1,0.9
"598","17.1","2",1,"a",0.12,0.0874000858591923,3.7,15,25,0.9,1,0.9
"599","18.6","2",1,"a",0.125,0.0963869011273017,3.5,15.3,24,0.9,1,0.9
"600","20","2",1,"a",0.12,0.0881693572914608,3.7,15,25,0.9,1,0.9
"601","7.1","0",0.6,"n",0.517241379310345,0.0592339194080914,5.3,13.5,29,1,0.1,10
"602","8.5","0",0.652173913043478,"n",0.535714285714286,0.066296866447796,5,13.9,28,1,0.1,10
"603","10","0",0.62962962962963,"n",0.548387096774194,0.0495959799232287,5.7,12.7,31,1,0.1,10
"604","11.4","0",0.615384615384615,"n",0.533333333333333,0.054832196570875,5.5,13.7,30,1,0.1,10
"605","12.8","0",0.68,"n",0.566666666666667,0.0551454835899291,5.4,14,30,1,0.1,10
"606","14.3","0",0.666666666666667,"n",0.551724137931034,0.0609196550288391,5.2,14.6,29,1,0.1,10
"607","15.7","0",0.68,"n",0.566666666666667,0.0557599466626035,5.4,14.3,30,1,0.1,10
"608","17.1","0",0.68,"n",0.566666666666667,0.0560617067541228,5.4,14.5,30,1,0.1,10
"609","18.6","0",0.68,"n",0.566666666666667,0.057044020876765,5.8,14.5,30,1,0.1,10
"610","20","0",0.68,"n",0.566666666666667,0.0573421008238196,5.8,14.9,30,1,0.1,10
"611","7.1","1",0.08,"n",0.0689655172413793,0.0592339194080914,5.3,13.5,29,1,0.1,10
"612","8.5","1",0,"n",0,0.066296866447796,5,13.9,28,1,0.1,10
"613","10","1",0.0740740740740741,"n",0.0645161290322581,0.0495959799232287,5.7,12.7,31,1,0.1,10
"614","11.4","1",0.0769230769230769,"n",0.0666666666666667,0.054832196570875,5.5,13.7,30,1,0.1,10
"615","12.8","1",0.04,"n",0.0333333333333333,0.0551454835899291,5.4,14,30,1,0.1,10
"616","14.3","1",0,"n",0,0.0609196550288391,5.2,14.6,29,1,0.1,10
"617","15.7","1",0,"n",0,0.0557599466626035,5.4,14.3,30,1,0.1,10
"618","17.1","1",0,"n",0,0.0560617067541228,5.4,14.5,30,1,0.1,10
"619","18.6","1",0,"n",0,0.057044020876765,5.8,14.5,30,1,0.1,10
"620","20","1",0,"n",0,0.0573421008238196,5.8,14.9,30,1,0.1,10
"621","7.1","2",0.32,"n",0.275862068965517,0.0592339194080914,5.3,13.5,29,1,0.1,10
"622","8.5","2",0.347826086956522,"n",0.285714285714286,0.066296866447796,5,13.9,28,1,0.1,10
"623","10","2",0.296296296296296,"n",0.258064516129032,0.0495959799232287,5.7,12.7,31,1,0.1,10
"624","11.4","2",0.307692307692308,"n",0.266666666666667,0.054832196570875,5.5,13.7,30,1,0.1,10
"625","12.8","2",0.28,"n",0.233333333333333,0.0551454835899291,5.4,14,30,1,0.1,10
"626","14.3","2",0.333333333333333,"n",0.275862068965517,0.0609196550288391,5.2,14.6,29,1,0.1,10
"627","15.7","2",0.32,"n",0.266666666666667,0.0557599466626035,5.4,14.3,30,1,0.1,10
"628","17.1","2",0.32,"n",0.266666666666667,0.0560617067541228,5.4,14.5,30,1,0.1,10
"629","18.6","2",0.32,"n",0.266666666666667,0.057044020876765,5.8,14.5,30,1,0.1,10
"630","20","2",0.32,"n",0.266666666666667,0.0573421008238196,5.8,14.9,30,1,0.1,10
"631","7.1","0",0,"a",0,0.0592339194080914,5.3,13.5,29,1,0.1,10
"632","8.5","0",0,"a",0,0.066296866447796,5,13.9,28,1,0.1,10
"633","10","0",0,"a",0,0.0495959799232287,5.7,12.7,31,1,0.1,10
"634","11.4","0",0,"a",0,0.054832196570875,5.5,13.7,30,1,0.1,10
"635","12.8","0",0,"a",0,0.0551454835899291,5.4,14,30,1,0.1,10
"636","14.3","0",0,"a",0,0.0609196550288391,5.2,14.6,29,1,0.1,10
"637","15.7","0",0,"a",0,0.0557599466626035,5.4,14.3,30,1,0.1,10
"638","17.1","0",0,"a",0,0.0560617067541228,5.4,14.5,30,1,0.1,10
"639","18.6","0",0,"a",0,0.057044020876765,5.8,14.5,30,1,0.1,10
"640","20","0",0,"a",0,0.0573421008238196,5.8,14.9,30,1,0.1,10
"641","7.1","1",0,"a",0,0.0592339194080914,5.3,13.5,29,1,0.1,10
"642","8.5","1",0,"a",0,0.066296866447796,5,13.9,28,1,0.1,10
"643","10","1",0,"a",0,0.0495959799232287,5.7,12.7,31,1,0.1,10
"644","11.4","1",0,"a",0,0.054832196570875,5.5,13.7,30,1,0.1,10
"645","12.8","1",0,"a",0,0.0551454835899291,5.4,14,30,1,0.1,10
"646","14.3","1",0.2,"a",0.0344827586206897,0.0609196550288391,5.2,14.6,29,1,0.1,10
"647","15.7","1",0.2,"a",0.0333333333333333,0.0557599466626035,5.4,14.3,30,1,0.1,10
"648","17.1","1",0.2,"a",0.0333333333333333,0.0560617067541228,5.4,14.5,30,1,0.1,10
"649","18.6","1",0,"a",0,0.057044020876765,5.8,14.5,30,1,0.1,10
"650","20","1",0,"a",0,0.0573421008238196,5.8,14.9,30,1,0.1,10
"651","7.1","2",1,"a",0.137931034482759,0.0592339194080914,5.3,13.5,29,1,0.1,10
"652","8.5","2",1,"a",0.178571428571429,0.066296866447796,5,13.9,28,1,0.1,10
"653","10","2",1,"a",0.129032258064516,0.0495959799232287,5.7,12.7,31,1,0.1,10
"654","11.4","2",1,"a",0.133333333333333,0.054832196570875,5.5,13.7,30,1,0.1,10
"655","12.8","2",1,"a",0.166666666666667,0.0551454835899291,5.4,14,30,1,0.1,10
"656","14.3","2",0.8,"a",0.137931034482759,0.0609196550288391,5.2,14.6,29,1,0.1,10
"657","15.7","2",0.8,"a",0.133333333333333,0.0557599466626035,5.4,14.3,30,1,0.1,10
"658","17.1","2",0.8,"a",0.133333333333333,0.0560617067541228,5.4,14.5,30,1,0.1,10
"659","18.6","2",1,"a",0.166666666666667,0.057044020876765,5.8,14.5,30,1,0.1,10
"660","20","2",1,"a",0.166666666666667,0.0573421008238196,5.8,14.9,30,1,0.1,10
"661","7.1","0",0.619047619047619,"n",0.5,0.0797136571941524,4.6,14.4,26,1,0.3,3.33333333333333
"662","8.5","0",0.619047619047619,"n",0.5,0.0801311558750416,4.6,14.6,26,1,0.3,3.33333333333333
"663","10","0",0.636363636363636,"n",0.518518518518518,0.0732754837676473,4.8,14.3,27,1,0.3,3.33333333333333
"664","11.4","0",0.636363636363636,"n",0.518518518518518,0.07365923163035,4.8,14.3,27,1,0.3,3.33333333333333
"665","12.8","0",0.636363636363636,"n",0.518518518518518,0.0740378910218978,4.8,14.8,27,1,0.3,3.33333333333333
"666","14.3","0",0.636363636363636,"n",0.518518518518518,0.0744115864721589,4.8,15,27,1,0.3,3.33333333333333
"667","15.7","0",0.636363636363636,"n",0.518518518518518,0.0747804380569703,4.8,15.2,27,1,0.3,3.33333333333333
"668","17.1","0",0.652173913043478,"n",0.535714285714286,0.0684280322228044,5,15.3,28,1,0.3,3.33333333333333
"669","18.6","0",0.652173913043478,"n",0.535714285714286,0.068767559878644,5,15.3,28,1,0.3,3.33333333333333
"670","20","0",0.652173913043478,"n",0.535714285714286,0.0691028885086193,5,15.5,28,1,0.3,3.33333333333333
"671","7.1","1",0,"n",0,0.0797136571941524,4.6,14.4,26,1,0.3,3.33333333333333
"672","8.5","1",0,"n",0,0.0801311558750416,4.6,14.6,26,1,0.3,3.33333333333333
"673","10","1",0,"n",0,0.0732754837676473,4.8,14.3,27,1,0.3,3.33333333333333
"674","11.4","1",0,"n",0,0.07365923163035,4.8,14.3,27,1,0.3,3.33333333333333
"675","12.8","1",0,"n",0,0.0740378910218978,4.8,14.8,27,1,0.3,3.33333333333333
"676","14.3","1",0,"n",0,0.0744115864721589,4.8,15,27,1,0.3,3.33333333333333
"677","15.7","1",0,"n",0,0.0747804380569703,4.8,15.2,27,1,0.3,3.33333333333333
"678","17.1","1",0,"n",0,0.0684280322228044,5,15.3,28,1,0.3,3.33333333333333
"679","18.6","1",0,"n",0,0.068767559878644,5,15.3,28,1,0.3,3.33333333333333
"680","20","1",0,"n",0,0.0691028885086193,5,15.5,28,1,0.3,3.33333333333333
"681","7.1","2",0.380952380952381,"n",0.307692307692308,0.0797136571941524,4.6,14.4,26,1,0.3,3.33333333333333
"682","8.5","2",0.380952380952381,"n",0.307692307692308,0.0801311558750416,4.6,14.6,26,1,0.3,3.33333333333333
"683","10","2",0.363636363636364,"n",0.296296296296296,0.0732754837676473,4.8,14.3,27,1,0.3,3.33333333333333
"684","11.4","2",0.363636363636364,"n",0.296296296296296,0.07365923163035,4.8,14.3,27,1,0.3,3.33333333333333
"685","12.8","2",0.363636363636364,"n",0.296296296296296,0.0740378910218978,4.8,14.8,27,1,0.3,3.33333333333333
"686","14.3","2",0.363636363636364,"n",0.296296296296296,0.0744115864721589,4.8,15,27,1,0.3,3.33333333333333
"687","15.7","2",0.363636363636364,"n",0.296296296296296,0.0747804380569703,4.8,15.2,27,1,0.3,3.33333333333333
"688","17.1","2",0.347826086956522,"n",0.285714285714286,0.0684280322228044,5,15.3,28,1,0.3,3.33333333333333
"689","18.6","2",0.347826086956522,"n",0.285714285714286,0.068767559878644,5,15.3,28,1,0.3,3.33333333333333
"690","20","2",0.347826086956522,"n",0.285714285714286,0.0691028885086193,5,15.5,28,1,0.3,3.33333333333333
"691","7.1","0",0,"a",0,0.0797136571941524,4.6,14.4,26,1,0.3,3.33333333333333
"692","8.5","0",0,"a",0,0.0801311558750416,4.6,14.6,26,1,0.3,3.33333333333333
"693","10","0",0,"a",0,0.0732754837676473,4.8,14.3,27,1,0.3,3.33333333333333
"694","11.4","0",0,"a",0,0.07365923163035,4.8,14.3,27,1,0.3,3.33333333333333
"695","12.8","0",0,"a",0,0.0740378910218978,4.8,14.8,27,1,0.3,3.33333333333333
"696","14.3","0",0,"a",0,0.0744115864721589,4.8,15,27,1,0.3,3.33333333333333
"697","15.7","0",0,"a",0,0.0747804380569703,4.8,15.2,27,1,0.3,3.33333333333333
"698","17.1","0",0,"a",0,0.0684280322228044,5,15.3,28,1,0.3,3.33333333333333
"699","18.6","0",0,"a",0,0.068767559878644,5,15.3,28,1,0.3,3.33333333333333
"700","20","0",0,"a",0,0.0691028885086193,5,15.5,28,1,0.3,3.33333333333333
"701","7.1","1",0,"a",0,0.0797136571941524,4.6,14.4,26,1,0.3,3.33333333333333
"702","8.5","1",0,"a",0,0.0801311558750416,4.6,14.6,26,1,0.3,3.33333333333333
"703","10","1",0,"a",0,0.0732754837676473,4.8,14.3,27,1,0.3,3.33333333333333
"704","11.4","1",0,"a",0,0.07365923163035,4.8,14.3,27,1,0.3,3.33333333333333
"705","12.8","1",0,"a",0,0.0740378910218978,4.8,14.8,27,1,0.3,3.33333333333333
"706","14.3","1",0,"a",0,0.0744115864721589,4.8,15,27,1,0.3,3.33333333333333
"707","15.7","1",0,"a",0,0.0747804380569703,4.8,15.2,27,1,0.3,3.33333333333333
"708","17.1","1",0,"a",0,0.0684280322228044,5,15.3,28,1,0.3,3.33333333333333
"709","18.6","1",0,"a",0,0.068767559878644,5,15.3,28,1,0.3,3.33333333333333
"710","20","1",0,"a",0,0.0691028885086193,5,15.5,28,1,0.3,3.33333333333333
"711","7.1","2",1,"a",0.192307692307692,0.0797136571941524,4.6,14.4,26,1,0.3,3.33333333333333
"712","8.5","2",1,"a",0.192307692307692,0.0801311558750416,4.6,14.6,26,1,0.3,3.33333333333333
"713","10","2",1,"a",0.185185185185185,0.0732754837676473,4.8,14.3,27,1,0.3,3.33333333333333
"714","11.4","2",1,"a",0.185185185185185,0.07365923163035,4.8,14.3,27,1,0.3,3.33333333333333
"715","12.8","2",1,"a",0.185185185185185,0.0740378910218978,4.8,14.8,27,1,0.3,3.33333333333333
"716","14.3","2",1,"a",0.185185185185185,0.0744115864721589,4.8,15,27,1,0.3,3.33333333333333
"717","15.7","2",1,"a",0.185185185185185,0.0747804380569703,4.8,15.2,27,1,0.3,3.33333333333333
"718","17.1","2",1,"a",0.178571428571429,0.0684280322228044,5,15.3,28,1,0.3,3.33333333333333
"719","18.6","2",1,"a",0.178571428571429,0.068767559878644,5,15.3,28,1,0.3,3.33333333333333
"720","20","2",1,"a",0.178571428571429,0.0691028885086193,5,15.5,28,1,0.3,3.33333333333333
"721","7.1","0",0.6,"n",0.48,0.0876544933811112,4.4,14.8,25,1,0.5,2
"722","8.5","0",0.545454545454545,"n",0.461538461538462,0.0791705283999508,4.7,14.4,26,1,0.5,2
"723","10","0",0.619047619047619,"n",0.5,0.0805429061914457,4.6,14.6,26,1,0.5,2
"724","11.4","0",0.619047619047619,"n",0.5,0.0809490538749275,4.6,14.6,26,1,0.5,2
"725","12.8","0",0.619047619047619,"n",0.5,0.0813497392647087,4.6,14.7,26,1,0.5,2
"726","14.3","0",0.619047619047619,"n",0.5,0.0817450975693624,4.6,14.7,26,1,0.5,2
"727","15.7","0",0.619047619047619,"n",0.5,0.0821352591128825,4.6,15.4,26,1,0.5,2
"728","17.1","0",0.636363636363636,"n",0.518518518518518,0.0751445616072826,4.8,15.2,27,1,0.5,2
"729","18.6","0",0.636363636363636,"n",0.518518518518518,0.075504068906162,4.8,15.2,27,1,0.5,2
"730","20","0",0.636363636363636,"n",0.518518518518518,0.0758590678745597,4.8,15.7,27,1,0.5,2
"731","7.1","1",0,"n",0,0.0876544933811112,4.4,14.8,25,1,0.5,2
"732","8.5","1",0.0909090909090909,"n",0.0769230769230769,0.0791705283999508,4.7,14.4,26,1,0.5,2
"733","10","1",0,"n",0,0.0805429061914457,4.6,14.6,26,1,0.5,2
"734","11.4","1",0,"n",0,0.0809490538749275,4.6,14.6,26,1,0.5,2
"735","12.8","1",0,"n",0,0.0813497392647087,4.6,14.7,26,1,0.5,2
"736","14.3","1",0,"n",0,0.0817450975693624,4.6,14.7,26,1,0.5,2
"737","15.7","1",0,"n",0,0.0821352591128825,4.6,15.4,26,1,0.5,2
"738","17.1","1",0,"n",0,0.0751445616072826,4.8,15.2,27,1,0.5,2
"739","18.6","1",0,"n",0,0.075504068906162,4.8,15.2,27,1,0.5,2
"740","20","1",0,"n",0,0.0758590678745597,4.8,15.7,27,1,0.5,2
"741","7.1","2",0.4,"n",0.32,0.0876544933811112,4.4,14.8,25,1,0.5,2
"742","8.5","2",0.363636363636364,"n",0.307692307692308,0.0791705283999508,4.7,14.4,26,1,0.5,2
"743","10","2",0.380952380952381,"n",0.307692307692308,0.0805429061914457,4.6,14.6,26,1,0.5,2
"744","11.4","2",0.380952380952381,"n",0.307692307692308,0.0809490538749275,4.6,14.6,26,1,0.5,2
"745","12.8","2",0.380952380952381,"n",0.307692307692308,0.0813497392647087,4.6,14.7,26,1,0.5,2
"746","14.3","2",0.380952380952381,"n",0.307692307692308,0.0817450975693624,4.6,14.7,26,1,0.5,2
"747","15.7","2",0.380952380952381,"n",0.307692307692308,0.0821352591128825,4.6,15.4,26,1,0.5,2
"748","17.1","2",0.363636363636364,"n",0.296296296296296,0.0751445616072826,4.8,15.2,27,1,0.5,2
"749","18.6","2",0.363636363636364,"n",0.296296296296296,0.075504068906162,4.8,15.2,27,1,0.5,2
"750","20","2",0.363636363636364,"n",0.296296296296296,0.0758590678745597,4.8,15.7,27,1,0.5,2
"751","7.1","0",0,"a",0,0.0876544933811112,4.4,14.8,25,1,0.5,2
"752","8.5","0",0,"a",0,0.0791705283999508,4.7,14.4,26,1,0.5,2
"753","10","0",0,"a",0,0.0805429061914457,4.6,14.6,26,1,0.5,2
"754","11.4","0",0,"a",0,0.0809490538749275,4.6,14.6,26,1,0.5,2
"755","12.8","0",0,"a",0,0.0813497392647087,4.6,14.7,26,1,0.5,2
"756","14.3","0",0,"a",0,0.0817450975693624,4.6,14.7,26,1,0.5,2
"757","15.7","0",0,"a",0,0.0821352591128825,4.6,15.4,26,1,0.5,2
"758","17.1","0",0,"a",0,0.0751445616072826,4.8,15.2,27,1,0.5,2
"759","18.6","0",0,"a",0,0.075504068906162,4.8,15.2,27,1,0.5,2
"760","20","0",0,"a",0,0.0758590678745597,4.8,15.7,27,1,0.5,2
"761","7.1","1",0,"a",0,0.0876544933811112,4.4,14.8,25,1,0.5,2
"762","8.5","1",0,"a",0,0.0791705283999508,4.7,14.4,26,1,0.5,2
"763","10","1",0,"a",0,0.0805429061914457,4.6,14.6,26,1,0.5,2
"764","11.4","1",0,"a",0,0.0809490538749275,4.6,14.6,26,1,0.5,2
"765","12.8","1",0,"a",0,0.0813497392647087,4.6,14.7,26,1,0.5,2
"766","14.3","1",0,"a",0,0.0817450975693624,4.6,14.7,26,1,0.5,2
"767","15.7","1",0,"a",0,0.0821352591128825,4.6,15.4,26,1,0.5,2
"768","17.1","1",0,"a",0,0.0751445616072826,4.8,15.2,27,1,0.5,2
"769","18.6","1",0,"a",0,0.075504068906162,4.8,15.2,27,1,0.5,2
"770","20","1",0,"a",0,0.0758590678745597,4.8,15.7,27,1,0.5,2
"771","7.1","2",1,"a",0.2,0.0876544933811112,4.4,14.8,25,1,0.5,2
"772","8.5","2",1,"a",0.153846153846154,0.0791705283999508,4.7,14.4,26,1,0.5,2
"773","10","2",1,"a",0.192307692307692,0.0805429061914457,4.6,14.6,26,1,0.5,2
"774","11.4","2",1,"a",0.192307692307692,0.0809490538749275,4.6,14.6,26,1,0.5,2
"775","12.8","2",1,"a",0.192307692307692,0.0813497392647087,4.6,14.7,26,1,0.5,2
"776","14.3","2",1,"a",0.192307692307692,0.0817450975693624,4.6,14.7,26,1,0.5,2
"777","15.7","2",1,"a",0.192307692307692,0.0821352591128825,4.6,15.4,26,1,0.5,2
"778","17.1","2",1,"a",0.185185185185185,0.0751445616072826,4.8,15.2,27,1,0.5,2
"779","18.6","2",1,"a",0.185185185185185,0.075504068906162,4.8,15.2,27,1,0.5,2
"780","20","2",1,"a",0.185185185185185,0.0758590678745597,4.8,15.7,27,1,0.5,2
"781","7.1","0",0.523809523809524,"n",0.44,0.0855654327160814,3.8,14.4,25,1,0.7,1.42857142857143
"782","8.5","0",0.6,"n",0.48,0.0870397723226114,3.7,14.6,25,1,0.7,1.42857142857143
"783","10","0",0.578947368421053,"n",0.458333333333333,0.0961449962981162,3.5,15.1,24,1,0.7,1.42857142857143
"784","11.4","0",0.523809523809524,"n",0.44,0.086840206375213,3.8,14.8,25,1,0.7,1.42857142857143
"785","12.8","0",0.6,"n",0.48,0.0883121747025667,3.7,15,25,1,0.7,1.42857142857143
"786","14.3","0",0.545454545454545,"n",0.461538461538462,0.0797969681012803,4,14.6,26,1,0.7,1.42857142857143
"787","15.7","0",0.583333333333333,"n",0.5,0.0664616544644023,4.4,13.8,28,1,0.7,1.42857142857143
"788","17.1","0",0.583333333333333,"n",0.5,0.0667973010985032,4.4,14.4,28,1,0.7,1.42857142857143
"789","18.6","0",0.608695652173913,"n",0.5,0.0663235691574164,4.3,14.6,28,1,0.7,1.42857142857143
"790","20","0",0.583333333333333,"n",0.5,0.0674561031793444,4.4,14.8,28,1,0.7,1.42857142857143
"791","7.1","1",0.142857142857143,"n",0.12,0.0855654327160814,3.8,14.4,25,1,0.7,1.42857142857143
"792","8.5","1",0.05,"n",0.04,0.0870397723226114,3.7,14.6,25,1,0.7,1.42857142857143
"793","10","1",0.0526315789473684,"n",0.0416666666666667,0.0961449962981162,3.5,15.1,24,1,0.7,1.42857142857143
"794","11.4","1",0.142857142857143,"n",0.12,0.086840206375213,3.8,14.8,25,1,0.7,1.42857142857143
"795","12.8","1",0.05,"n",0.04,0.0883121747025667,3.7,15,25,1,0.7,1.42857142857143
"796","14.3","1",0.136363636363636,"n",0.115384615384615,0.0797969681012803,4,14.6,26,1,0.7,1.42857142857143
"797","15.7","1",0.125,"n",0.107142857142857,0.0664616544644023,4.4,13.8,28,1,0.7,1.42857142857143
"798","17.1","1",0.125,"n",0.107142857142857,0.0667973010985032,4.4,14.4,28,1,0.7,1.42857142857143
"799","18.6","1",0.0869565217391304,"n",0.0714285714285714,0.0663235691574164,4.3,14.6,28,1,0.7,1.42857142857143
"800","20","1",0.125,"n",0.107142857142857,0.0674561031793444,4.4,14.8,28,1,0.7,1.42857142857143
"801","7.1","2",0.333333333333333,"n",0.28,0.0855654327160814,3.8,14.4,25,1,0.7,1.42857142857143
"802","8.5","2",0.35,"n",0.28,0.0870397723226114,3.7,14.6,25,1,0.7,1.42857142857143
"803","10","2",0.368421052631579,"n",0.291666666666667,0.0961449962981162,3.5,15.1,24,1,0.7,1.42857142857143
"804","11.4","2",0.333333333333333,"n",0.28,0.086840206375213,3.8,14.8,25,1,0.7,1.42857142857143
"805","12.8","2",0.35,"n",0.28,0.0883121747025667,3.7,15,25,1,0.7,1.42857142857143
"806","14.3","2",0.318181818181818,"n",0.269230769230769,0.0797969681012803,4,14.6,26,1,0.7,1.42857142857143
"807","15.7","2",0.291666666666667,"n",0.25,0.0664616544644023,4.4,13.8,28,1,0.7,1.42857142857143
"808","17.1","2",0.291666666666667,"n",0.25,0.0667973010985032,4.4,14.4,28,1,0.7,1.42857142857143
"809","18.6","2",0.304347826086957,"n",0.25,0.0663235691574164,4.3,14.6,28,1,0.7,1.42857142857143
"810","20","2",0.291666666666667,"n",0.25,0.0674561031793444,4.4,14.8,28,1,0.7,1.42857142857143
"811","7.1","0",0,"a",0,0.0855654327160814,3.8,14.4,25,1,0.7,1.42857142857143
"812","8.5","0",0,"a",0,0.0870397723226114,3.7,14.6,25,1,0.7,1.42857142857143
"813","10","0",0,"a",0,0.0961449962981162,3.5,15.1,24,1,0.7,1.42857142857143
"814","11.4","0",0,"a",0,0.086840206375213,3.8,14.8,25,1,0.7,1.42857142857143
"815","12.8","0",0,"a",0,0.0883121747025667,3.7,15,25,1,0.7,1.42857142857143
"816","14.3","0",0,"a",0,0.0797969681012803,4,14.6,26,1,0.7,1.42857142857143
"817","15.7","0",0,"a",0,0.0664616544644023,4.4,13.8,28,1,0.7,1.42857142857143
"818","17.1","0",0,"a",0,0.0667973010985032,4.4,14.4,28,1,0.7,1.42857142857143
"819","18.6","0",0,"a",0,0.0663235691574164,4.3,14.6,28,1,0.7,1.42857142857143
"820","20","0",0,"a",0,0.0674561031793444,4.4,14.8,28,1,0.7,1.42857142857143
"821","7.1","1",0,"a",0,0.0855654327160814,3.8,14.4,25,1,0.7,1.42857142857143
"822","8.5","1",0,"a",0,0.0870397723226114,3.7,14.6,25,1,0.7,1.42857142857143
"823","10","1",0,"a",0,0.0961449962981162,3.5,15.1,24,1,0.7,1.42857142857143
"824","11.4","1",0,"a",0,0.086840206375213,3.8,14.8,25,1,0.7,1.42857142857143
"825","12.8","1",0,"a",0,0.0883121747025667,3.7,15,25,1,0.7,1.42857142857143
"826","14.3","1",0,"a",0,0.0797969681012803,4,14.6,26,1,0.7,1.42857142857143
"827","15.7","1",0,"a",0,0.0664616544644023,4.4,13.8,28,1,0.7,1.42857142857143
"828","17.1","1",0,"a",0,0.0667973010985032,4.4,14.4,28,1,0.7,1.42857142857143
"829","18.6","1",0.2,"a",0.0357142857142857,0.0663235691574164,4.3,14.6,28,1,0.7,1.42857142857143
"830","20","1",0,"a",0,0.0674561031793444,4.4,14.8,28,1,0.7,1.42857142857143
"831","7.1","2",1,"a",0.16,0.0855654327160814,3.8,14.4,25,1,0.7,1.42857142857143
"832","8.5","2",1,"a",0.2,0.0870397723226114,3.7,14.6,25,1,0.7,1.42857142857143
"833","10","2",1,"a",0.208333333333333,0.0961449962981162,3.5,15.1,24,1,0.7,1.42857142857143
"834","11.4","2",1,"a",0.16,0.086840206375213,3.8,14.8,25,1,0.7,1.42857142857143
"835","12.8","2",1,"a",0.2,0.0883121747025667,3.7,15,25,1,0.7,1.42857142857143
"836","14.3","2",1,"a",0.153846153846154,0.0797969681012803,4,14.6,26,1,0.7,1.42857142857143
"837","15.7","2",1,"a",0.142857142857143,0.0664616544644023,4.4,13.8,28,1,0.7,1.42857142857143
"838","17.1","2",1,"a",0.142857142857143,0.0667973010985032,4.4,14.4,28,1,0.7,1.42857142857143
"839","18.6","2",0.8,"a",0.142857142857143,0.0663235691574164,4.3,14.6,28,1,0.7,1.42857142857143
"840","20","2",1,"a",0.142857142857143,0.0674561031793444,4.4,14.8,28,1,0.7,1.42857142857143
"841","7.1","0",0.545454545454545,"n",0.461538461538462,0.077813283387882,3.4,14,26,1,0.9,1.11111111111111
"842","8.5","0",0.454545454545455,"n",0.4,0.0849653828348111,3.7,14.4,25,1,0.9,1.11111111111111
"843","10","0",0.454545454545455,"n",0.4,0.085385172653267,3.7,14.4,25,1,0.9,1.11111111111111
"844","11.4","0",0.454545454545455,"n",0.4,0.0857985453824487,3.6,14.6,25,1,0.9,1.11111111111111
"845","12.8","0",0.428571428571429,"n",0.375,0.094721219723194,3.5,15.1,24,1,0.9,1.11111111111111
"846","14.3","0",0.454545454545455,"n",0.4,0.08661036727206,3.7,14.8,25,1,0.9,1.11111111111111
"847","15.7","0",0.454545454545455,"n",0.4,0.0870072120700872,3.6,15,25,1,0.9,1.11111111111111
"848","17.1","0",0.428571428571429,"n",0.375,0.0959788104814027,3.5,15.3,24,1,0.9,1.11111111111111
"849","18.6","0",0.428571428571429,"n",0.375,0.0963861997827305,3.4,15.3,24,1,0.9,1.11111111111111
"850","20","0",0.454545454545455,"n",0.4,0.088168715751744,3.6,15.6,25,1,0.9,1.11111111111111
"851","7.1","1",0.0909090909090909,"n",0.0769230769230769,0.077813283387882,3.4,14,26,1,0.9,1.11111111111111
"852","8.5","1",0.227272727272727,"n",0.2,0.0849653828348111,3.7,14.4,25,1,0.9,1.11111111111111
"853","10","1",0.227272727272727,"n",0.2,0.085385172653267,3.7,14.4,25,1,0.9,1.11111111111111
"854","11.4","1",0.181818181818182,"n",0.16,0.0857985453824487,3.6,14.6,25,1,0.9,1.11111111111111
"855","12.8","1",0.238095238095238,"n",0.208333333333333,0.094721219723194,3.5,15.1,24,1,0.9,1.11111111111111
"856","14.3","1",0.227272727272727,"n",0.2,0.08661036727206,3.7,14.8,25,1,0.9,1.11111111111111
"857","15.7","1",0.181818181818182,"n",0.16,0.0870072120700872,3.6,15,25,1,0.9,1.11111111111111
"858","17.1","1",0.238095238095238,"n",0.208333333333333,0.0959788104814027,3.5,15.3,24,1,0.9,1.11111111111111
"859","18.6","1",0.19047619047619,"n",0.166666666666667,0.0963861997827305,3.4,15.3,24,1,0.9,1.11111111111111
"860","20","1",0.181818181818182,"n",0.16,0.088168715751744,3.6,15.6,25,1,0.9,1.11111111111111
"861","7.1","2",0.363636363636364,"n",0.307692307692308,0.077813283387882,3.4,14,26,1,0.9,1.11111111111111
"862","8.5","2",0.318181818181818,"n",0.28,0.0849653828348111,3.7,14.4,25,1,0.9,1.11111111111111
"863","10","2",0.318181818181818,"n",0.28,0.085385172653267,3.7,14.4,25,1,0.9,1.11111111111111
"864","11.4","2",0.363636363636364,"n",0.32,0.0857985453824487,3.6,14.6,25,1,0.9,1.11111111111111
"865","12.8","2",0.333333333333333,"n",0.291666666666667,0.094721219723194,3.5,15.1,24,1,0.9,1.11111111111111
"866","14.3","2",0.318181818181818,"n",0.28,0.08661036727206,3.7,14.8,25,1,0.9,1.11111111111111
"867","15.7","2",0.363636363636364,"n",0.32,0.0870072120700872,3.6,15,25,1,0.9,1.11111111111111
"868","17.1","2",0.333333333333333,"n",0.291666666666667,0.0959788104814027,3.5,15.3,24,1,0.9,1.11111111111111
"869","18.6","2",0.380952380952381,"n",0.333333333333333,0.0963861997827305,3.4,15.3,24,1,0.9,1.11111111111111
"870","20","2",0.363636363636364,"n",0.32,0.088168715751744,3.6,15.6,25,1,0.9,1.11111111111111
"871","7.1","0",0,"a",0,0.077813283387882,3.4,14,26,1,0.9,1.11111111111111
"872","8.5","0",0,"a",0,0.0849653828348111,3.7,14.4,25,1,0.9,1.11111111111111
"873","10","0",0,"a",0,0.085385172653267,3.7,14.4,25,1,0.9,1.11111111111111
"874","11.4","0",0,"a",0,0.0857985453824487,3.6,14.6,25,1,0.9,1.11111111111111
"875","12.8","0",0,"a",0,0.094721219723194,3.5,15.1,24,1,0.9,1.11111111111111
"876","14.3","0",0,"a",0,0.08661036727206,3.7,14.8,25,1,0.9,1.11111111111111
"877","15.7","0",0,"a",0,0.0870072120700872,3.6,15,25,1,0.9,1.11111111111111
"878","17.1","0",0,"a",0,0.0959788104814027,3.5,15.3,24,1,0.9,1.11111111111111
"879","18.6","0",0,"a",0,0.0963861997827305,3.4,15.3,24,1,0.9,1.11111111111111
"880","20","0",0,"a",0,0.088168715751744,3.6,15.6,25,1,0.9,1.11111111111111
"881","7.1","1",0.25,"a",0.0384615384615385,0.077813283387882,3.4,14,26,1,0.9,1.11111111111111
"882","8.5","1",0,"a",0,0.0849653828348111,3.7,14.4,25,1,0.9,1.11111111111111
"883","10","1",0,"a",0,0.085385172653267,3.7,14.4,25,1,0.9,1.11111111111111
"884","11.4","1",0.333333333333333,"a",0.04,0.0857985453824487,3.6,14.6,25,1,0.9,1.11111111111111
"885","12.8","1",0,"a",0,0.094721219723194,3.5,15.1,24,1,0.9,1.11111111111111
"886","14.3","1",0,"a",0,0.08661036727206,3.7,14.8,25,1,0.9,1.11111111111111
"887","15.7","1",0.333333333333333,"a",0.04,0.0870072120700872,3.6,15,25,1,0.9,1.11111111111111
"888","17.1","1",0,"a",0,0.0959788104814027,3.5,15.3,24,1,0.9,1.11111111111111
"889","18.6","1",0.333333333333333,"a",0.0416666666666667,0.0963861997827305,3.4,15.3,24,1,0.9,1.11111111111111
"890","20","1",0.333333333333333,"a",0.04,0.088168715751744,3.6,15.6,25,1,0.9,1.11111111111111
"891","7.1","2",0.75,"a",0.115384615384615,0.077813283387882,3.4,14,26,1,0.9,1.11111111111111
"892","8.5","2",1,"a",0.12,0.0849653828348111,3.7,14.4,25,1,0.9,1.11111111111111
"893","10","2",1,"a",0.12,0.085385172653267,3.7,14.4,25,1,0.9,1.11111111111111
"894","11.4","2",0.666666666666667,"a",0.08,0.0857985453824487,3.6,14.6,25,1,0.9,1.11111111111111
"895","12.8","2",1,"a",0.125,0.094721219723194,3.5,15.1,24,1,0.9,1.11111111111111
"896","14.3","2",1,"a",0.12,0.08661036727206,3.7,14.8,25,1,0.9,1.11111111111111
"897","15.7","2",0.666666666666667,"a",0.08,0.0870072120700872,3.6,15,25,1,0.9,1.11111111111111
"898","17.1","2",1,"a",0.125,0.0959788104814027,3.5,15.3,24,1,0.9,1.11111111111111
"899","18.6","2",0.666666666666667,"a",0.0833333333333333,0.0963861997827305,3.4,15.3,24,1,0.9,1.11111111111111
"900","20","2",0.666666666666667,"a",0.08,0.088168715751744,3.6,15.6,25,1,0.9,1.11111111111111
