"","Wstart","Beh","p","h","p.tot","S.cum.riv","G.riv","G.ocean","dur","Fit","m"
"1","7.1","0",0.619047619047619,"n",0.5,0.161350291172557,3.4,13.8,26,0.0112551575315446,-1
"2","8.5","0",0.6,"n",0.48,0.173275848522803,3.2,14.3,25,0.0115505976871049,-1
"3","10","0",0.6,"n",0.48,0.173938771398171,3.2,14.3,25,0.0120941843638102,-1
"4","11.4","0",0.6,"n",0.48,0.17458620680098,3.2,14.4,25,0.012177184330223,-1
"5","12.8","0",0.6,"n",0.48,0.17521995844779,3.2,14.6,25,0.012260130982321,-1
"6","14.3","0",0.565217391304348,"n",0.481481481481481,0.152054308705168,3.6,14,27,0.0125034570812237,-1
"7","15.7","0",0.428571428571429,"n",0.375,0.184086449070934,3.5,15.1,24,0.0130941343471789,-1
"8","17.1","0",0.454545454545455,"n",0.4,0.172819407450436,3.7,15,25,0.0132376039231214,-1
"9","18.6","0",0.428571428571429,"n",0.375,0.18525632531783,3.5,15.3,24,0.0133168471202465,-1
"10","20","0",0.454545454545455,"n",0.4,0.173934696805188,3.7,15,25,0.0137150503836392,-1
"11","7.1","1",0,"n",0,0.161350291172557,3.4,13.8,26,0.0112551575315446,-1
"12","8.5","1",0,"n",0,0.173275848522803,3.2,14.3,25,0.0115505976871049,-1
"13","10","1",0,"n",0,0.173938771398171,3.2,14.3,25,0.0120941843638102,-1
"14","11.4","1",0,"n",0,0.17458620680098,3.2,14.4,25,0.012177184330223,-1
"15","12.8","1",0.05,"n",0.04,0.17521995844779,3.2,14.6,25,0.012260130982321,-1
"16","14.3","1",0.0869565217391304,"n",0.0740740740740741,0.152054308705168,3.6,14,27,0.0125034570812237,-1
"17","15.7","1",0.238095238095238,"n",0.208333333333333,0.184086449070934,3.5,15.1,24,0.0130941343471789,-1
"18","17.1","1",0.227272727272727,"n",0.2,0.172819407450436,3.7,15,25,0.0132376039231214,-1
"19","18.6","1",0.238095238095238,"n",0.208333333333333,0.18525632531783,3.5,15.3,24,0.0133168471202465,-1
"20","20","1",0.227272727272727,"n",0.2,0.173934696805188,3.7,15,25,0.0137150503836392,-1
"21","7.1","2",0.380952380952381,"n",0.307692307692308,0.161350291172557,3.4,13.8,26,0.0112551575315446,-1
"22","8.5","2",0.4,"n",0.32,0.173275848522803,3.2,14.3,25,0.0115505976871049,-1
"23","10","2",0.4,"n",0.32,0.173938771398171,3.2,14.3,25,0.0120941843638102,-1
"24","11.4","2",0.4,"n",0.32,0.17458620680098,3.2,14.4,25,0.012177184330223,-1
"25","12.8","2",0.35,"n",0.28,0.17521995844779,3.2,14.6,25,0.012260130982321,-1
"26","14.3","2",0.347826086956522,"n",0.296296296296296,0.152054308705168,3.6,14,27,0.0125034570812237,-1
"27","15.7","2",0.333333333333333,"n",0.291666666666667,0.184086449070934,3.5,15.1,24,0.0130941343471789,-1
"28","17.1","2",0.318181818181818,"n",0.28,0.172819407450436,3.7,15,25,0.0132376039231214,-1
"29","18.6","2",0.333333333333333,"n",0.291666666666667,0.18525632531783,3.5,15.3,24,0.0133168471202465,-1
"30","20","2",0.318181818181818,"n",0.28,0.173934696805188,3.7,15,25,0.0137150503836392,-1
"31","7.1","0",0,"a",0,0.161350291172557,3.4,13.8,26,0.0112551575315446,-1
"32","8.5","0",0,"a",0,0.173275848522803,3.2,14.3,25,0.0115505976871049,-1
"33","10","0",0,"a",0,0.173938771398171,3.2,14.3,25,0.0120941843638102,-1
"34","11.4","0",0,"a",0,0.17458620680098,3.2,14.4,25,0.012177184330223,-1
"35","12.8","0",0,"a",0,0.17521995844779,3.2,14.6,25,0.012260130982321,-1
"36","14.3","0",0,"a",0,0.152054308705168,3.6,14,27,0.0125034570812237,-1
"37","15.7","0",0,"a",0,0.184086449070934,3.5,15.1,24,0.0130941343471789,-1
"38","17.1","0",0,"a",0,0.172819407450436,3.7,15,25,0.0132376039231214,-1
"39","18.6","0",0,"a",0,0.18525632531783,3.5,15.3,24,0.0133168471202465,-1
"40","20","0",0,"a",0,0.173934696805188,3.7,15,25,0.0137150503836392,-1
"41","7.1","1",0.2,"a",0.0384615384615385,0.161350291172557,3.4,13.8,26,0.0112551575315446,-1
"42","8.5","1",0.2,"a",0.04,0.173275848522803,3.2,14.3,25,0.0115505976871049,-1
"43","10","1",0.2,"a",0.04,0.173938771398171,3.2,14.3,25,0.0120941843638102,-1
"44","11.4","1",0.2,"a",0.04,0.17458620680098,3.2,14.4,25,0.012177184330223,-1
"45","12.8","1",0,"a",0,0.17521995844779,3.2,14.6,25,0.012260130982321,-1
"46","14.3","1",0.25,"a",0.037037037037037,0.152054308705168,3.6,14,27,0.0125034570812237,-1
"47","15.7","1",0,"a",0,0.184086449070934,3.5,15.1,24,0.0130941343471789,-1
"48","17.1","1",0,"a",0,0.172819407450436,3.7,15,25,0.0132376039231214,-1
"49","18.6","1",0,"a",0,0.18525632531783,3.5,15.3,24,0.0133168471202465,-1
"50","20","1",0,"a",0,0.173934696805188,3.7,15,25,0.0137150503836392,-1
"51","7.1","2",0.8,"a",0.153846153846154,0.161350291172557,3.4,13.8,26,0.0112551575315446,-1
"52","8.5","2",0.8,"a",0.16,0.173275848522803,3.2,14.3,25,0.0115505976871049,-1
"53","10","2",0.8,"a",0.16,0.173938771398171,3.2,14.3,25,0.0120941843638102,-1
"54","11.4","2",0.8,"a",0.16,0.17458620680098,3.2,14.4,25,0.012177184330223,-1
"55","12.8","2",1,"a",0.2,0.17521995844779,3.2,14.6,25,0.012260130982321,-1
"56","14.3","2",0.75,"a",0.111111111111111,0.152054308705168,3.6,14,27,0.0125034570812237,-1
"57","15.7","2",1,"a",0.125,0.184086449070934,3.5,15.1,24,0.0130941343471789,-1
"58","17.1","2",1,"a",0.12,0.172819407450436,3.7,15,25,0.0132376039231214,-1
"59","18.6","2",1,"a",0.125,0.18525632531783,3.5,15.3,24,0.0133168471202465,-1
"60","20","2",1,"a",0.12,0.173934696805188,3.7,15,25,0.0137150503836392,-1
"61","7.1","0",0.6,"n",0.48,0.158599420188919,3.2,14.1,25,0.0103681723349885,-0.85
"62","8.5","0",0.6,"n",0.48,0.157403309458463,3.2,14.3,25,0.0106454064058144,-0.85
"63","10","0",0.6,"n",0.48,0.158092610471836,3.2,14.3,25,0.0111346289402423,-0.85
"64","11.4","0",0.6,"n",0.48,0.15876756164112,3.2,14.4,25,0.0112145018345851,-0.85
"65","12.8","0",0.6,"n",0.48,0.15942977472997,3.2,14.6,25,0.0112943414270039,-0.85
"66","14.3","0",0.565217391304348,"n",0.481481481481481,0.137389272956592,3.6,14,27,0.0115679826145119,-0.85
"67","15.7","0",0.428571428571429,"n",0.375,0.168301414035806,3.5,15.1,24,0.0120974876345352,-0.85
"68","17.1","0",0.454545454545455,"n",0.4,0.157493516621579,3.7,15,25,0.0121920024345828,-0.85
"69","18.6","0",0.428571428571429,"n",0.375,0.169539432448999,3.5,15.3,24,0.0122686069134561,-0.85
"70","20","0",0.454545454545455,"n",0.4,0.158672248531529,3.7,15,25,0.0126633882133189,-0.85
"71","7.1","1",0,"n",0,0.158599420188919,3.2,14.1,25,0.0103681723349885,-0.85
"72","8.5","1",0,"n",0,0.157403309458463,3.2,14.3,25,0.0106454064058144,-0.85
"73","10","1",0,"n",0,0.158092610471836,3.2,14.3,25,0.0111346289402423,-0.85
"74","11.4","1",0,"n",0,0.15876756164112,3.2,14.4,25,0.0112145018345851,-0.85
"75","12.8","1",0.05,"n",0.04,0.15942977472997,3.2,14.6,25,0.0112943414270039,-0.85
"76","14.3","1",0.0869565217391304,"n",0.0740740740740741,0.137389272956592,3.6,14,27,0.0115679826145119,-0.85
"77","15.7","1",0.238095238095238,"n",0.208333333333333,0.168301414035806,3.5,15.1,24,0.0120974876345352,-0.85
"78","17.1","1",0.227272727272727,"n",0.2,0.157493516621579,3.7,15,25,0.0121920024345828,-0.85
"79","18.6","1",0.238095238095238,"n",0.208333333333333,0.169539432448999,3.5,15.3,24,0.0122686069134561,-0.85
"80","20","1",0.227272727272727,"n",0.2,0.158672248531529,3.7,15,25,0.0126633882133189,-0.85
"81","7.1","2",0.4,"n",0.32,0.158599420188919,3.2,14.1,25,0.0103681723349885,-0.85
"82","8.5","2",0.4,"n",0.32,0.157403309458463,3.2,14.3,25,0.0106454064058144,-0.85
"83","10","2",0.4,"n",0.32,0.158092610471836,3.2,14.3,25,0.0111346289402423,-0.85
"84","11.4","2",0.4,"n",0.32,0.15876756164112,3.2,14.4,25,0.0112145018345851,-0.85
"85","12.8","2",0.35,"n",0.28,0.15942977472997,3.2,14.6,25,0.0112943414270039,-0.85
"86","14.3","2",0.347826086956522,"n",0.296296296296296,0.137389272956592,3.6,14,27,0.0115679826145119,-0.85
"87","15.7","2",0.333333333333333,"n",0.291666666666667,0.168301414035806,3.5,15.1,24,0.0120974876345352,-0.85
"88","17.1","2",0.318181818181818,"n",0.28,0.157493516621579,3.7,15,25,0.0121920024345828,-0.85
"89","18.6","2",0.333333333333333,"n",0.291666666666667,0.169539432448999,3.5,15.3,24,0.0122686069134561,-0.85
"90","20","2",0.318181818181818,"n",0.28,0.158672248531529,3.7,15,25,0.0126633882133189,-0.85
"91","7.1","0",0,"a",0,0.158599420188919,3.2,14.1,25,0.0103681723349885,-0.85
"92","8.5","0",0,"a",0,0.157403309458463,3.2,14.3,25,0.0106454064058144,-0.85
"93","10","0",0,"a",0,0.158092610471836,3.2,14.3,25,0.0111346289402423,-0.85
"94","11.4","0",0,"a",0,0.15876756164112,3.2,14.4,25,0.0112145018345851,-0.85
"95","12.8","0",0,"a",0,0.15942977472997,3.2,14.6,25,0.0112943414270039,-0.85
"96","14.3","0",0,"a",0,0.137389272956592,3.6,14,27,0.0115679826145119,-0.85
"97","15.7","0",0,"a",0,0.168301414035806,3.5,15.1,24,0.0120974876345352,-0.85
"98","17.1","0",0,"a",0,0.157493516621579,3.7,15,25,0.0121920024345828,-0.85
"99","18.6","0",0,"a",0,0.169539432448999,3.5,15.3,24,0.0122686069134561,-0.85
"100","20","0",0,"a",0,0.158672248531529,3.7,15,25,0.0126633882133189,-0.85
"101","7.1","1",0,"a",0,0.158599420188919,3.2,14.1,25,0.0103681723349885,-0.85
"102","8.5","1",0.2,"a",0.04,0.157403309458463,3.2,14.3,25,0.0106454064058144,-0.85
"103","10","1",0.2,"a",0.04,0.158092610471836,3.2,14.3,25,0.0111346289402423,-0.85
"104","11.4","1",0.2,"a",0.04,0.15876756164112,3.2,14.4,25,0.0112145018345851,-0.85
"105","12.8","1",0,"a",0,0.15942977472997,3.2,14.6,25,0.0112943414270039,-0.85
"106","14.3","1",0.25,"a",0.037037037037037,0.137389272956592,3.6,14,27,0.0115679826145119,-0.85
"107","15.7","1",0,"a",0,0.168301414035806,3.5,15.1,24,0.0120974876345352,-0.85
"108","17.1","1",0,"a",0,0.157493516621579,3.7,15,25,0.0121920024345828,-0.85
"109","18.6","1",0,"a",0,0.169539432448999,3.5,15.3,24,0.0122686069134561,-0.85
"110","20","1",0,"a",0,0.158672248531529,3.7,15,25,0.0126633882133189,-0.85
"111","7.1","2",1,"a",0.2,0.158599420188919,3.2,14.1,25,0.0103681723349885,-0.85
"112","8.5","2",0.8,"a",0.16,0.157403309458463,3.2,14.3,25,0.0106454064058144,-0.85
"113","10","2",0.8,"a",0.16,0.158092610471836,3.2,14.3,25,0.0111346289402423,-0.85
"114","11.4","2",0.8,"a",0.16,0.15876756164112,3.2,14.4,25,0.0112145018345851,-0.85
"115","12.8","2",1,"a",0.2,0.15942977472997,3.2,14.6,25,0.0112943414270039,-0.85
"116","14.3","2",0.75,"a",0.111111111111111,0.137389272956592,3.6,14,27,0.0115679826145119,-0.85
"117","15.7","2",1,"a",0.125,0.168301414035806,3.5,15.1,24,0.0120974876345352,-0.85
"118","17.1","2",1,"a",0.12,0.157493516621579,3.7,15,25,0.0121920024345828,-0.85
"119","18.6","2",1,"a",0.125,0.169539432448999,3.5,15.3,24,0.0122686069134561,-0.85
"120","20","2",1,"a",0.12,0.158672248531529,3.7,15,25,0.0126633882133189,-0.85
"121","7.1","0",0.6,"n",0.48,0.139309209025372,3.2,14.1,25,0.0100542805124892,-0.7
"122","8.5","0",0.6,"n",0.48,0.138324152780748,3.2,14.3,25,0.0101536075657106,-0.7
"123","10","0",0.6,"n",0.48,0.13899594636035,3.2,14.3,25,0.0102538318504052,-0.7
"124","11.4","0",0.6,"n",0.48,0.139655419733553,3.2,14.4,25,0.0104550710196589,-0.7
"125","12.8","0",0.6,"n",0.48,0.140303950922072,3.2,14.6,25,0.0105580635282172,-0.7
"126","14.3","0",0.565217391304348,"n",0.481481481481481,0.119738081082376,3.6,14,27,0.0106619869678137,-0.7
"127","15.7","0",0.428571428571429,"n",0.375,0.149002885503267,3.5,15.1,24,0.0107668500649574,-0.7
"128","17.1","0",0.454545454545455,"n",0.4,0.138792914977191,3.7,15,25,0.010872661566688,-0.7
"129","18.6","0",0.428571428571429,"n",0.375,0.150232083290495,3.5,15.3,24,0.0109794302425759,-0.7
"130","20","0",0.454545454545455,"n",0.4,0.139960111318083,3.7,15,25,0.0112257926494835,-0.7
"131","7.1","1",0,"n",0,0.139309209025372,3.2,14.1,25,0.0100542805124892,-0.7
"132","8.5","1",0,"n",0,0.138324152780748,3.2,14.3,25,0.0101536075657106,-0.7
"133","10","1",0,"n",0,0.13899594636035,3.2,14.3,25,0.0102538318504052,-0.7
"134","11.4","1",0,"n",0,0.139655419733553,3.2,14.4,25,0.0104550710196589,-0.7
"135","12.8","1",0.05,"n",0.04,0.140303950922072,3.2,14.6,25,0.0105580635282172,-0.7
"136","14.3","1",0.0869565217391304,"n",0.0740740740740741,0.119738081082376,3.6,14,27,0.0106619869678137,-0.7
"137","15.7","1",0.238095238095238,"n",0.208333333333333,0.149002885503267,3.5,15.1,24,0.0107668500649574,-0.7
"138","17.1","1",0.227272727272727,"n",0.2,0.138792914977191,3.7,15,25,0.010872661566688,-0.7
"139","18.6","1",0.238095238095238,"n",0.208333333333333,0.150232083290495,3.5,15.3,24,0.0109794302425759,-0.7
"140","20","1",0.227272727272727,"n",0.2,0.139960111318083,3.7,15,25,0.0112257926494835,-0.7
"141","7.1","2",0.4,"n",0.32,0.139309209025372,3.2,14.1,25,0.0100542805124892,-0.7
"142","8.5","2",0.4,"n",0.32,0.138324152780748,3.2,14.3,25,0.0101536075657106,-0.7
"143","10","2",0.4,"n",0.32,0.13899594636035,3.2,14.3,25,0.0102538318504052,-0.7
"144","11.4","2",0.4,"n",0.32,0.139655419733553,3.2,14.4,25,0.0104550710196589,-0.7
"145","12.8","2",0.35,"n",0.28,0.140303950922072,3.2,14.6,25,0.0105580635282172,-0.7
"146","14.3","2",0.347826086956522,"n",0.296296296296296,0.119738081082376,3.6,14,27,0.0106619869678137,-0.7
"147","15.7","2",0.333333333333333,"n",0.291666666666667,0.149002885503267,3.5,15.1,24,0.0107668500649574,-0.7
"148","17.1","2",0.318181818181818,"n",0.28,0.138792914977191,3.7,15,25,0.010872661566688,-0.7
"149","18.6","2",0.333333333333333,"n",0.291666666666667,0.150232083290495,3.5,15.3,24,0.0109794302425759,-0.7
"150","20","2",0.318181818181818,"n",0.28,0.139960111318083,3.7,15,25,0.0112257926494835,-0.7
"151","7.1","0",0,"a",0,0.139309209025372,3.2,14.1,25,0.0100542805124892,-0.7
"152","8.5","0",0,"a",0,0.138324152780748,3.2,14.3,25,0.0101536075657106,-0.7
"153","10","0",0,"a",0,0.13899594636035,3.2,14.3,25,0.0102538318504052,-0.7
"154","11.4","0",0,"a",0,0.139655419733553,3.2,14.4,25,0.0104550710196589,-0.7
"155","12.8","0",0,"a",0,0.140303950922072,3.2,14.6,25,0.0105580635282172,-0.7
"156","14.3","0",0,"a",0,0.119738081082376,3.6,14,27,0.0106619869678137,-0.7
"157","15.7","0",0,"a",0,0.149002885503267,3.5,15.1,24,0.0107668500649574,-0.7
"158","17.1","0",0,"a",0,0.138792914977191,3.7,15,25,0.010872661566688,-0.7
"159","18.6","0",0,"a",0,0.150232083290495,3.5,15.3,24,0.0109794302425759,-0.7
"160","20","0",0,"a",0,0.139960111318083,3.7,15,25,0.0112257926494835,-0.7
"161","7.1","1",0,"a",0,0.139309209025372,3.2,14.1,25,0.0100542805124892,-0.7
"162","8.5","1",0.2,"a",0.04,0.138324152780748,3.2,14.3,25,0.0101536075657106,-0.7
"163","10","1",0.2,"a",0.04,0.13899594636035,3.2,14.3,25,0.0102538318504052,-0.7
"164","11.4","1",0.2,"a",0.04,0.139655419733553,3.2,14.4,25,0.0104550710196589,-0.7
"165","12.8","1",0,"a",0,0.140303950922072,3.2,14.6,25,0.0105580635282172,-0.7
"166","14.3","1",0.25,"a",0.037037037037037,0.119738081082376,3.6,14,27,0.0106619869678137,-0.7
"167","15.7","1",0,"a",0,0.149002885503267,3.5,15.1,24,0.0107668500649574,-0.7
"168","17.1","1",0,"a",0,0.138792914977191,3.7,15,25,0.010872661566688,-0.7
"169","18.6","1",0,"a",0,0.150232083290495,3.5,15.3,24,0.0109794302425759,-0.7
"170","20","1",0,"a",0,0.139960111318083,3.7,15,25,0.0112257926494835,-0.7
"171","7.1","2",1,"a",0.2,0.139309209025372,3.2,14.1,25,0.0100542805124892,-0.7
"172","8.5","2",0.8,"a",0.16,0.138324152780748,3.2,14.3,25,0.0101536075657106,-0.7
"173","10","2",0.8,"a",0.16,0.13899594636035,3.2,14.3,25,0.0102538318504052,-0.7
"174","11.4","2",0.8,"a",0.16,0.139655419733553,3.2,14.4,25,0.0104550710196589,-0.7
"175","12.8","2",1,"a",0.2,0.140303950922072,3.2,14.6,25,0.0105580635282172,-0.7
"176","14.3","2",0.75,"a",0.111111111111111,0.119738081082376,3.6,14,27,0.0106619869678137,-0.7
"177","15.7","2",1,"a",0.125,0.149002885503267,3.5,15.1,24,0.0107668500649574,-0.7
"178","17.1","2",1,"a",0.12,0.138792914977191,3.7,15,25,0.010872661566688,-0.7
"179","18.6","2",1,"a",0.125,0.150232083290495,3.5,15.3,24,0.0109794302425759,-0.7
"180","20","2",1,"a",0.12,0.139960111318083,3.7,15,25,0.0112257926494835,-0.7
"181","7.1","0",0.6,"n",0.48,0.117053431638023,3.2,14.1,25,0.00998448601015641,-0.55
"182","8.5","0",0.6,"n",0.48,0.116257403108867,3.2,14.3,25,0.0100832351450263,-0.55
"183","10","0",0.6,"n",0.48,0.1168548281894,3.2,14.3,25,0.0101828792024961,-0.55
"184","11.4","0",0.6,"n",0.48,0.117442669144426,3.2,14.4,25,0.0103828441169894,-0.55
"185","12.8","0",0.6,"n",0.48,0.118022042430389,3.2,14.6,25,0.0104852459927767,-0.55
"186","14.3","0",0.545454545454545,"n",0.461538461538462,0.107903163643452,3.4,14.4,26,0.0105885760866366,-0.55
"187","15.7","0",0.428571428571429,"n",0.375,0.126279296714092,3.5,15.1,24,0.0106928430065722,-0.55
"188","17.1","0",0.454545454545455,"n",0.4,0.116853019221877,3.7,15,25,0.0107980553859366,-0.55
"189","18.6","0",0.428571428571429,"n",0.375,0.127393858875279,3.5,15.3,24,0.0109042218850926,-0.55
"190","20","0",0.454545454545455,"n",0.4,0.117906429481125,3.7,15,25,0.0110113511929541,-0.55
"191","7.1","1",0,"n",0,0.117053431638023,3.2,14.1,25,0.00998448601015641,-0.55
"192","8.5","1",0,"n",0,0.116257403108867,3.2,14.3,25,0.0100832351450263,-0.55
"193","10","1",0,"n",0,0.1168548281894,3.2,14.3,25,0.0101828792024961,-0.55
"194","11.4","1",0,"n",0,0.117442669144426,3.2,14.4,25,0.0103828441169894,-0.55
"195","12.8","1",0.05,"n",0.04,0.118022042430389,3.2,14.6,25,0.0104852459927767,-0.55
"196","14.3","1",0.0909090909090909,"n",0.0769230769230769,0.107903163643452,3.4,14.4,26,0.0105885760866366,-0.55
"197","15.7","1",0.238095238095238,"n",0.208333333333333,0.126279296714092,3.5,15.1,24,0.0106928430065722,-0.55
"198","17.1","1",0.227272727272727,"n",0.2,0.116853019221877,3.7,15,25,0.0107980553859366,-0.55
"199","18.6","1",0.238095238095238,"n",0.208333333333333,0.127393858875279,3.5,15.3,24,0.0109042218850926,-0.55
"200","20","1",0.227272727272727,"n",0.2,0.117906429481125,3.7,15,25,0.0110113511929541,-0.55
"201","7.1","2",0.4,"n",0.32,0.117053431638023,3.2,14.1,25,0.00998448601015641,-0.55
"202","8.5","2",0.4,"n",0.32,0.116257403108867,3.2,14.3,25,0.0100832351450263,-0.55
"203","10","2",0.4,"n",0.32,0.1168548281894,3.2,14.3,25,0.0101828792024961,-0.55
"204","11.4","2",0.4,"n",0.32,0.117442669144426,3.2,14.4,25,0.0103828441169894,-0.55
"205","12.8","2",0.35,"n",0.28,0.118022042430389,3.2,14.6,25,0.0104852459927767,-0.55
"206","14.3","2",0.363636363636364,"n",0.307692307692308,0.107903163643452,3.4,14.4,26,0.0105885760866366,-0.55
"207","15.7","2",0.333333333333333,"n",0.291666666666667,0.126279296714092,3.5,15.1,24,0.0106928430065722,-0.55
"208","17.1","2",0.318181818181818,"n",0.28,0.116853019221877,3.7,15,25,0.0107980553859366,-0.55
"209","18.6","2",0.333333333333333,"n",0.291666666666667,0.127393858875279,3.5,15.3,24,0.0109042218850926,-0.55
"210","20","2",0.318181818181818,"n",0.28,0.117906429481125,3.7,15,25,0.0110113511929541,-0.55
"211","7.1","0",0,"a",0,0.117053431638023,3.2,14.1,25,0.00998448601015641,-0.55
"212","8.5","0",0,"a",0,0.116257403108867,3.2,14.3,25,0.0100832351450263,-0.55
"213","10","0",0,"a",0,0.1168548281894,3.2,14.3,25,0.0101828792024961,-0.55
"214","11.4","0",0,"a",0,0.117442669144426,3.2,14.4,25,0.0103828441169894,-0.55
"215","12.8","0",0,"a",0,0.118022042430389,3.2,14.6,25,0.0104852459927767,-0.55
"216","14.3","0",0,"a",0,0.107903163643452,3.4,14.4,26,0.0105885760866366,-0.55
"217","15.7","0",0,"a",0,0.126279296714092,3.5,15.1,24,0.0106928430065722,-0.55
"218","17.1","0",0,"a",0,0.116853019221877,3.7,15,25,0.0107980553859366,-0.55
"219","18.6","0",0,"a",0,0.127393858875279,3.5,15.3,24,0.0109042218850926,-0.55
"220","20","0",0,"a",0,0.117906429481125,3.7,15,25,0.0110113511929541,-0.55
"221","7.1","1",0,"a",0,0.117053431638023,3.2,14.1,25,0.00998448601015641,-0.55
"222","8.5","1",0.2,"a",0.04,0.116257403108867,3.2,14.3,25,0.0100832351450263,-0.55
"223","10","1",0.2,"a",0.04,0.1168548281894,3.2,14.3,25,0.0101828792024961,-0.55
"224","11.4","1",0.2,"a",0.04,0.117442669144426,3.2,14.4,25,0.0103828441169894,-0.55
"225","12.8","1",0,"a",0,0.118022042430389,3.2,14.6,25,0.0104852459927767,-0.55
"226","14.3","1",0.25,"a",0.0384615384615385,0.107903163643452,3.4,14.4,26,0.0105885760866366,-0.55
"227","15.7","1",0,"a",0,0.126279296714092,3.5,15.1,24,0.0106928430065722,-0.55
"228","17.1","1",0,"a",0,0.116853019221877,3.7,15,25,0.0107980553859366,-0.55
"229","18.6","1",0,"a",0,0.127393858875279,3.5,15.3,24,0.0109042218850926,-0.55
"230","20","1",0,"a",0,0.117906429481125,3.7,15,25,0.0110113511929541,-0.55
"231","7.1","2",1,"a",0.2,0.117053431638023,3.2,14.1,25,0.00998448601015641,-0.55
"232","8.5","2",0.8,"a",0.16,0.116257403108867,3.2,14.3,25,0.0100832351450263,-0.55
"233","10","2",0.8,"a",0.16,0.1168548281894,3.2,14.3,25,0.0101828792024961,-0.55
"234","11.4","2",0.8,"a",0.16,0.117442669144426,3.2,14.4,25,0.0103828441169894,-0.55
"235","12.8","2",1,"a",0.2,0.118022042430389,3.2,14.6,25,0.0104852459927767,-0.55
"236","14.3","2",0.75,"a",0.115384615384615,0.107903163643452,3.4,14.4,26,0.0105885760866366,-0.55
"237","15.7","2",1,"a",0.125,0.126279296714092,3.5,15.1,24,0.0106928430065722,-0.55
"238","17.1","2",1,"a",0.12,0.116853019221877,3.7,15,25,0.0107980553859366,-0.55
"239","18.6","2",1,"a",0.125,0.127393858875279,3.5,15.3,24,0.0109042218850926,-0.55
"240","20","2",1,"a",0.12,0.117906429481125,3.7,15,25,0.0110113511929541,-0.55
"241","7.1","0",0.6,"n",0.48,0.0926634107877039,3.2,14.1,25,0.00989155841727362,-0.4
"242","8.5","0",0.6,"n",0.48,0.0920218055982869,3.2,14.3,25,0.00998934102573962,-0.4
"243","10","0",0.6,"n",0.48,0.0924849108189143,3.2,14.3,25,0.0100880145295205,-0.4
"244","11.4","0",0.6,"n",0.48,0.0929414787212577,3.2,14.4,25,0.0102860781125541,-0.4
"245","12.8","0",0.6,"n",0.48,0.0933923555497966,3.2,14.6,25,0.0103874916786222,-0.4
"246","14.3","0",0.545454545454545,"n",0.461538461538462,0.0845829046688856,3.4,14.4,26,0.0104898288230679,-0.4
"247","15.7","0",0.428571428571429,"n",0.375,0.100852475259691,3.5,15.1,24,0.0105930979728311,-0.4
"248","17.1","0",0.454545454545455,"n",0.4,0.0924495842854305,3.7,15,25,0.0106973075861821,-0.4
"249","18.6","0",0.428571428571429,"n",0.375,0.101733824063401,3.5,15.3,24,0.0108024661539818,-0.4
"250","20","0",0.454545454545455,"n",0.4,0.093276354964513,3.7,15,25,0.0109085822008522,-0.4
"251","7.1","1",0,"n",0,0.0926634107877039,3.2,14.1,25,0.00989155841727362,-0.4
"252","8.5","1",0,"n",0,0.0920218055982869,3.2,14.3,25,0.00998934102573962,-0.4
"253","10","1",0,"n",0,0.0924849108189143,3.2,14.3,25,0.0100880145295205,-0.4
"254","11.4","1",0,"n",0,0.0929414787212577,3.2,14.4,25,0.0102860781125541,-0.4
"255","12.8","1",0.05,"n",0.04,0.0933923555497966,3.2,14.6,25,0.0103874916786222,-0.4
"256","14.3","1",0.0909090909090909,"n",0.0769230769230769,0.0845829046688856,3.4,14.4,26,0.0104898288230679,-0.4
"257","15.7","1",0.238095238095238,"n",0.208333333333333,0.100852475259691,3.5,15.1,24,0.0105930979728311,-0.4
"258","17.1","1",0.227272727272727,"n",0.2,0.0924495842854305,3.7,15,25,0.0106973075861821,-0.4
"259","18.6","1",0.238095238095238,"n",0.208333333333333,0.101733824063401,3.5,15.3,24,0.0108024661539818,-0.4
"260","20","1",0.227272727272727,"n",0.2,0.093276354964513,3.7,15,25,0.0109085822008522,-0.4
"261","7.1","2",0.4,"n",0.32,0.0926634107877039,3.2,14.1,25,0.00989155841727362,-0.4
"262","8.5","2",0.4,"n",0.32,0.0920218055982869,3.2,14.3,25,0.00998934102573962,-0.4
"263","10","2",0.4,"n",0.32,0.0924849108189143,3.2,14.3,25,0.0100880145295205,-0.4
"264","11.4","2",0.4,"n",0.32,0.0929414787212577,3.2,14.4,25,0.0102860781125541,-0.4
"265","12.8","2",0.35,"n",0.28,0.0933923555497966,3.2,14.6,25,0.0103874916786222,-0.4
"266","14.3","2",0.363636363636364,"n",0.307692307692308,0.0845829046688856,3.4,14.4,26,0.0104898288230679,-0.4
"267","15.7","2",0.333333333333333,"n",0.291666666666667,0.100852475259691,3.5,15.1,24,0.0105930979728311,-0.4
"268","17.1","2",0.318181818181818,"n",0.28,0.0924495842854305,3.7,15,25,0.0106973075861821,-0.4
"269","18.6","2",0.333333333333333,"n",0.291666666666667,0.101733824063401,3.5,15.3,24,0.0108024661539818,-0.4
"270","20","2",0.318181818181818,"n",0.28,0.093276354964513,3.7,15,25,0.0109085822008522,-0.4
"271","7.1","0",0,"a",0,0.0926634107877039,3.2,14.1,25,0.00989155841727362,-0.4
"272","8.5","0",0,"a",0,0.0920218055982869,3.2,14.3,25,0.00998934102573962,-0.4
"273","10","0",0,"a",0,0.0924849108189143,3.2,14.3,25,0.0100880145295205,-0.4
"274","11.4","0",0,"a",0,0.0929414787212577,3.2,14.4,25,0.0102860781125541,-0.4
"275","12.8","0",0,"a",0,0.0933923555497966,3.2,14.6,25,0.0103874916786222,-0.4
"276","14.3","0",0,"a",0,0.0845829046688856,3.4,14.4,26,0.0104898288230679,-0.4
"277","15.7","0",0,"a",0,0.100852475259691,3.5,15.1,24,0.0105930979728311,-0.4
"278","17.1","0",0,"a",0,0.0924495842854305,3.7,15,25,0.0106973075861821,-0.4
"279","18.6","0",0,"a",0,0.101733824063401,3.5,15.3,24,0.0108024661539818,-0.4
"280","20","0",0,"a",0,0.093276354964513,3.7,15,25,0.0109085822008522,-0.4
"281","7.1","1",0,"a",0,0.0926634107877039,3.2,14.1,25,0.00989155841727362,-0.4
"282","8.5","1",0.2,"a",0.04,0.0920218055982869,3.2,14.3,25,0.00998934102573962,-0.4
"283","10","1",0.2,"a",0.04,0.0924849108189143,3.2,14.3,25,0.0100880145295205,-0.4
"284","11.4","1",0.2,"a",0.04,0.0929414787212577,3.2,14.4,25,0.0102860781125541,-0.4
"285","12.8","1",0,"a",0,0.0933923555497966,3.2,14.6,25,0.0103874916786222,-0.4
"286","14.3","1",0.25,"a",0.0384615384615385,0.0845829046688856,3.4,14.4,26,0.0104898288230679,-0.4
"287","15.7","1",0,"a",0,0.100852475259691,3.5,15.1,24,0.0105930979728311,-0.4
"288","17.1","1",0,"a",0,0.0924495842854305,3.7,15,25,0.0106973075861821,-0.4
"289","18.6","1",0,"a",0,0.101733824063401,3.5,15.3,24,0.0108024661539818,-0.4
"290","20","1",0,"a",0,0.093276354964513,3.7,15,25,0.0109085822008522,-0.4
"291","7.1","2",1,"a",0.2,0.0926634107877039,3.2,14.1,25,0.00989155841727362,-0.4
"292","8.5","2",0.8,"a",0.16,0.0920218055982869,3.2,14.3,25,0.00998934102573962,-0.4
"293","10","2",0.8,"a",0.16,0.0924849108189143,3.2,14.3,25,0.0100880145295205,-0.4
"294","11.4","2",0.8,"a",0.16,0.0929414787212577,3.2,14.4,25,0.0102860781125541,-0.4
"295","12.8","2",1,"a",0.2,0.0933923555497966,3.2,14.6,25,0.0103874916786222,-0.4
"296","14.3","2",0.75,"a",0.115384615384615,0.0845829046688856,3.4,14.4,26,0.0104898288230679,-0.4
"297","15.7","2",1,"a",0.125,0.100852475259691,3.5,15.1,24,0.0105930979728311,-0.4
"298","17.1","2",1,"a",0.12,0.0924495842854305,3.7,15,25,0.0106973075861821,-0.4
"299","18.6","2",1,"a",0.125,0.101733824063401,3.5,15.3,24,0.0108024661539818,-0.4
"300","20","2",1,"a",0.12,0.093276354964513,3.7,15,25,0.0109085822008522,-0.4
"301","7.1","0",0.6,"n",0.48,0.067713164732113,3.2,14.1,25,0.00976815817354659,-0.25
"302","8.5","0",0.6,"n",0.48,0.0671887699855798,3.2,14.3,25,0.00986439768367589,-0.25
"303","10","0",0.6,"n",0.48,0.0674732916812588,3.2,14.3,25,0.00996152039786168,-0.25
"304","11.4","0",0.6,"n",0.48,0.0677541546169804,3.2,14.4,25,0.0101567872352149,-0.25
"305","12.8","0",0.6,"n",0.48,0.0680319460255353,3.2,14.6,25,0.0102566191171282,-0.25
"306","14.3","0",0.545454545454545,"n",0.461538461538462,0.0607924691897571,3.4,14.4,26,0.0103573659942375,-0.25
"307","15.7","0",0.428571428571429,"n",0.375,0.0742998619413659,3.5,15.1,24,0.0104590360310419,-0.25
"308","17.1","0",0.454545454545455,"n",0.4,0.067201823263396,3.7,15,25,0.0105616374301319,-0.25
"309","18.6","0",0.428571428571429,"n",0.375,0.0748521074987972,3.5,15.3,24,0.0106651784330055,-0.25
"310","20","0",0.454545454545455,"n",0.4,0.0677139427925177,3.7,15,25,0.0107696673208284,-0.25
"311","7.1","1",0,"n",0,0.067713164732113,3.2,14.1,25,0.00976815817354659,-0.25
"312","8.5","1",0,"n",0,0.0671887699855798,3.2,14.3,25,0.00986439768367589,-0.25
"313","10","1",0,"n",0,0.0674732916812588,3.2,14.3,25,0.00996152039786168,-0.25
"314","11.4","1",0,"n",0,0.0677541546169804,3.2,14.4,25,0.0101567872352149,-0.25
"315","12.8","1",0.05,"n",0.04,0.0680319460255353,3.2,14.6,25,0.0102566191171282,-0.25
"316","14.3","1",0.0909090909090909,"n",0.0769230769230769,0.0607924691897571,3.4,14.4,26,0.0103573659942375,-0.25
"317","15.7","1",0.238095238095238,"n",0.208333333333333,0.0742998619413659,3.5,15.1,24,0.0104590360310419,-0.25
"318","17.1","1",0.227272727272727,"n",0.2,0.067201823263396,3.7,15,25,0.0105616374301319,-0.25
"319","18.6","1",0.238095238095238,"n",0.208333333333333,0.0748521074987972,3.5,15.3,24,0.0106651784330055,-0.25
"320","20","1",0.227272727272727,"n",0.2,0.0677139427925177,3.7,15,25,0.0107696673208284,-0.25
"321","7.1","2",0.4,"n",0.32,0.067713164732113,3.2,14.1,25,0.00976815817354659,-0.25
"322","8.5","2",0.4,"n",0.32,0.0671887699855798,3.2,14.3,25,0.00986439768367589,-0.25
"323","10","2",0.4,"n",0.32,0.0674732916812588,3.2,14.3,25,0.00996152039786168,-0.25
"324","11.4","2",0.4,"n",0.32,0.0677541546169804,3.2,14.4,25,0.0101567872352149,-0.25
"325","12.8","2",0.35,"n",0.28,0.0680319460255353,3.2,14.6,25,0.0102566191171282,-0.25
"326","14.3","2",0.363636363636364,"n",0.307692307692308,0.0607924691897571,3.4,14.4,26,0.0103573659942375,-0.25
"327","15.7","2",0.333333333333333,"n",0.291666666666667,0.0742998619413659,3.5,15.1,24,0.0104590360310419,-0.25
"328","17.1","2",0.318181818181818,"n",0.28,0.067201823263396,3.7,15,25,0.0105616374301319,-0.25
"329","18.6","2",0.333333333333333,"n",0.291666666666667,0.0748521074987972,3.5,15.3,24,0.0106651784330055,-0.25
"330","20","2",0.318181818181818,"n",0.28,0.0677139427925177,3.7,15,25,0.0107696673208284,-0.25
"331","7.1","0",0,"a",0,0.067713164732113,3.2,14.1,25,0.00976815817354659,-0.25
"332","8.5","0",0,"a",0,0.0671887699855798,3.2,14.3,25,0.00986439768367589,-0.25
"333","10","0",0,"a",0,0.0674732916812588,3.2,14.3,25,0.00996152039786168,-0.25
"334","11.4","0",0,"a",0,0.0677541546169804,3.2,14.4,25,0.0101567872352149,-0.25
"335","12.8","0",0,"a",0,0.0680319460255353,3.2,14.6,25,0.0102566191171282,-0.25
"336","14.3","0",0,"a",0,0.0607924691897571,3.4,14.4,26,0.0103573659942375,-0.25
"337","15.7","0",0,"a",0,0.0742998619413659,3.5,15.1,24,0.0104590360310419,-0.25
"338","17.1","0",0,"a",0,0.067201823263396,3.7,15,25,0.0105616374301319,-0.25
"339","18.6","0",0,"a",0,0.0748521074987972,3.5,15.3,24,0.0106651784330055,-0.25
"340","20","0",0,"a",0,0.0677139427925177,3.7,15,25,0.0107696673208284,-0.25
"341","7.1","1",0,"a",0,0.067713164732113,3.2,14.1,25,0.00976815817354659,-0.25
"342","8.5","1",0.2,"a",0.04,0.0671887699855798,3.2,14.3,25,0.00986439768367589,-0.25
"343","10","1",0.2,"a",0.04,0.0674732916812588,3.2,14.3,25,0.00996152039786168,-0.25
"344","11.4","1",0.2,"a",0.04,0.0677541546169804,3.2,14.4,25,0.0101567872352149,-0.25
"345","12.8","1",0,"a",0,0.0680319460255353,3.2,14.6,25,0.0102566191171282,-0.25
"346","14.3","1",0.25,"a",0.0384615384615385,0.0607924691897571,3.4,14.4,26,0.0103573659942375,-0.25
"347","15.7","1",0,"a",0,0.0742998619413659,3.5,15.1,24,0.0104590360310419,-0.25
"348","17.1","1",0,"a",0,0.067201823263396,3.7,15,25,0.0105616374301319,-0.25
"349","18.6","1",0,"a",0,0.0748521074987972,3.5,15.3,24,0.0106651784330055,-0.25
"350","20","1",0,"a",0,0.0677139427925177,3.7,15,25,0.0107696673208284,-0.25
"351","7.1","2",1,"a",0.2,0.067713164732113,3.2,14.1,25,0.00976815817354659,-0.25
"352","8.5","2",0.8,"a",0.16,0.0671887699855798,3.2,14.3,25,0.00986439768367589,-0.25
"353","10","2",0.8,"a",0.16,0.0674732916812588,3.2,14.3,25,0.00996152039786168,-0.25
"354","11.4","2",0.8,"a",0.16,0.0677541546169804,3.2,14.4,25,0.0101567872352149,-0.25
"355","12.8","2",1,"a",0.2,0.0680319460255353,3.2,14.6,25,0.0102566191171282,-0.25
"356","14.3","2",0.75,"a",0.115384615384615,0.0607924691897571,3.4,14.4,26,0.0103573659942375,-0.25
"357","15.7","2",1,"a",0.125,0.0742998619413659,3.5,15.1,24,0.0104590360310419,-0.25
"358","17.1","2",1,"a",0.12,0.067201823263396,3.7,15,25,0.0105616374301319,-0.25
"359","18.6","2",1,"a",0.125,0.0748521074987972,3.5,15.3,24,0.0106651784330055,-0.25
"360","20","2",1,"a",0.12,0.0677139427925177,3.7,15,25,0.0107696673208284,-0.25
"361","7.1","0",0.6,"n",0.48,0.0444363076394069,3.2,14.1,25,0.00960487557987124,-0.1
"362","8.5","0",0.6,"n",0.48,0.0440041776434049,3.2,14.3,25,0.00969873489061751,-0.1
"363","10","0",0.6,"n",0.48,0.0441044928218049,3.2,14.3,25,0.00979346278772768,-0.1
"364","11.4","0",0.6,"n",0.48,0.0442035307915553,3.2,14.4,25,0.00998467176297317,-0.1
"365","12.8","0",0.6,"n",0.48,0.044301647719852,3.2,14.6,25,0.0100820556137519,-0.1
"366","14.3","0",0.545454545454545,"n",0.461538461538462,0.0388392618455005,3.4,14.4,26,0.0101803385585975,-0.1
"367","15.7","0",0.428571428571429,"n",0.375,0.0490475524598002,3.5,15.1,24,0.0102795283892359,-0.1
"368","17.1","0",0.454545454545455,"n",0.4,0.0435238218180086,3.7,15,25,0.0103796329423653,-0.1
"369","18.6","0",0.428571428571429,"n",0.375,0.04924583040802,3.5,15.3,24,0.0104806601000083,-0.1
"370","20","0",0.454545454545455,"n",0.4,0.0437045579301571,3.7,15,25,0.0105826177898375,-0.1
"371","7.1","1",0,"n",0,0.0444363076394069,3.2,14.1,25,0.00960487557987124,-0.1
"372","8.5","1",0,"n",0,0.0440041776434049,3.2,14.3,25,0.00969873489061751,-0.1
"373","10","1",0,"n",0,0.0441044928218049,3.2,14.3,25,0.00979346278772768,-0.1
"374","11.4","1",0,"n",0,0.0442035307915553,3.2,14.4,25,0.00998467176297317,-0.1
"375","12.8","1",0.05,"n",0.04,0.044301647719852,3.2,14.6,25,0.0100820556137519,-0.1
"376","14.3","1",0.0909090909090909,"n",0.0769230769230769,0.0388392618455005,3.4,14.4,26,0.0101803385585975,-0.1
"377","15.7","1",0.238095238095238,"n",0.208333333333333,0.0490475524598002,3.5,15.1,24,0.0102795283892359,-0.1
"378","17.1","1",0.227272727272727,"n",0.2,0.0435238218180086,3.7,15,25,0.0103796329423653,-0.1
"379","18.6","1",0.238095238095238,"n",0.208333333333333,0.04924583040802,3.5,15.3,24,0.0104806601000083,-0.1
"380","20","1",0.227272727272727,"n",0.2,0.0437045579301571,3.7,15,25,0.0105826177898375,-0.1
"381","7.1","2",0.4,"n",0.32,0.0444363076394069,3.2,14.1,25,0.00960487557987124,-0.1
"382","8.5","2",0.4,"n",0.32,0.0440041776434049,3.2,14.3,25,0.00969873489061751,-0.1
"383","10","2",0.4,"n",0.32,0.0441044928218049,3.2,14.3,25,0.00979346278772768,-0.1
"384","11.4","2",0.4,"n",0.32,0.0442035307915553,3.2,14.4,25,0.00998467176297317,-0.1
"385","12.8","2",0.35,"n",0.28,0.044301647719852,3.2,14.6,25,0.0100820556137519,-0.1
"386","14.3","2",0.363636363636364,"n",0.307692307692308,0.0388392618455005,3.4,14.4,26,0.0101803385585975,-0.1
"387","15.7","2",0.333333333333333,"n",0.291666666666667,0.0490475524598002,3.5,15.1,24,0.0102795283892359,-0.1
"388","17.1","2",0.318181818181818,"n",0.28,0.0435238218180086,3.7,15,25,0.0103796329423653,-0.1
"389","18.6","2",0.333333333333333,"n",0.291666666666667,0.04924583040802,3.5,15.3,24,0.0104806601000083,-0.1
"390","20","2",0.318181818181818,"n",0.28,0.0437045579301571,3.7,15,25,0.0105826177898375,-0.1
"391","7.1","0",0,"a",0,0.0444363076394069,3.2,14.1,25,0.00960487557987124,-0.1
"392","8.5","0",0,"a",0,0.0440041776434049,3.2,14.3,25,0.00969873489061751,-0.1
"393","10","0",0,"a",0,0.0441044928218049,3.2,14.3,25,0.00979346278772768,-0.1
"394","11.4","0",0,"a",0,0.0442035307915553,3.2,14.4,25,0.00998467176297317,-0.1
"395","12.8","0",0,"a",0,0.044301647719852,3.2,14.6,25,0.0100820556137519,-0.1
"396","14.3","0",0,"a",0,0.0388392618455005,3.4,14.4,26,0.0101803385585975,-0.1
"397","15.7","0",0,"a",0,0.0490475524598002,3.5,15.1,24,0.0102795283892359,-0.1
"398","17.1","0",0,"a",0,0.0435238218180086,3.7,15,25,0.0103796329423653,-0.1
"399","18.6","0",0,"a",0,0.04924583040802,3.5,15.3,24,0.0104806601000083,-0.1
"400","20","0",0,"a",0,0.0437045579301571,3.7,15,25,0.0105826177898375,-0.1
"401","7.1","1",0,"a",0,0.0444363076394069,3.2,14.1,25,0.00960487557987124,-0.1
"402","8.5","1",0.2,"a",0.04,0.0440041776434049,3.2,14.3,25,0.00969873489061751,-0.1
"403","10","1",0.2,"a",0.04,0.0441044928218049,3.2,14.3,25,0.00979346278772768,-0.1
"404","11.4","1",0.2,"a",0.04,0.0442035307915553,3.2,14.4,25,0.00998467176297317,-0.1
"405","12.8","1",0,"a",0,0.044301647719852,3.2,14.6,25,0.0100820556137519,-0.1
"406","14.3","1",0.25,"a",0.0384615384615385,0.0388392618455005,3.4,14.4,26,0.0101803385585975,-0.1
"407","15.7","1",0,"a",0,0.0490475524598002,3.5,15.1,24,0.0102795283892359,-0.1
"408","17.1","1",0,"a",0,0.0435238218180086,3.7,15,25,0.0103796329423653,-0.1
"409","18.6","1",0,"a",0,0.04924583040802,3.5,15.3,24,0.0104806601000083,-0.1
"410","20","1",0,"a",0,0.0437045579301571,3.7,15,25,0.0105826177898375,-0.1
"411","7.1","2",1,"a",0.2,0.0444363076394069,3.2,14.1,25,0.00960487557987124,-0.1
"412","8.5","2",0.8,"a",0.16,0.0440041776434049,3.2,14.3,25,0.00969873489061751,-0.1
"413","10","2",0.8,"a",0.16,0.0441044928218049,3.2,14.3,25,0.00979346278772768,-0.1
"414","11.4","2",0.8,"a",0.16,0.0442035307915553,3.2,14.4,25,0.00998467176297317,-0.1
"415","12.8","2",1,"a",0.2,0.044301647719852,3.2,14.6,25,0.0100820556137519,-0.1
"416","14.3","2",0.75,"a",0.115384615384615,0.0388392618455005,3.4,14.4,26,0.0101803385585975,-0.1
"417","15.7","2",1,"a",0.125,0.0490475524598002,3.5,15.1,24,0.0102795283892359,-0.1
"418","17.1","2",1,"a",0.12,0.0435238218180086,3.7,15,25,0.0103796329423653,-0.1
"419","18.6","2",1,"a",0.125,0.04924583040802,3.5,15.3,24,0.0104806601000083,-0.1
"420","20","2",1,"a",0.12,0.0437045579301571,3.7,15,25,0.0105826177898375,-0.1
