"","Wstart","Beh","p","h","p.tot","S.cum.riv","G.riv","G.ocean","dur","Fit","N"
"1","7.1","0",0.588235294117647,"n",0.434782608695652,0.100593649117903,2.1,17.9,23,0.0581388249819421,0.1
"2","8.5","0",0.619047619047619,"n",0.464285714285714,0.0659586515224852,2.8,16.7,28,0.0614224861024591,0.1
"3","10","0",0.791666666666667,"n",0.59375,0.0522995497960527,4.7,17,32,0.0774996901503023,0.1
"4","11.4","0",0.75,"n",0.535714285714286,0.0769290393721171,4.3,21.6,28,0.112729240671452,0.1
"5","12.8","0",0.722222222222222,"n",0.5,0.0937546005823487,3.9,24.6,26,0.140012256199518,0.1
"6","14.3","0",0.761904761904762,"n",0.551724137931034,0.0753105232206326,4.6,24.3,29,0.157102383106649,0.1
"7","15.7","0",0.736842105263158,"n",0.518518518518518,0.0903717858120333,4.3,27.7,27,0.184258591645921,0.1
"8","17.1","0",0.6,"n",0.48,0.107787832549183,4,31.3,25,0.21088187286358,0.1
"9","18.6","0",0.8,"n",0.606060606060606,0.0578366910425318,8.2,26.1,33,0.21088187286358,0.1
"10","20","0",0.821428571428571,"n",0.638888888888889,0.047934691703194,9.5,23.7,36,0.211866187738025,0.1
"11","7.1","1",0.0588235294117647,"n",0.0434782608695652,0.100593649117903,2.1,17.9,23,0.0581388249819421,0.1
"12","8.5","1",0.19047619047619,"n",0.142857142857143,0.0659586515224852,2.8,16.7,28,0.0614224861024591,0.1
"13","10","1",0,"n",0,0.0522995497960527,4.7,17,32,0.0774996901503023,0.1
"14","11.4","1",0,"n",0,0.0769290393721171,4.3,21.6,28,0.112729240671452,0.1
"15","12.8","1",0,"n",0,0.0937546005823487,3.9,24.6,26,0.140012256199518,0.1
"16","14.3","1",0,"n",0,0.0753105232206326,4.6,24.3,29,0.157102383106649,0.1
"17","15.7","1",0,"n",0,0.0903717858120333,4.3,27.7,27,0.184258591645921,0.1
"18","17.1","1",0.05,"n",0.04,0.107787832549183,4,31.3,25,0.21088187286358,0.1
"19","18.6","1",0.04,"n",0.0303030303030303,0.0578366910425318,8.2,26.1,33,0.21088187286358,0.1
"20","20","1",0,"n",0,0.047934691703194,9.5,23.7,36,0.211866187738025,0.1
"21","7.1","2",0.352941176470588,"n",0.260869565217391,0.100593649117903,2.1,17.9,23,0.0581388249819421,0.1
"22","8.5","2",0.19047619047619,"n",0.142857142857143,0.0659586515224852,2.8,16.7,28,0.0614224861024591,0.1
"23","10","2",0.208333333333333,"n",0.15625,0.0522995497960527,4.7,17,32,0.0774996901503023,0.1
"24","11.4","2",0.25,"n",0.178571428571429,0.0769290393721171,4.3,21.6,28,0.112729240671452,0.1
"25","12.8","2",0.277777777777778,"n",0.192307692307692,0.0937546005823487,3.9,24.6,26,0.140012256199518,0.1
"26","14.3","2",0.238095238095238,"n",0.172413793103448,0.0753105232206326,4.6,24.3,29,0.157102383106649,0.1
"27","15.7","2",0.263157894736842,"n",0.185185185185185,0.0903717858120333,4.3,27.7,27,0.184258591645921,0.1
"28","17.1","2",0.35,"n",0.28,0.107787832549183,4,31.3,25,0.21088187286358,0.1
"29","18.6","2",0.16,"n",0.121212121212121,0.0578366910425318,8.2,26.1,33,0.21088187286358,0.1
"30","20","2",0.178571428571429,"n",0.138888888888889,0.047934691703194,9.5,23.7,36,0.211866187738025,0.1
"31","7.1","0",0,"a",0,0.100593649117903,2.1,17.9,23,0.0581388249819421,0.1
"32","8.5","0",0,"a",0,0.0659586515224852,2.8,16.7,28,0.0614224861024591,0.1
"33","10","0",0,"a",0,0.0522995497960527,4.7,17,32,0.0774996901503023,0.1
"34","11.4","0",0,"a",0,0.0769290393721171,4.3,21.6,28,0.112729240671452,0.1
"35","12.8","0",0,"a",0,0.0937546005823487,3.9,24.6,26,0.140012256199518,0.1
"36","14.3","0",0,"a",0,0.0753105232206326,4.6,24.3,29,0.157102383106649,0.1
"37","15.7","0",0,"a",0,0.0903717858120333,4.3,27.7,27,0.184258591645921,0.1
"38","17.1","0",0,"a",0,0.107787832549183,4,31.3,25,0.21088187286358,0.1
"39","18.6","0",0,"a",0,0.0578366910425318,8.2,26.1,33,0.21088187286358,0.1
"40","20","0",0,"a",0,0.047934691703194,9.5,23.7,36,0.211866187738025,0.1
"41","7.1","1",0,"a",0,0.100593649117903,2.1,17.9,23,0.0581388249819421,0.1
"42","8.5","1",0.142857142857143,"a",0.0357142857142857,0.0659586515224852,2.8,16.7,28,0.0614224861024591,0.1
"43","10","1",0.125,"a",0.03125,0.0522995497960527,4.7,17,32,0.0774996901503023,0.1
"44","11.4","1",0.125,"a",0.0357142857142857,0.0769290393721171,4.3,21.6,28,0.112729240671452,0.1
"45","12.8","1",0.125,"a",0.0384615384615385,0.0937546005823487,3.9,24.6,26,0.140012256199518,0.1
"46","14.3","1",0.125,"a",0.0344827586206897,0.0753105232206326,4.6,24.3,29,0.157102383106649,0.1
"47","15.7","1",0.125,"a",0.037037037037037,0.0903717858120333,4.3,27.7,27,0.184258591645921,0.1
"48","17.1","1",0,"a",0,0.107787832549183,4,31.3,25,0.21088187286358,0.1
"49","18.6","1",0,"a",0,0.0578366910425318,8.2,26.1,33,0.21088187286358,0.1
"50","20","1",0.125,"a",0.0277777777777778,0.047934691703194,9.5,23.7,36,0.211866187738025,0.1
"51","7.1","2",1,"a",0.260869565217391,0.100593649117903,2.1,17.9,23,0.0581388249819421,0.1
"52","8.5","2",0.857142857142857,"a",0.214285714285714,0.0659586515224852,2.8,16.7,28,0.0614224861024591,0.1
"53","10","2",0.875,"a",0.21875,0.0522995497960527,4.7,17,32,0.0774996901503023,0.1
"54","11.4","2",0.875,"a",0.25,0.0769290393721171,4.3,21.6,28,0.112729240671452,0.1
"55","12.8","2",0.875,"a",0.269230769230769,0.0937546005823487,3.9,24.6,26,0.140012256199518,0.1
"56","14.3","2",0.875,"a",0.241379310344828,0.0753105232206326,4.6,24.3,29,0.157102383106649,0.1
"57","15.7","2",0.875,"a",0.259259259259259,0.0903717858120333,4.3,27.7,27,0.184258591645921,0.1
"58","17.1","2",1,"a",0.2,0.107787832549183,4,31.3,25,0.21088187286358,0.1
"59","18.6","2",1,"a",0.242424242424242,0.0578366910425318,8.2,26.1,33,0.21088187286358,0.1
"60","20","2",0.875,"a",0.194444444444444,0.047934691703194,9.5,23.7,36,0.211866187738025,0.1
"61","7.1","0",0.555555555555556,"n",0.434782608695652,0.105157170227255,2.1,17.9,23,0.0581388249819421,0.3
"62","8.5","0",0.4,"n",0.3,0.142567734152108,1.3,20.7,20,0.0736545834223382,0.3
"63","10","0",0.64,"n",0.533333333333333,0.0632208182614815,4,18.2,30,0.0831983826400026,0.3
"64","11.4","0",0.608695652173913,"n",0.5,0.0788911978775705,4.2,21.9,28,0.118097367795968,0.3
"65","12.8","0",0.571428571428571,"n",0.461538461538462,0.096137159502128,3.8,25.3,26,0.148256093072167,0.3
"66","14.3","0",0.5,"n",0.391304347826087,0.126201718044593,2.9,28.9,23,0.176159868286265,0.3
"67","15.7","0",0.64,"n",0.533333333333333,0.0728484126176595,5.9,25.9,30,0.184258591645921,0.3
"68","17.1","0",0.619047619047619,"n",0.5,0.103609225231982,4.8,30.7,26,0.21088187286358,0.3
"69","18.6","0",0.724137931034483,"n",0.617647058823529,0.0556749007871292,8.9,25.3,34,0.21088187286358,0.3
"70","20","0",0.7,"n",0.6,0.0530144902445169,9.2,25,35,0.218007493025617,0.3
"71","7.1","1",0.0555555555555556,"n",0.0434782608695652,0.105157170227255,2.1,17.9,23,0.0581388249819421,0.3
"72","8.5","1",0.133333333333333,"n",0.1,0.142567734152108,1.3,20.7,20,0.0736545834223382,0.3
"73","10","1",0.08,"n",0.0666666666666667,0.0632208182614815,4,18.2,30,0.0831983826400026,0.3
"74","11.4","1",0.0869565217391304,"n",0.0714285714285714,0.0788911978775705,4.2,21.9,28,0.118097367795968,0.3
"75","12.8","1",0.0952380952380952,"n",0.0769230769230769,0.096137159502128,3.8,25.3,26,0.148256093072167,0.3
"76","14.3","1",0.111111111111111,"n",0.0869565217391304,0.126201718044593,2.9,28.9,23,0.176159868286265,0.3
"77","15.7","1",0.08,"n",0.0666666666666667,0.0728484126176595,5.9,25.9,30,0.184258591645921,0.3
"78","17.1","1",0.0476190476190476,"n",0.0384615384615385,0.103609225231982,4.8,30.7,26,0.21088187286358,0.3
"79","18.6","1",0.0344827586206897,"n",0.0294117647058824,0.0556749007871292,8.9,25.3,34,0.21088187286358,0.3
"80","20","1",0.0666666666666667,"n",0.0571428571428571,0.0530144902445169,9.2,25,35,0.218007493025617,0.3
"81","7.1","2",0.388888888888889,"n",0.304347826086957,0.105157170227255,2.1,17.9,23,0.0581388249819421,0.3
"82","8.5","2",0.466666666666667,"n",0.35,0.142567734152108,1.3,20.7,20,0.0736545834223382,0.3
"83","10","2",0.28,"n",0.233333333333333,0.0632208182614815,4,18.2,30,0.0831983826400026,0.3
"84","11.4","2",0.304347826086957,"n",0.25,0.0788911978775705,4.2,21.9,28,0.118097367795968,0.3
"85","12.8","2",0.333333333333333,"n",0.269230769230769,0.096137159502128,3.8,25.3,26,0.148256093072167,0.3
"86","14.3","2",0.388888888888889,"n",0.304347826086957,0.126201718044593,2.9,28.9,23,0.176159868286265,0.3
"87","15.7","2",0.28,"n",0.233333333333333,0.0728484126176595,5.9,25.9,30,0.184258591645921,0.3
"88","17.1","2",0.333333333333333,"n",0.269230769230769,0.103609225231982,4.8,30.7,26,0.21088187286358,0.3
"89","18.6","2",0.241379310344828,"n",0.205882352941176,0.0556749007871292,8.9,25.3,34,0.21088187286358,0.3
"90","20","2",0.233333333333333,"n",0.2,0.0530144902445169,9.2,25,35,0.218007493025617,0.3
"91","7.1","0",0,"a",0,0.105157170227255,2.1,17.9,23,0.0581388249819421,0.3
"92","8.5","0",0,"a",0,0.142567734152108,1.3,20.7,20,0.0736545834223382,0.3
"93","10","0",0,"a",0,0.0632208182614815,4,18.2,30,0.0831983826400026,0.3
"94","11.4","0",0,"a",0,0.0788911978775705,4.2,21.9,28,0.118097367795968,0.3
"95","12.8","0",0,"a",0,0.096137159502128,3.8,25.3,26,0.148256093072167,0.3
"96","14.3","0",0,"a",0,0.126201718044593,2.9,28.9,23,0.176159868286265,0.3
"97","15.7","0",0,"a",0,0.0728484126176595,5.9,25.9,30,0.184258591645921,0.3
"98","17.1","0",0,"a",0,0.103609225231982,4.8,30.7,26,0.21088187286358,0.3
"99","18.6","0",0,"a",0,0.0556749007871292,8.9,25.3,34,0.21088187286358,0.3
"100","20","0",0,"a",0,0.0530144902445169,9.2,25,35,0.218007493025617,0.3
"101","7.1","1",0,"a",0,0.105157170227255,2.1,17.9,23,0.0581388249819421,0.3
"102","8.5","1",0.2,"a",0.05,0.142567734152108,1.3,20.7,20,0.0736545834223382,0.3
"103","10","1",0.2,"a",0.0333333333333333,0.0632208182614815,4,18.2,30,0.0831983826400026,0.3
"104","11.4","1",0.2,"a",0.0357142857142857,0.0788911978775705,4.2,21.9,28,0.118097367795968,0.3
"105","12.8","1",0.2,"a",0.0384615384615385,0.096137159502128,3.8,25.3,26,0.148256093072167,0.3
"106","14.3","1",0.2,"a",0.0434782608695652,0.126201718044593,2.9,28.9,23,0.176159868286265,0.3
"107","15.7","1",0.2,"a",0.0333333333333333,0.0728484126176595,5.9,25.9,30,0.184258591645921,0.3
"108","17.1","1",0,"a",0,0.103609225231982,4.8,30.7,26,0.21088187286358,0.3
"109","18.6","1",0,"a",0,0.0556749007871292,8.9,25.3,34,0.21088187286358,0.3
"110","20","1",0.2,"a",0.0285714285714286,0.0530144902445169,9.2,25,35,0.218007493025617,0.3
"111","7.1","2",1,"a",0.217391304347826,0.105157170227255,2.1,17.9,23,0.0581388249819421,0.3
"112","8.5","2",0.8,"a",0.2,0.142567734152108,1.3,20.7,20,0.0736545834223382,0.3
"113","10","2",0.8,"a",0.133333333333333,0.0632208182614815,4,18.2,30,0.0831983826400026,0.3
"114","11.4","2",0.8,"a",0.142857142857143,0.0788911978775705,4.2,21.9,28,0.118097367795968,0.3
"115","12.8","2",0.8,"a",0.153846153846154,0.096137159502128,3.8,25.3,26,0.148256093072167,0.3
"116","14.3","2",0.8,"a",0.173913043478261,0.126201718044593,2.9,28.9,23,0.176159868286265,0.3
"117","15.7","2",0.8,"a",0.133333333333333,0.0728484126176595,5.9,25.9,30,0.184258591645921,0.3
"118","17.1","2",1,"a",0.192307692307692,0.103609225231982,4.8,30.7,26,0.21088187286358,0.3
"119","18.6","2",1,"a",0.147058823529412,0.0556749007871292,8.9,25.3,34,0.21088187286358,0.3
"120","20","2",0.8,"a",0.114285714285714,0.0530144902445169,9.2,25,35,0.218007493025617,0.3
"121","7.1","0",0.578947368421053,"n",0.458333333333333,0.0989203269419862,2.3,17.6,24,0.0581388249819421,0.5
"122","8.5","0",0.294117647058824,"n",0.25,0.146421904542962,1.4,21.2,20,0.0786203689154736,0.5
"123","10","0",0.25,"n",0.210526315789474,0.165770478707071,1.1,24.1,19,0.104828335740565,0.5
"124","11.4","0",0.5,"n",0.444444444444444,0.0877406269739273,4.2,22.7,27,0.124208680632935,0.5
"125","12.8","0",0.454545454545455,"n",0.4,0.10711770591472,3.9,26.3,25,0.15642671783744,0.5
"126","14.3","0",0.4,"n",0.347826086956522,0.129430191417859,3.3,29.7,23,0.184258591645921,0.5
"127","15.7","0",0.538461538461538,"n",0.482758620689655,0.0811353650406307,5.7,27.1,29,0.192587932536918,0.5
"128","17.1","0",0.545454545454545,"n",0.461538461538462,0.106738247744405,4.8,31.4,26,0.217550925851053,0.5
"129","18.6","0",0.733333333333333,"n",0.628571428571429,0.0538198960616797,9.5,24.5,35,0.21088187286358,0.5
"130","20","0",0.675675675675676,"n",0.625,0.0368805051294322,12.3,20.1,40,0.21088187286358,0.5
"131","7.1","1",0.0526315789473684,"n",0.0416666666666667,0.0989203269419862,2.3,17.6,24,0.0581388249819421,0.5
"132","8.5","1",0.294117647058824,"n",0.25,0.146421904542962,1.4,21.2,20,0.0786203689154736,0.5
"133","10","1",0.25,"n",0.210526315789474,0.165770478707071,1.1,24.1,19,0.104828335740565,0.5
"134","11.4","1",0.208333333333333,"n",0.185185185185185,0.0877406269739273,4.2,22.7,27,0.124208680632935,0.5
"135","12.8","1",0.227272727272727,"n",0.2,0.10711770591472,3.9,26.3,25,0.15642671783744,0.5
"136","14.3","1",0.25,"n",0.217391304347826,0.129430191417859,3.3,29.7,23,0.184258591645921,0.5
"137","15.7","1",0.153846153846154,"n",0.137931034482759,0.0811353650406307,5.7,27.1,29,0.192587932536918,0.5
"138","17.1","1",0.0909090909090909,"n",0.0769230769230769,0.106738247744405,4.8,31.4,26,0.217550925851053,0.5
"139","18.6","1",0.0333333333333333,"n",0.0285714285714286,0.0538198960616797,9.5,24.5,35,0.21088187286358,0.5
"140","20","1",0.135135135135135,"n",0.125,0.0368805051294322,12.3,20.1,40,0.21088187286358,0.5
"141","7.1","2",0.368421052631579,"n",0.291666666666667,0.0989203269419862,2.3,17.6,24,0.0581388249819421,0.5
"142","8.5","2",0.411764705882353,"n",0.35,0.146421904542962,1.4,21.2,20,0.0786203689154736,0.5
"143","10","2",0.5,"n",0.421052631578947,0.165770478707071,1.1,24.1,19,0.104828335740565,0.5
"144","11.4","2",0.291666666666667,"n",0.259259259259259,0.0877406269739273,4.2,22.7,27,0.124208680632935,0.5
"145","12.8","2",0.318181818181818,"n",0.28,0.10711770591472,3.9,26.3,25,0.15642671783744,0.5
"146","14.3","2",0.35,"n",0.304347826086957,0.129430191417859,3.3,29.7,23,0.184258591645921,0.5
"147","15.7","2",0.307692307692308,"n",0.275862068965517,0.0811353650406307,5.7,27.1,29,0.192587932536918,0.5
"148","17.1","2",0.363636363636364,"n",0.307692307692308,0.106738247744405,4.8,31.4,26,0.217550925851053,0.5
"149","18.6","2",0.233333333333333,"n",0.2,0.0538198960616797,9.5,24.5,35,0.21088187286358,0.5
"150","20","2",0.189189189189189,"n",0.175,0.0368805051294322,12.3,20.1,40,0.21088187286358,0.5
"151","7.1","0",0,"a",0,0.0989203269419862,2.3,17.6,24,0.0581388249819421,0.5
"152","8.5","0",0,"a",0,0.146421904542962,1.4,21.2,20,0.0786203689154736,0.5
"153","10","0",0,"a",0,0.165770478707071,1.1,24.1,19,0.104828335740565,0.5
"154","11.4","0",0,"a",0,0.0877406269739273,4.2,22.7,27,0.124208680632935,0.5
"155","12.8","0",0,"a",0,0.10711770591472,3.9,26.3,25,0.15642671783744,0.5
"156","14.3","0",0,"a",0,0.129430191417859,3.3,29.7,23,0.184258591645921,0.5
"157","15.7","0",0,"a",0,0.0811353650406307,5.7,27.1,29,0.192587932536918,0.5
"158","17.1","0",0,"a",0,0.106738247744405,4.8,31.4,26,0.217550925851053,0.5
"159","18.6","0",0,"a",0,0.0538198960616797,9.5,24.5,35,0.21088187286358,0.5
"160","20","0",0,"a",0,0.0368805051294322,12.3,20.1,40,0.21088187286358,0.5
"161","7.1","1",0,"a",0,0.0989203269419862,2.3,17.6,24,0.0581388249819421,0.5
"162","8.5","1",0,"a",0,0.146421904542962,1.4,21.2,20,0.0786203689154736,0.5
"163","10","1",0.333333333333333,"a",0.0526315789473684,0.165770478707071,1.1,24.1,19,0.104828335740565,0.5
"164","11.4","1",0,"a",0,0.0877406269739273,4.2,22.7,27,0.124208680632935,0.5
"165","12.8","1",0,"a",0,0.10711770591472,3.9,26.3,25,0.15642671783744,0.5
"166","14.3","1",0,"a",0,0.129430191417859,3.3,29.7,23,0.184258591645921,0.5
"167","15.7","1",0.333333333333333,"a",0.0344827586206897,0.0811353650406307,5.7,27.1,29,0.192587932536918,0.5
"168","17.1","1",0.25,"a",0.0384615384615385,0.106738247744405,4.8,31.4,26,0.217550925851053,0.5
"169","18.6","1",0,"a",0,0.0538198960616797,9.5,24.5,35,0.21088187286358,0.5
"170","20","1",0,"a",0,0.0368805051294322,12.3,20.1,40,0.21088187286358,0.5
"171","7.1","2",1,"a",0.208333333333333,0.0989203269419862,2.3,17.6,24,0.0581388249819421,0.5
"172","8.5","2",1,"a",0.15,0.146421904542962,1.4,21.2,20,0.0786203689154736,0.5
"173","10","2",0.666666666666667,"a",0.105263157894737,0.165770478707071,1.1,24.1,19,0.104828335740565,0.5
"174","11.4","2",1,"a",0.111111111111111,0.0877406269739273,4.2,22.7,27,0.124208680632935,0.5
"175","12.8","2",1,"a",0.12,0.10711770591472,3.9,26.3,25,0.15642671783744,0.5
"176","14.3","2",1,"a",0.130434782608696,0.129430191417859,3.3,29.7,23,0.184258591645921,0.5
"177","15.7","2",0.666666666666667,"a",0.0689655172413793,0.0811353650406307,5.7,27.1,29,0.192587932536918,0.5
"178","17.1","2",0.75,"a",0.115384615384615,0.106738247744405,4.8,31.4,26,0.217550925851053,0.5
"179","18.6","2",1,"a",0.142857142857143,0.0538198960616797,9.5,24.5,35,0.21088187286358,0.5
"180","20","2",1,"a",0.075,0.0368805051294322,12.3,20.1,40,0.21088187286358,0.5
"181","7.1","0",0,"n",0,0.0922820804289162,2.5,17.3,25,0.0581388249819421,0.7
"182","8.5","0",0,"n",0,0.0823237120771378,2.9,18.6,27,0.0736545834223382,0.7
"183","10","0",0,"n",0,0.101647663190564,2.8,21.9,25,0.101598148942839,0.7
"184","11.4","0",0,"n",0,0.14906795796314,2.2,26.4,21,0.137256635097068,0.7
"185","12.8","0",0,"n",0,0.113081006125774,3.8,26.1,25,0.153715160504045,0.7
"186","14.3","0",0.375,"n",0.107142857142857,0.0906440749767478,4.8,26,28,0.171671818550309,0.7
"187","15.7","0",0,"n",0,0.0794715129010736,5.8,26.1,30,0.187280491497631,0.7
"188","17.1","0",0,"n",0,0.111948448715234,4.7,31.2,26,0.216165370515567,0.7
"189","18.6","0",0,"n",0,0.0513913734776008,10.3,23.7,36,0.21088187286358,0.7
"190","20","0",0,"n",0,0.00931282989546078,24,0,59,0.165145077782046,0.7
"191","7.1","1",0,"n",0,0.0922820804289162,2.5,17.3,25,0.0581388249819421,0.7
"192","8.5","1",0.6,"n",0.111111111111111,0.0823237120771378,2.9,18.6,27,0.0736545834223382,0.7
"193","10","1",0.6,"n",0.12,0.101647663190564,2.8,21.9,25,0.101598148942839,0.7
"194","11.4","1",0.6,"n",0.142857142857143,0.14906795796314,2.2,26.4,21,0.137256635097068,0.7
"195","12.8","1",0,"n",0,0.113081006125774,3.8,26.1,25,0.153715160504045,0.7
"196","14.3","1",0,"n",0,0.0906440749767478,4.8,26,28,0.171671818550309,0.7
"197","15.7","1",0.2,"n",0.0333333333333333,0.0794715129010736,5.8,26.1,30,0.187280491497631,0.7
"198","17.1","1",0.2,"n",0.0384615384615385,0.111948448715234,4.7,31.2,26,0.216165370515567,0.7
"199","18.6","1",0.2,"n",0.0277777777777778,0.0513913734776008,10.3,23.7,36,0.21088187286358,0.7
"200","20","1",0.2,"n",0.0169491525423729,0.00931282989546078,24,0,59,0.165145077782046,0.7
"201","7.1","2",1,"n",0.2,0.0922820804289162,2.5,17.3,25,0.0581388249819421,0.7
"202","8.5","2",0.4,"n",0.0740740740740741,0.0823237120771378,2.9,18.6,27,0.0736545834223382,0.7
"203","10","2",0.4,"n",0.08,0.101647663190564,2.8,21.9,25,0.101598148942839,0.7
"204","11.4","2",0.4,"n",0.0952380952380952,0.14906795796314,2.2,26.4,21,0.137256635097068,0.7
"205","12.8","2",1,"n",0.2,0.113081006125774,3.8,26.1,25,0.153715160504045,0.7
"206","14.3","2",0.625,"n",0.178571428571429,0.0906440749767478,4.8,26,28,0.171671818550309,0.7
"207","15.7","2",0.8,"n",0.133333333333333,0.0794715129010736,5.8,26.1,30,0.187280491497631,0.7
"208","17.1","2",0.8,"n",0.153846153846154,0.111948448715234,4.7,31.2,26,0.216165370515567,0.7
"209","18.6","2",0.8,"n",0.111111111111111,0.0513913734776008,10.3,23.7,36,0.21088187286358,0.7
"210","20","2",0.8,"n",0.0677966101694915,0.00931282989546078,24,0,59,0.165145077782046,0.7
"211","7.1","0",0.6,"a",0.48,0.0922820804289162,2.5,17.3,25,0.0581388249819421,0.7
"212","8.5","0",0.590909090909091,"a",0.481481481481481,0.0823237120771378,2.9,18.6,27,0.0736545834223382,0.7
"213","10","0",0.55,"a",0.44,0.101647663190564,2.8,21.9,25,0.101598148942839,0.7
"214","11.4","0",0.4375,"a",0.333333333333333,0.14906795796314,2.2,26.4,21,0.137256635097068,0.7
"215","12.8","0",0.6,"a",0.48,0.113081006125774,3.8,26.1,25,0.153715160504045,0.7
"216","14.3","0",0.6,"a",0.428571428571429,0.0906440749767478,4.8,26,28,0.171671818550309,0.7
"217","15.7","0",0.68,"a",0.566666666666667,0.0794715129010736,5.8,26.1,30,0.187280491497631,0.7
"218","17.1","0",0.619047619047619,"a",0.5,0.111948448715234,4.7,31.2,26,0.216165370515567,0.7
"219","18.6","0",0.741935483870968,"a",0.638888888888889,0.0513913734776008,10.3,23.7,36,0.21088187286358,0.7
"220","20","0",0.851851851851852,"a",0.779661016949153,0.00931282989546078,24,0,59,0.165145077782046,0.7
"221","7.1","1",0.05,"a",0.04,0.0922820804289162,2.5,17.3,25,0.0581388249819421,0.7
"222","8.5","1",0,"a",0,0.0823237120771378,2.9,18.6,27,0.0736545834223382,0.7
"223","10","1",0,"a",0,0.101647663190564,2.8,21.9,25,0.101598148942839,0.7
"224","11.4","1",0,"a",0,0.14906795796314,2.2,26.4,21,0.137256635097068,0.7
"225","12.8","1",0.05,"a",0.04,0.113081006125774,3.8,26.1,25,0.153715160504045,0.7
"226","14.3","1",0.05,"a",0.0357142857142857,0.0906440749767478,4.8,26,28,0.171671818550309,0.7
"227","15.7","1",0,"a",0,0.0794715129010736,5.8,26.1,30,0.187280491497631,0.7
"228","17.1","1",0,"a",0,0.111948448715234,4.7,31.2,26,0.216165370515567,0.7
"229","18.6","1",0,"a",0,0.0513913734776008,10.3,23.7,36,0.21088187286358,0.7
"230","20","1",0,"a",0,0.00931282989546078,24,0,59,0.165145077782046,0.7
"231","7.1","2",0.35,"a",0.28,0.0922820804289162,2.5,17.3,25,0.0581388249819421,0.7
"232","8.5","2",0.409090909090909,"a",0.333333333333333,0.0823237120771378,2.9,18.6,27,0.0736545834223382,0.7
"233","10","2",0.45,"a",0.36,0.101647663190564,2.8,21.9,25,0.101598148942839,0.7
"234","11.4","2",0.5625,"a",0.428571428571429,0.14906795796314,2.2,26.4,21,0.137256635097068,0.7
"235","12.8","2",0.35,"a",0.28,0.113081006125774,3.8,26.1,25,0.153715160504045,0.7
"236","14.3","2",0.35,"a",0.25,0.0906440749767478,4.8,26,28,0.171671818550309,0.7
"237","15.7","2",0.32,"a",0.266666666666667,0.0794715129010736,5.8,26.1,30,0.187280491497631,0.7
"238","17.1","2",0.380952380952381,"a",0.307692307692308,0.111948448715234,4.7,31.2,26,0.216165370515567,0.7
"239","18.6","2",0.258064516129032,"a",0.222222222222222,0.0513913734776008,10.3,23.7,36,0.21088187286358,0.7
"240","20","2",0.148148148148148,"a",0.135593220338983,0.00931282989546078,24,0,59,0.165145077782046,0.7
"241","7.1","0",0.588235294117647,"n",0.4,0.0967693381856984,2.5,17.3,25,0.0581388249819421,0.9
"242","8.5","0",0,"n",0,0.170988207293193,1.3,21.9,19,0.0831983826400026,0.9
"243","10","0",0,"n",0,0.117135299854535,2.5,22.3,24,0.101598148942839,0.9
"244","11.4","0",0,"n",0,0.156830234502475,2.3,26.4,21,0.137256635097068,0.9
"245","12.8","0",0,"n",0,0.124271934769413,3.6,27,24,0.16046578081793,0.9
"246","14.3","0",0.2,"n",0.0769230769230769,0.108119161157869,4.4,28,26,0.18180159202578,0.9
"247","15.7","0",0,"n",0,0.0884005784041819,5.9,27.1,29,0.192587932536918,0.9
"248","17.1","0",0.5,"n",0.241379310344828,0.0893530779961461,6.3,29.1,29,0.21332296355735,0.9
"249","18.6","0",0.5,"n",0.2,0.0560436101172308,9.9,25,35,0.217550925851053,0.9
"250","20","0",0.880952380952381,"n",0.627118644067797,0.009491368739885,24.6,0,59,0.169162279131406,0.9
"251","7.1","1",0,"n",0,0.0967693381856984,2.5,17.3,25,0.0581388249819421,0.9
"252","8.5","1",0.125,"n",0.0526315789473684,0.170988207293193,1.3,21.9,19,0.0831983826400026,0.9
"253","10","1",0,"n",0,0.117135299854535,2.5,22.3,24,0.101598148942839,0.9
"254","11.4","1",0,"n",0,0.156830234502475,2.3,26.4,21,0.137256635097068,0.9
"255","12.8","1",0.125,"n",0.0416666666666667,0.124271934769413,3.6,27,24,0.16046578081793,0.9
"256","14.3","1",0.1,"n",0.0384615384615385,0.108119161157869,4.4,28,26,0.18180159202578,0.9
"257","15.7","1",0,"n",0,0.0884005784041819,5.9,27.1,29,0.192587932536918,0.9
"258","17.1","1",0,"n",0,0.0893530779961461,6.3,29.1,29,0.21332296355735,0.9
"259","18.6","1",0,"n",0,0.0560436101172308,9.9,25,35,0.217550925851053,0.9
"260","20","1",0,"n",0,0.009491368739885,24.6,0,59,0.169162279131406,0.9
"261","7.1","2",0.411764705882353,"n",0.28,0.0967693381856984,2.5,17.3,25,0.0581388249819421,0.9
"262","8.5","2",0.875,"n",0.368421052631579,0.170988207293193,1.3,21.9,19,0.0831983826400026,0.9
"263","10","2",1,"n",0.208333333333333,0.117135299854535,2.5,22.3,24,0.101598148942839,0.9
"264","11.4","2",1,"n",0.238095238095238,0.156830234502475,2.3,26.4,21,0.137256635097068,0.9
"265","12.8","2",0.875,"n",0.291666666666667,0.124271934769413,3.6,27,24,0.16046578081793,0.9
"266","14.3","2",0.7,"n",0.269230769230769,0.108119161157869,4.4,28,26,0.18180159202578,0.9
"267","15.7","2",1,"n",0.172413793103448,0.0884005784041819,5.9,27.1,29,0.192587932536918,0.9
"268","17.1","2",0.5,"n",0.241379310344828,0.0893530779961461,6.3,29.1,29,0.21332296355735,0.9
"269","18.6","2",0.5,"n",0.2,0.0560436101172308,9.9,25,35,0.217550925851053,0.9
"270","20","2",0.119047619047619,"n",0.0847457627118644,0.009491368739885,24.6,0,59,0.169162279131406,0.9
"271","7.1","0",0.25,"a",0.08,0.0967693381856984,2.5,17.3,25,0.0581388249819421,0.9
"272","8.5","0",0.454545454545455,"a",0.263157894736842,0.170988207293193,1.3,21.9,19,0.0831983826400026,0.9
"273","10","0",0.578947368421053,"a",0.458333333333333,0.117135299854535,2.5,22.3,24,0.101598148942839,0.9
"274","11.4","0",0.5,"a",0.380952380952381,0.156830234502475,2.3,26.4,21,0.137256635097068,0.9
"275","12.8","0",0.625,"a",0.416666666666667,0.124271934769413,3.6,27,24,0.16046578081793,0.9
"276","14.3","0",0.625,"a",0.384615384615385,0.108119161157869,4.4,28,26,0.18180159202578,0.9
"277","15.7","0",0.666666666666667,"a",0.551724137931034,0.0884005784041819,5.9,27.1,29,0.192587932536918,0.9
"278","17.1","0",0.6,"a",0.310344827586207,0.0893530779961461,6.3,29.1,29,0.21332296355735,0.9
"279","18.6","0",0.714285714285714,"a",0.428571428571429,0.0560436101172308,9.9,25,35,0.217550925851053,0.9
"280","20","0",0.529411764705882,"a",0.152542372881356,0.009491368739885,24.6,0,59,0.169162279131406,0.9
"281","7.1","1",0.125,"a",0.04,0.0967693381856984,2.5,17.3,25,0.0581388249819421,0.9
"282","8.5","1",0.181818181818182,"a",0.105263157894737,0.170988207293193,1.3,21.9,19,0.0831983826400026,0.9
"283","10","1",0.0526315789473684,"a",0.0416666666666667,0.117135299854535,2.5,22.3,24,0.101598148942839,0.9
"284","11.4","1",0.0625,"a",0.0476190476190476,0.156830234502475,2.3,26.4,21,0.137256635097068,0.9
"285","12.8","1",0.125,"a",0.0833333333333333,0.124271934769413,3.6,27,24,0.16046578081793,0.9
"286","14.3","1",0.125,"a",0.0769230769230769,0.108119161157869,4.4,28,26,0.18180159202578,0.9
"287","15.7","1",0.0416666666666667,"a",0.0344827586206897,0.0884005784041819,5.9,27.1,29,0.192587932536918,0.9
"288","17.1","1",0.0666666666666667,"a",0.0344827586206897,0.0893530779961461,6.3,29.1,29,0.21332296355735,0.9
"289","18.6","1",0.0476190476190476,"a",0.0285714285714286,0.0560436101172308,9.9,25,35,0.217550925851053,0.9
"290","20","1",0.0588235294117647,"a",0.0169491525423729,0.009491368739885,24.6,0,59,0.169162279131406,0.9
"291","7.1","2",0.625,"a",0.2,0.0967693381856984,2.5,17.3,25,0.0581388249819421,0.9
"292","8.5","2",0.363636363636364,"a",0.210526315789474,0.170988207293193,1.3,21.9,19,0.0831983826400026,0.9
"293","10","2",0.368421052631579,"a",0.291666666666667,0.117135299854535,2.5,22.3,24,0.101598148942839,0.9
"294","11.4","2",0.4375,"a",0.333333333333333,0.156830234502475,2.3,26.4,21,0.137256635097068,0.9
"295","12.8","2",0.25,"a",0.166666666666667,0.124271934769413,3.6,27,24,0.16046578081793,0.9
"296","14.3","2",0.25,"a",0.153846153846154,0.108119161157869,4.4,28,26,0.18180159202578,0.9
"297","15.7","2",0.291666666666667,"a",0.241379310344828,0.0884005784041819,5.9,27.1,29,0.192587932536918,0.9
"298","17.1","2",0.333333333333333,"a",0.172413793103448,0.0893530779961461,6.3,29.1,29,0.21332296355735,0.9
"299","18.6","2",0.238095238095238,"a",0.142857142857143,0.0560436101172308,9.9,25,35,0.217550925851053,0.9
"300","20","2",0.411764705882353,"a",0.11864406779661,0.009491368739885,24.6,0,59,0.169162279131406,0.9
