"","Wstart","Beh","p","h","p.tot","S.cum.riv","G.riv","G.ocean","dur","Fit","qa","qn","qn_qa"
"1","7.1","0",0.619047619047619,"n",0.5,0.0797136571941524,3.4,13.8,26,0.00986958497301749,0.5,1,2
"2","8.5","0",0.6,"n",0.48,0.0880958824485456,3.2,14.3,25,0.00996711226403505,0.5,1,2
"3","10","0",0.6,"n",0.48,0.0885311075984768,3.2,14.3,25,0.0100655292875077,0.5,1,2
"4","11.4","0",0.6,"n",0.48,0.0889603268756604,3.2,14.4,25,0.0102631153053862,0.5,1,2
"5","12.8","0",0.6,"n",0.48,0.0883121747025667,3.2,14.6,25,0.0103642675006198,0.5,1,2
"6","14.3","0",0.545454545454545,"n",0.461538461538462,0.0807651592159544,3.4,14.4,26,0.0104663419582044,0.5,1,2
"7","15.7","0",0.428571428571429,"n",0.375,0.0955652587144869,3.5,15.1,24,0.0105693470598451,0.5,1,2
"8","17.1","0",0.454545454545455,"n",0.4,0.0874000858591923,3.7,15,25,0.0106732912198838,0.5,1,2
"9","18.6","0",0.428571428571429,"n",0.375,0.0963869011273017,3.5,15.3,24,0.0107781828864733,0.5,1,2
"10","20","0",0.454545454545455,"n",0.4,0.0881693572914608,3.7,15,25,0.0108840305426691,0.5,1,2
"11","7.1","1",0,"n",0,0.0797136571941524,3.4,13.8,26,0.00986958497301749,0.5,1,2
"12","8.5","1",0,"n",0,0.0880958824485456,3.2,14.3,25,0.00996711226403505,0.5,1,2
"13","10","1",0,"n",0,0.0885311075984768,3.2,14.3,25,0.0100655292875077,0.5,1,2
"14","11.4","1",0,"n",0,0.0889603268756604,3.2,14.4,25,0.0102631153053862,0.5,1,2
"15","12.8","1",0.05,"n",0.04,0.0883121747025667,3.2,14.6,25,0.0103642675006198,0.5,1,2
"16","14.3","1",0.0909090909090909,"n",0.0769230769230769,0.0807651592159544,3.4,14.4,26,0.0104663419582044,0.5,1,2
"17","15.7","1",0.238095238095238,"n",0.208333333333333,0.0955652587144869,3.5,15.1,24,0.0105693470598451,0.5,1,2
"18","17.1","1",0.227272727272727,"n",0.2,0.0874000858591923,3.7,15,25,0.0106732912198838,0.5,1,2
"19","18.6","1",0.238095238095238,"n",0.208333333333333,0.0963869011273017,3.5,15.3,24,0.0107781828864733,0.5,1,2
"20","20","1",0.227272727272727,"n",0.2,0.0881693572914608,3.7,15,25,0.0108840305426691,0.5,1,2
"21","7.1","2",0.380952380952381,"n",0.307692307692308,0.0797136571941524,3.4,13.8,26,0.00986958497301749,0.5,1,2
"22","8.5","2",0.4,"n",0.32,0.0880958824485456,3.2,14.3,25,0.00996711226403505,0.5,1,2
"23","10","2",0.4,"n",0.32,0.0885311075984768,3.2,14.3,25,0.0100655292875077,0.5,1,2
"24","11.4","2",0.4,"n",0.32,0.0889603268756604,3.2,14.4,25,0.0102631153053862,0.5,1,2
"25","12.8","2",0.35,"n",0.28,0.0883121747025667,3.2,14.6,25,0.0103642675006198,0.5,1,2
"26","14.3","2",0.363636363636364,"n",0.307692307692308,0.0807651592159544,3.4,14.4,26,0.0104663419582044,0.5,1,2
"27","15.7","2",0.333333333333333,"n",0.291666666666667,0.0955652587144869,3.5,15.1,24,0.0105693470598451,0.5,1,2
"28","17.1","2",0.318181818181818,"n",0.28,0.0874000858591923,3.7,15,25,0.0106732912198838,0.5,1,2
"29","18.6","2",0.333333333333333,"n",0.291666666666667,0.0963869011273017,3.5,15.3,24,0.0107781828864733,0.5,1,2
"30","20","2",0.318181818181818,"n",0.28,0.0881693572914608,3.7,15,25,0.0108840305426691,0.5,1,2
"31","7.1","0",0,"a",0,0.0797136571941524,3.4,13.8,26,0.00986958497301749,0.5,1,2
"32","8.5","0",0,"a",0,0.0880958824485456,3.2,14.3,25,0.00996711226403505,0.5,1,2
"33","10","0",0,"a",0,0.0885311075984768,3.2,14.3,25,0.0100655292875077,0.5,1,2
"34","11.4","0",0,"a",0,0.0889603268756604,3.2,14.4,25,0.0102631153053862,0.5,1,2
"35","12.8","0",0,"a",0,0.0883121747025667,3.2,14.6,25,0.0103642675006198,0.5,1,2
"36","14.3","0",0,"a",0,0.0807651592159544,3.4,14.4,26,0.0104663419582044,0.5,1,2
"37","15.7","0",0,"a",0,0.0955652587144869,3.5,15.1,24,0.0105693470598451,0.5,1,2
"38","17.1","0",0,"a",0,0.0874000858591923,3.7,15,25,0.0106732912198838,0.5,1,2
"39","18.6","0",0,"a",0,0.0963869011273017,3.5,15.3,24,0.0107781828864733,0.5,1,2
"40","20","0",0,"a",0,0.0881693572914608,3.7,15,25,0.0108840305426691,0.5,1,2
"41","7.1","1",0,"a",0,0.0797136571941524,3.4,13.8,26,0.00986958497301749,0.5,1,2
"42","8.5","1",0,"a",0,0.0880958824485456,3.2,14.3,25,0.00996711226403505,0.5,1,2
"43","10","1",0,"a",0,0.0885311075984768,3.2,14.3,25,0.0100655292875077,0.5,1,2
"44","11.4","1",0,"a",0,0.0889603268756604,3.2,14.4,25,0.0102631153053862,0.5,1,2
"45","12.8","1",0,"a",0,0.0883121747025667,3.2,14.6,25,0.0103642675006198,0.5,1,2
"46","14.3","1",0,"a",0,0.0807651592159544,3.4,14.4,26,0.0104663419582044,0.5,1,2
"47","15.7","1",0,"a",0,0.0955652587144869,3.5,15.1,24,0.0105693470598451,0.5,1,2
"48","17.1","1",0,"a",0,0.0874000858591923,3.7,15,25,0.0106732912198838,0.5,1,2
"49","18.6","1",0,"a",0,0.0963869011273017,3.5,15.3,24,0.0107781828864733,0.5,1,2
"50","20","1",0,"a",0,0.0881693572914608,3.7,15,25,0.0108840305426691,0.5,1,2
"51","7.1","2",1,"a",0.192307692307692,0.0797136571941524,3.4,13.8,26,0.00986958497301749,0.5,1,2
"52","8.5","2",1,"a",0.2,0.0880958824485456,3.2,14.3,25,0.00996711226403505,0.5,1,2
"53","10","2",1,"a",0.2,0.0885311075984768,3.2,14.3,25,0.0100655292875077,0.5,1,2
"54","11.4","2",1,"a",0.2,0.0889603268756604,3.2,14.4,25,0.0102631153053862,0.5,1,2
"55","12.8","2",1,"a",0.2,0.0883121747025667,3.2,14.6,25,0.0103642675006198,0.5,1,2
"56","14.3","2",1,"a",0.153846153846154,0.0807651592159544,3.4,14.4,26,0.0104663419582044,0.5,1,2
"57","15.7","2",1,"a",0.125,0.0955652587144869,3.5,15.1,24,0.0105693470598451,0.5,1,2
"58","17.1","2",1,"a",0.12,0.0874000858591923,3.7,15,25,0.0106732912198838,0.5,1,2
"59","18.6","2",1,"a",0.125,0.0963869011273017,3.5,15.3,24,0.0107781828864733,0.5,1,2
"60","20","2",1,"a",0.12,0.0881693572914608,3.7,15,25,0.0108840305426691,0.5,1,2
"61","7.1","0",0.6,"n",0.48,0.0876544933811112,3.2,14.1,25,0.00986958497301749,0.6,1,1.66666666666667
"62","8.5","0",0.6,"n",0.48,0.0870391389081885,3.2,14.3,25,0.00996711226403505,0.6,1,1.66666666666667
"63","10","0",0.6,"n",0.48,0.0874691537794986,3.2,14.3,25,0.0100655292875077,0.6,1,1.66666666666667
"64","11.4","0",0.6,"n",0.48,0.0878932347270126,3.2,14.4,25,0.0102631153053862,0.6,1,1.66666666666667
"65","12.8","0",0.6,"n",0.48,0.0883121747025667,3.2,14.6,25,0.0103642675006198,0.6,1,1.66666666666667
"66","14.3","0",0.545454545454545,"n",0.461538461538462,0.0797963874394652,3.4,14.4,26,0.0104663419582044,0.6,1,1.66666666666667
"67","15.7","0",0.428571428571429,"n",0.375,0.0955652587144869,3.5,15.1,24,0.0105693470598451,0.6,1,1.66666666666667
"68","17.1","0",0.454545454545455,"n",0.4,0.0874000858591923,3.7,15,25,0.0106732912198838,0.6,1,1.66666666666667
"69","18.6","0",0.428571428571429,"n",0.375,0.0963869011273017,3.5,15.3,24,0.0107781828864733,0.6,1,1.66666666666667
"70","20","0",0.454545454545455,"n",0.4,0.0881693572914608,3.7,15,25,0.0108840305426691,0.6,1,1.66666666666667
"71","7.1","1",0,"n",0,0.0876544933811112,3.2,14.1,25,0.00986958497301749,0.6,1,1.66666666666667
"72","8.5","1",0,"n",0,0.0870391389081885,3.2,14.3,25,0.00996711226403505,0.6,1,1.66666666666667
"73","10","1",0,"n",0,0.0874691537794986,3.2,14.3,25,0.0100655292875077,0.6,1,1.66666666666667
"74","11.4","1",0,"n",0,0.0878932347270126,3.2,14.4,25,0.0102631153053862,0.6,1,1.66666666666667
"75","12.8","1",0.05,"n",0.04,0.0883121747025667,3.2,14.6,25,0.0103642675006198,0.6,1,1.66666666666667
"76","14.3","1",0.0909090909090909,"n",0.0769230769230769,0.0797963874394652,3.4,14.4,26,0.0104663419582044,0.6,1,1.66666666666667
"77","15.7","1",0.238095238095238,"n",0.208333333333333,0.0955652587144869,3.5,15.1,24,0.0105693470598451,0.6,1,1.66666666666667
"78","17.1","1",0.227272727272727,"n",0.2,0.0874000858591923,3.7,15,25,0.0106732912198838,0.6,1,1.66666666666667
"79","18.6","1",0.238095238095238,"n",0.208333333333333,0.0963869011273017,3.5,15.3,24,0.0107781828864733,0.6,1,1.66666666666667
"80","20","1",0.227272727272727,"n",0.2,0.0881693572914608,3.7,15,25,0.0108840305426691,0.6,1,1.66666666666667
"81","7.1","2",0.4,"n",0.32,0.0876544933811112,3.2,14.1,25,0.00986958497301749,0.6,1,1.66666666666667
"82","8.5","2",0.4,"n",0.32,0.0870391389081885,3.2,14.3,25,0.00996711226403505,0.6,1,1.66666666666667
"83","10","2",0.4,"n",0.32,0.0874691537794986,3.2,14.3,25,0.0100655292875077,0.6,1,1.66666666666667
"84","11.4","2",0.4,"n",0.32,0.0878932347270126,3.2,14.4,25,0.0102631153053862,0.6,1,1.66666666666667
"85","12.8","2",0.35,"n",0.28,0.0883121747025667,3.2,14.6,25,0.0103642675006198,0.6,1,1.66666666666667
"86","14.3","2",0.363636363636364,"n",0.307692307692308,0.0797963874394652,3.4,14.4,26,0.0104663419582044,0.6,1,1.66666666666667
"87","15.7","2",0.333333333333333,"n",0.291666666666667,0.0955652587144869,3.5,15.1,24,0.0105693470598451,0.6,1,1.66666666666667
"88","17.1","2",0.318181818181818,"n",0.28,0.0874000858591923,3.7,15,25,0.0106732912198838,0.6,1,1.66666666666667
"89","18.6","2",0.333333333333333,"n",0.291666666666667,0.0963869011273017,3.5,15.3,24,0.0107781828864733,0.6,1,1.66666666666667
"90","20","2",0.318181818181818,"n",0.28,0.0881693572914608,3.7,15,25,0.0108840305426691,0.6,1,1.66666666666667
"91","7.1","0",0,"a",0,0.0876544933811112,3.2,14.1,25,0.00986958497301749,0.6,1,1.66666666666667
"92","8.5","0",0,"a",0,0.0870391389081885,3.2,14.3,25,0.00996711226403505,0.6,1,1.66666666666667
"93","10","0",0,"a",0,0.0874691537794986,3.2,14.3,25,0.0100655292875077,0.6,1,1.66666666666667
"94","11.4","0",0,"a",0,0.0878932347270126,3.2,14.4,25,0.0102631153053862,0.6,1,1.66666666666667
"95","12.8","0",0,"a",0,0.0883121747025667,3.2,14.6,25,0.0103642675006198,0.6,1,1.66666666666667
"96","14.3","0",0,"a",0,0.0797963874394652,3.4,14.4,26,0.0104663419582044,0.6,1,1.66666666666667
"97","15.7","0",0,"a",0,0.0955652587144869,3.5,15.1,24,0.0105693470598451,0.6,1,1.66666666666667
"98","17.1","0",0,"a",0,0.0874000858591923,3.7,15,25,0.0106732912198838,0.6,1,1.66666666666667
"99","18.6","0",0,"a",0,0.0963869011273017,3.5,15.3,24,0.0107781828864733,0.6,1,1.66666666666667
"100","20","0",0,"a",0,0.0881693572914608,3.7,15,25,0.0108840305426691,0.6,1,1.66666666666667
"101","7.1","1",0,"a",0,0.0876544933811112,3.2,14.1,25,0.00986958497301749,0.6,1,1.66666666666667
"102","8.5","1",0.2,"a",0.04,0.0870391389081885,3.2,14.3,25,0.00996711226403505,0.6,1,1.66666666666667
"103","10","1",0.2,"a",0.04,0.0874691537794986,3.2,14.3,25,0.0100655292875077,0.6,1,1.66666666666667
"104","11.4","1",0.2,"a",0.04,0.0878932347270126,3.2,14.4,25,0.0102631153053862,0.6,1,1.66666666666667
"105","12.8","1",0,"a",0,0.0883121747025667,3.2,14.6,25,0.0103642675006198,0.6,1,1.66666666666667
"106","14.3","1",0.25,"a",0.0384615384615385,0.0797963874394652,3.4,14.4,26,0.0104663419582044,0.6,1,1.66666666666667
"107","15.7","1",0,"a",0,0.0955652587144869,3.5,15.1,24,0.0105693470598451,0.6,1,1.66666666666667
"108","17.1","1",0,"a",0,0.0874000858591923,3.7,15,25,0.0106732912198838,0.6,1,1.66666666666667
"109","18.6","1",0,"a",0,0.0963869011273017,3.5,15.3,24,0.0107781828864733,0.6,1,1.66666666666667
"110","20","1",0,"a",0,0.0881693572914608,3.7,15,25,0.0108840305426691,0.6,1,1.66666666666667
"111","7.1","2",1,"a",0.2,0.0876544933811112,3.2,14.1,25,0.00986958497301749,0.6,1,1.66666666666667
"112","8.5","2",0.8,"a",0.16,0.0870391389081885,3.2,14.3,25,0.00996711226403505,0.6,1,1.66666666666667
"113","10","2",0.8,"a",0.16,0.0874691537794986,3.2,14.3,25,0.0100655292875077,0.6,1,1.66666666666667
"114","11.4","2",0.8,"a",0.16,0.0878932347270126,3.2,14.4,25,0.0102631153053862,0.6,1,1.66666666666667
"115","12.8","2",1,"a",0.2,0.0883121747025667,3.2,14.6,25,0.0103642675006198,0.6,1,1.66666666666667
"116","14.3","2",0.75,"a",0.115384615384615,0.0797963874394652,3.4,14.4,26,0.0104663419582044,0.6,1,1.66666666666667
"117","15.7","2",1,"a",0.125,0.0955652587144869,3.5,15.1,24,0.0105693470598451,0.6,1,1.66666666666667
"118","17.1","2",1,"a",0.12,0.0874000858591923,3.7,15,25,0.0106732912198838,0.6,1,1.66666666666667
"119","18.6","2",1,"a",0.125,0.0963869011273017,3.5,15.3,24,0.0107781828864733,0.6,1,1.66666666666667
"120","20","2",1,"a",0.12,0.0881693572914608,3.7,15,25,0.0108840305426691,0.6,1,1.66666666666667
"121","7.1","0",0.6,"n",0.48,0.0876544933811112,3.2,14.1,25,0.00986958497301749,0.7,1,1.42857142857143
"122","8.5","0",0.6,"n",0.48,0.0870391389081885,3.2,14.3,25,0.00996711226403505,0.7,1,1.42857142857143
"123","10","0",0.6,"n",0.48,0.0874691537794986,3.2,14.3,25,0.0100655292875077,0.7,1,1.42857142857143
"124","11.4","0",0.6,"n",0.48,0.0878932347270126,3.2,14.4,25,0.0102631153053862,0.7,1,1.42857142857143
"125","12.8","0",0.6,"n",0.48,0.0883121747025667,3.2,14.6,25,0.0103642675006198,0.7,1,1.42857142857143
"126","14.3","0",0.545454545454545,"n",0.461538461538462,0.0797963874394652,3.4,14.4,26,0.0104663419582044,0.7,1,1.42857142857143
"127","15.7","0",0.428571428571429,"n",0.375,0.0955652587144869,3.5,15.1,24,0.0105693470598451,0.7,1,1.42857142857143
"128","17.1","0",0.454545454545455,"n",0.4,0.0874000858591923,3.7,15,25,0.0106732912198838,0.7,1,1.42857142857143
"129","18.6","0",0.428571428571429,"n",0.375,0.0963869011273017,3.5,15.3,24,0.0107781828864733,0.7,1,1.42857142857143
"130","20","0",0.454545454545455,"n",0.4,0.0881693572914608,3.7,15,25,0.0108840305426691,0.7,1,1.42857142857143
"131","7.1","1",0,"n",0,0.0876544933811112,3.2,14.1,25,0.00986958497301749,0.7,1,1.42857142857143
"132","8.5","1",0,"n",0,0.0870391389081885,3.2,14.3,25,0.00996711226403505,0.7,1,1.42857142857143
"133","10","1",0,"n",0,0.0874691537794986,3.2,14.3,25,0.0100655292875077,0.7,1,1.42857142857143
"134","11.4","1",0,"n",0,0.0878932347270126,3.2,14.4,25,0.0102631153053862,0.7,1,1.42857142857143
"135","12.8","1",0.05,"n",0.04,0.0883121747025667,3.2,14.6,25,0.0103642675006198,0.7,1,1.42857142857143
"136","14.3","1",0.0909090909090909,"n",0.0769230769230769,0.0797963874394652,3.4,14.4,26,0.0104663419582044,0.7,1,1.42857142857143
"137","15.7","1",0.238095238095238,"n",0.208333333333333,0.0955652587144869,3.5,15.1,24,0.0105693470598451,0.7,1,1.42857142857143
"138","17.1","1",0.227272727272727,"n",0.2,0.0874000858591923,3.7,15,25,0.0106732912198838,0.7,1,1.42857142857143
"139","18.6","1",0.238095238095238,"n",0.208333333333333,0.0963869011273017,3.5,15.3,24,0.0107781828864733,0.7,1,1.42857142857143
"140","20","1",0.227272727272727,"n",0.2,0.0881693572914608,3.7,15,25,0.0108840305426691,0.7,1,1.42857142857143
"141","7.1","2",0.4,"n",0.32,0.0876544933811112,3.2,14.1,25,0.00986958497301749,0.7,1,1.42857142857143
"142","8.5","2",0.4,"n",0.32,0.0870391389081885,3.2,14.3,25,0.00996711226403505,0.7,1,1.42857142857143
"143","10","2",0.4,"n",0.32,0.0874691537794986,3.2,14.3,25,0.0100655292875077,0.7,1,1.42857142857143
"144","11.4","2",0.4,"n",0.32,0.0878932347270126,3.2,14.4,25,0.0102631153053862,0.7,1,1.42857142857143
"145","12.8","2",0.35,"n",0.28,0.0883121747025667,3.2,14.6,25,0.0103642675006198,0.7,1,1.42857142857143
"146","14.3","2",0.363636363636364,"n",0.307692307692308,0.0797963874394652,3.4,14.4,26,0.0104663419582044,0.7,1,1.42857142857143
"147","15.7","2",0.333333333333333,"n",0.291666666666667,0.0955652587144869,3.5,15.1,24,0.0105693470598451,0.7,1,1.42857142857143
"148","17.1","2",0.318181818181818,"n",0.28,0.0874000858591923,3.7,15,25,0.0106732912198838,0.7,1,1.42857142857143
"149","18.6","2",0.333333333333333,"n",0.291666666666667,0.0963869011273017,3.5,15.3,24,0.0107781828864733,0.7,1,1.42857142857143
"150","20","2",0.318181818181818,"n",0.28,0.0881693572914608,3.7,15,25,0.0108840305426691,0.7,1,1.42857142857143
"151","7.1","0",0,"a",0,0.0876544933811112,3.2,14.1,25,0.00986958497301749,0.7,1,1.42857142857143
"152","8.5","0",0,"a",0,0.0870391389081885,3.2,14.3,25,0.00996711226403505,0.7,1,1.42857142857143
"153","10","0",0,"a",0,0.0874691537794986,3.2,14.3,25,0.0100655292875077,0.7,1,1.42857142857143
"154","11.4","0",0,"a",0,0.0878932347270126,3.2,14.4,25,0.0102631153053862,0.7,1,1.42857142857143
"155","12.8","0",0,"a",0,0.0883121747025667,3.2,14.6,25,0.0103642675006198,0.7,1,1.42857142857143
"156","14.3","0",0,"a",0,0.0797963874394652,3.4,14.4,26,0.0104663419582044,0.7,1,1.42857142857143
"157","15.7","0",0,"a",0,0.0955652587144869,3.5,15.1,24,0.0105693470598451,0.7,1,1.42857142857143
"158","17.1","0",0,"a",0,0.0874000858591923,3.7,15,25,0.0106732912198838,0.7,1,1.42857142857143
"159","18.6","0",0,"a",0,0.0963869011273017,3.5,15.3,24,0.0107781828864733,0.7,1,1.42857142857143
"160","20","0",0,"a",0,0.0881693572914608,3.7,15,25,0.0108840305426691,0.7,1,1.42857142857143
"161","7.1","1",0,"a",0,0.0876544933811112,3.2,14.1,25,0.00986958497301749,0.7,1,1.42857142857143
"162","8.5","1",0.2,"a",0.04,0.0870391389081885,3.2,14.3,25,0.00996711226403505,0.7,1,1.42857142857143
"163","10","1",0.2,"a",0.04,0.0874691537794986,3.2,14.3,25,0.0100655292875077,0.7,1,1.42857142857143
"164","11.4","1",0.2,"a",0.04,0.0878932347270126,3.2,14.4,25,0.0102631153053862,0.7,1,1.42857142857143
"165","12.8","1",0,"a",0,0.0883121747025667,3.2,14.6,25,0.0103642675006198,0.7,1,1.42857142857143
"166","14.3","1",0.25,"a",0.0384615384615385,0.0797963874394652,3.4,14.4,26,0.0104663419582044,0.7,1,1.42857142857143
"167","15.7","1",0,"a",0,0.0955652587144869,3.5,15.1,24,0.0105693470598451,0.7,1,1.42857142857143
"168","17.1","1",0,"a",0,0.0874000858591923,3.7,15,25,0.0106732912198838,0.7,1,1.42857142857143
"169","18.6","1",0,"a",0,0.0963869011273017,3.5,15.3,24,0.0107781828864733,0.7,1,1.42857142857143
"170","20","1",0,"a",0,0.0881693572914608,3.7,15,25,0.0108840305426691,0.7,1,1.42857142857143
"171","7.1","2",1,"a",0.2,0.0876544933811112,3.2,14.1,25,0.00986958497301749,0.7,1,1.42857142857143
"172","8.5","2",0.8,"a",0.16,0.0870391389081885,3.2,14.3,25,0.00996711226403505,0.7,1,1.42857142857143
"173","10","2",0.8,"a",0.16,0.0874691537794986,3.2,14.3,25,0.0100655292875077,0.7,1,1.42857142857143
"174","11.4","2",0.8,"a",0.16,0.0878932347270126,3.2,14.4,25,0.0102631153053862,0.7,1,1.42857142857143
"175","12.8","2",1,"a",0.2,0.0883121747025667,3.2,14.6,25,0.0103642675006198,0.7,1,1.42857142857143
"176","14.3","2",0.75,"a",0.115384615384615,0.0797963874394652,3.4,14.4,26,0.0104663419582044,0.7,1,1.42857142857143
"177","15.7","2",1,"a",0.125,0.0955652587144869,3.5,15.1,24,0.0105693470598451,0.7,1,1.42857142857143
"178","17.1","2",1,"a",0.12,0.0874000858591923,3.7,15,25,0.0106732912198838,0.7,1,1.42857142857143
"179","18.6","2",1,"a",0.125,0.0963869011273017,3.5,15.3,24,0.0107781828864733,0.7,1,1.42857142857143
"180","20","2",1,"a",0.12,0.0881693572914608,3.7,15,25,0.0108840305426691,0.7,1,1.42857142857143
"181","7.1","0",0.6,"n",0.48,0.0876544933811112,3.2,14.1,25,0.00986958497301749,0.8,1,1.25
"182","8.5","0",0.6,"n",0.48,0.0870391389081885,3.2,14.3,25,0.00996711226403505,0.8,1,1.25
"183","10","0",0.619047619047619,"n",0.5,0.0805429061914457,3.4,14,26,0.0100655292875077,0.8,1,1.25
"184","11.4","0",0.619047619047619,"n",0.5,0.0809490538749275,3.4,14.1,26,0.0102631153053862,0.8,1,1.25
"185","12.8","0",0.67741935483871,"n",0.6,0.034021890894395,5.2,10.3,35,0.0103642675006198,0.8,1,1.25
"186","14.3","0",0.67741935483871,"n",0.6,0.0342446598365634,5.2,10.4,35,0.0104663419582044,0.8,1,1.25
"187","15.7","0",0.52,"n",0.464285714285714,0.0656644593717872,4.2,13.6,28,0.0105693470598451,0.8,1,1.25
"188","17.1","0",0.52,"n",0.464285714285714,0.0659965673792545,4.3,13.8,28,0.0106732912198838,0.8,1,1.25
"189","18.6","0",0.62962962962963,"n",0.548387096774194,0.0507163914112669,4.7,12.5,31,0.0107781828864733,0.8,1,1.25
"190","20","0",0.52,"n",0.464285714285714,0.0666470012062819,4.2,13.8,28,0.0108840305426691,0.8,1,1.25
"191","7.1","1",0,"n",0,0.0876544933811112,3.2,14.1,25,0.00986958497301749,0.8,1,1.25
"192","8.5","1",0,"n",0,0.0870391389081885,3.2,14.3,25,0.00996711226403505,0.8,1,1.25
"193","10","1",0,"n",0,0.0805429061914457,3.4,14,26,0.0100655292875077,0.8,1,1.25
"194","11.4","1",0,"n",0,0.0809490538749275,3.4,14.1,26,0.0102631153053862,0.8,1,1.25
"195","12.8","1",0.0645161290322581,"n",0.0571428571428571,0.034021890894395,5.2,10.3,35,0.0103642675006198,0.8,1,1.25
"196","14.3","1",0.0645161290322581,"n",0.0571428571428571,0.0342446598365634,5.2,10.4,35,0.0104663419582044,0.8,1,1.25
"197","15.7","1",0.16,"n",0.142857142857143,0.0656644593717872,4.2,13.6,28,0.0105693470598451,0.8,1,1.25
"198","17.1","1",0.2,"n",0.178571428571429,0.0659965673792545,4.3,13.8,28,0.0106732912198838,0.8,1,1.25
"199","18.6","1",0.111111111111111,"n",0.0967741935483871,0.0507163914112669,4.7,12.5,31,0.0107781828864733,0.8,1,1.25
"200","20","1",0.16,"n",0.142857142857143,0.0666470012062819,4.2,13.8,28,0.0108840305426691,0.8,1,1.25
"201","7.1","2",0.4,"n",0.32,0.0876544933811112,3.2,14.1,25,0.00986958497301749,0.8,1,1.25
"202","8.5","2",0.4,"n",0.32,0.0870391389081885,3.2,14.3,25,0.00996711226403505,0.8,1,1.25
"203","10","2",0.380952380952381,"n",0.307692307692308,0.0805429061914457,3.4,14,26,0.0100655292875077,0.8,1,1.25
"204","11.4","2",0.380952380952381,"n",0.307692307692308,0.0809490538749275,3.4,14.1,26,0.0102631153053862,0.8,1,1.25
"205","12.8","2",0.258064516129032,"n",0.228571428571429,0.034021890894395,5.2,10.3,35,0.0103642675006198,0.8,1,1.25
"206","14.3","2",0.258064516129032,"n",0.228571428571429,0.0342446598365634,5.2,10.4,35,0.0104663419582044,0.8,1,1.25
"207","15.7","2",0.32,"n",0.285714285714286,0.0656644593717872,4.2,13.6,28,0.0105693470598451,0.8,1,1.25
"208","17.1","2",0.28,"n",0.25,0.0659965673792545,4.3,13.8,28,0.0106732912198838,0.8,1,1.25
"209","18.6","2",0.259259259259259,"n",0.225806451612903,0.0507163914112669,4.7,12.5,31,0.0107781828864733,0.8,1,1.25
"210","20","2",0.32,"n",0.285714285714286,0.0666470012062819,4.2,13.8,28,0.0108840305426691,0.8,1,1.25
"211","7.1","0",0,"a",0,0.0876544933811112,3.2,14.1,25,0.00986958497301749,0.8,1,1.25
"212","8.5","0",0,"a",0,0.0870391389081885,3.2,14.3,25,0.00996711226403505,0.8,1,1.25
"213","10","0",0,"a",0,0.0805429061914457,3.4,14,26,0.0100655292875077,0.8,1,1.25
"214","11.4","0",0,"a",0,0.0809490538749275,3.4,14.1,26,0.0102631153053862,0.8,1,1.25
"215","12.8","0",0,"a",0,0.034021890894395,5.2,10.3,35,0.0103642675006198,0.8,1,1.25
"216","14.3","0",0,"a",0,0.0342446598365634,5.2,10.4,35,0.0104663419582044,0.8,1,1.25
"217","15.7","0",0,"a",0,0.0656644593717872,4.2,13.6,28,0.0105693470598451,0.8,1,1.25
"218","17.1","0",0,"a",0,0.0659965673792545,4.3,13.8,28,0.0106732912198838,0.8,1,1.25
"219","18.6","0",0,"a",0,0.0507163914112669,4.7,12.5,31,0.0107781828864733,0.8,1,1.25
"220","20","0",0,"a",0,0.0666470012062819,4.2,13.8,28,0.0108840305426691,0.8,1,1.25
"221","7.1","1",0,"a",0,0.0876544933811112,3.2,14.1,25,0.00986958497301749,0.8,1,1.25
"222","8.5","1",0.2,"a",0.04,0.0870391389081885,3.2,14.3,25,0.00996711226403505,0.8,1,1.25
"223","10","1",0,"a",0,0.0805429061914457,3.4,14,26,0.0100655292875077,0.8,1,1.25
"224","11.4","1",0,"a",0,0.0809490538749275,3.4,14.1,26,0.0102631153053862,0.8,1,1.25
"225","12.8","1",0.25,"a",0.0285714285714286,0.034021890894395,5.2,10.3,35,0.0103642675006198,0.8,1,1.25
"226","14.3","1",0.25,"a",0.0285714285714286,0.0342446598365634,5.2,10.4,35,0.0104663419582044,0.8,1,1.25
"227","15.7","1",0.333333333333333,"a",0.0357142857142857,0.0656644593717872,4.2,13.6,28,0.0105693470598451,0.8,1,1.25
"228","17.1","1",0,"a",0,0.0659965673792545,4.3,13.8,28,0.0106732912198838,0.8,1,1.25
"229","18.6","1",0,"a",0,0.0507163914112669,4.7,12.5,31,0.0107781828864733,0.8,1,1.25
"230","20","1",0.333333333333333,"a",0.0357142857142857,0.0666470012062819,4.2,13.8,28,0.0108840305426691,0.8,1,1.25
"231","7.1","2",1,"a",0.2,0.0876544933811112,3.2,14.1,25,0.00986958497301749,0.8,1,1.25
"232","8.5","2",0.8,"a",0.16,0.0870391389081885,3.2,14.3,25,0.00996711226403505,0.8,1,1.25
"233","10","2",1,"a",0.192307692307692,0.0805429061914457,3.4,14,26,0.0100655292875077,0.8,1,1.25
"234","11.4","2",1,"a",0.192307692307692,0.0809490538749275,3.4,14.1,26,0.0102631153053862,0.8,1,1.25
"235","12.8","2",0.75,"a",0.0857142857142857,0.034021890894395,5.2,10.3,35,0.0103642675006198,0.8,1,1.25
"236","14.3","2",0.75,"a",0.0857142857142857,0.0342446598365634,5.2,10.4,35,0.0104663419582044,0.8,1,1.25
"237","15.7","2",0.666666666666667,"a",0.0714285714285714,0.0656644593717872,4.2,13.6,28,0.0105693470598451,0.8,1,1.25
"238","17.1","2",1,"a",0.107142857142857,0.0659965673792545,4.3,13.8,28,0.0106732912198838,0.8,1,1.25
"239","18.6","2",1,"a",0.129032258064516,0.0507163914112669,4.7,12.5,31,0.0107781828864733,0.8,1,1.25
"240","20","2",0.666666666666667,"a",0.0714285714285714,0.0666470012062819,4.2,13.8,28,0.0108840305426691,0.8,1,1.25
"241","7.1","0",0.6,"n",0.48,0.0876544933811112,3.6,14.1,25,0.00986958497301749,0.9,1,1.11111111111111
"242","8.5","0",0.6,"n",0.48,0.0880958824485456,3.6,14.3,25,0.00996711226403505,0.9,1,1.11111111111111
"243","10","0",0.6,"n",0.48,0.0885311075984768,3.6,14.3,25,0.0100655292875077,0.9,1,1.11111111111111
"244","11.4","0",0.6,"n",0.48,0.0889603268756604,3.6,14.4,25,0.0102631153053862,0.9,1,1.11111111111111
"245","12.8","0",0.6,"n",0.48,0.089383692418775,3.6,14.6,25,0.0103642675006198,0.9,1,1.11111111111111
"246","14.3","0",0.6,"n",0.48,0.0898013507496545,3.6,14.8,25,0.0104663419582044,0.9,1,1.11111111111111
"247","15.7","0",0.454545454545455,"n",0.4,0.0870078451919822,3.9,14.8,25,0.0105693470598451,0.9,1,1.11111111111111
"248","17.1","0",0.578947368421053,"n",0.458333333333333,0.0983219535568187,3.5,15.3,24,0.0106732912198838,0.9,1,1.11111111111111
"249","18.6","0",0.578947368421053,"n",0.458333333333333,0.0987399859185669,3.5,15.3,24,0.0107781828864733,0.9,1,1.11111111111111
"250","20","0",0.578947368421053,"n",0.458333333333333,0.0991525591308881,3.5,15.3,24,0.0108840305426691,0.9,1,1.11111111111111
"251","7.1","1",0,"n",0,0.0876544933811112,3.6,14.1,25,0.00986958497301749,0.9,1,1.11111111111111
"252","8.5","1",0,"n",0,0.0880958824485456,3.6,14.3,25,0.00996711226403505,0.9,1,1.11111111111111
"253","10","1",0,"n",0,0.0885311075984768,3.6,14.3,25,0.0100655292875077,0.9,1,1.11111111111111
"254","11.4","1",0,"n",0,0.0889603268756604,3.6,14.4,25,0.0102631153053862,0.9,1,1.11111111111111
"255","12.8","1",0,"n",0,0.089383692418775,3.6,14.6,25,0.0103642675006198,0.9,1,1.11111111111111
"256","14.3","1",0,"n",0,0.0898013507496545,3.6,14.8,25,0.0104663419582044,0.9,1,1.11111111111111
"257","15.7","1",0.227272727272727,"n",0.2,0.0870078451919822,3.9,14.8,25,0.0105693470598451,0.9,1,1.11111111111111
"258","17.1","1",0.0526315789473684,"n",0.0416666666666667,0.0983219535568187,3.5,15.3,24,0.0106732912198838,0.9,1,1.11111111111111
"259","18.6","1",0.0526315789473684,"n",0.0416666666666667,0.0987399859185669,3.5,15.3,24,0.0107781828864733,0.9,1,1.11111111111111
"260","20","1",0.0526315789473684,"n",0.0416666666666667,0.0991525591308881,3.5,15.3,24,0.0108840305426691,0.9,1,1.11111111111111
"261","7.1","2",0.4,"n",0.32,0.0876544933811112,3.6,14.1,25,0.00986958497301749,0.9,1,1.11111111111111
"262","8.5","2",0.4,"n",0.32,0.0880958824485456,3.6,14.3,25,0.00996711226403505,0.9,1,1.11111111111111
"263","10","2",0.4,"n",0.32,0.0885311075984768,3.6,14.3,25,0.0100655292875077,0.9,1,1.11111111111111
"264","11.4","2",0.4,"n",0.32,0.0889603268756604,3.6,14.4,25,0.0102631153053862,0.9,1,1.11111111111111
"265","12.8","2",0.4,"n",0.32,0.089383692418775,3.6,14.6,25,0.0103642675006198,0.9,1,1.11111111111111
"266","14.3","2",0.4,"n",0.32,0.0898013507496545,3.6,14.8,25,0.0104663419582044,0.9,1,1.11111111111111
"267","15.7","2",0.318181818181818,"n",0.28,0.0870078451919822,3.9,14.8,25,0.0105693470598451,0.9,1,1.11111111111111
"268","17.1","2",0.368421052631579,"n",0.291666666666667,0.0983219535568187,3.5,15.3,24,0.0106732912198838,0.9,1,1.11111111111111
"269","18.6","2",0.368421052631579,"n",0.291666666666667,0.0987399859185669,3.5,15.3,24,0.0107781828864733,0.9,1,1.11111111111111
"270","20","2",0.368421052631579,"n",0.291666666666667,0.0991525591308881,3.5,15.3,24,0.0108840305426691,0.9,1,1.11111111111111
"271","7.1","0",0,"a",0,0.0876544933811112,3.6,14.1,25,0.00986958497301749,0.9,1,1.11111111111111
"272","8.5","0",0,"a",0,0.0880958824485456,3.6,14.3,25,0.00996711226403505,0.9,1,1.11111111111111
"273","10","0",0,"a",0,0.0885311075984768,3.6,14.3,25,0.0100655292875077,0.9,1,1.11111111111111
"274","11.4","0",0,"a",0,0.0889603268756604,3.6,14.4,25,0.0102631153053862,0.9,1,1.11111111111111
"275","12.8","0",0,"a",0,0.089383692418775,3.6,14.6,25,0.0103642675006198,0.9,1,1.11111111111111
"276","14.3","0",0,"a",0,0.0898013507496545,3.6,14.8,25,0.0104663419582044,0.9,1,1.11111111111111
"277","15.7","0",0,"a",0,0.0870078451919822,3.9,14.8,25,0.0105693470598451,0.9,1,1.11111111111111
"278","17.1","0",0,"a",0,0.0983219535568187,3.5,15.3,24,0.0106732912198838,0.9,1,1.11111111111111
"279","18.6","0",0,"a",0,0.0987399859185669,3.5,15.3,24,0.0107781828864733,0.9,1,1.11111111111111
"280","20","0",0,"a",0,0.0991525591308881,3.5,15.3,24,0.0108840305426691,0.9,1,1.11111111111111
"281","7.1","1",0,"a",0,0.0876544933811112,3.6,14.1,25,0.00986958497301749,0.9,1,1.11111111111111
"282","8.5","1",0,"a",0,0.0880958824485456,3.6,14.3,25,0.00996711226403505,0.9,1,1.11111111111111
"283","10","1",0,"a",0,0.0885311075984768,3.6,14.3,25,0.0100655292875077,0.9,1,1.11111111111111
"284","11.4","1",0,"a",0,0.0889603268756604,3.6,14.4,25,0.0102631153053862,0.9,1,1.11111111111111
"285","12.8","1",0,"a",0,0.089383692418775,3.6,14.6,25,0.0103642675006198,0.9,1,1.11111111111111
"286","14.3","1",0,"a",0,0.0898013507496545,3.6,14.8,25,0.0104663419582044,0.9,1,1.11111111111111
"287","15.7","1",0,"a",0,0.0870078451919822,3.9,14.8,25,0.0105693470598451,0.9,1,1.11111111111111
"288","17.1","1",0,"a",0,0.0983219535568187,3.5,15.3,24,0.0106732912198838,0.9,1,1.11111111111111
"289","18.6","1",0,"a",0,0.0987399859185669,3.5,15.3,24,0.0107781828864733,0.9,1,1.11111111111111
"290","20","1",0,"a",0,0.0991525591308881,3.5,15.3,24,0.0108840305426691,0.9,1,1.11111111111111
"291","7.1","2",1,"a",0.2,0.0876544933811112,3.6,14.1,25,0.00986958497301749,0.9,1,1.11111111111111
"292","8.5","2",1,"a",0.2,0.0880958824485456,3.6,14.3,25,0.00996711226403505,0.9,1,1.11111111111111
"293","10","2",1,"a",0.2,0.0885311075984768,3.6,14.3,25,0.0100655292875077,0.9,1,1.11111111111111
"294","11.4","2",1,"a",0.2,0.0889603268756604,3.6,14.4,25,0.0102631153053862,0.9,1,1.11111111111111
"295","12.8","2",1,"a",0.2,0.089383692418775,3.6,14.6,25,0.0103642675006198,0.9,1,1.11111111111111
"296","14.3","2",1,"a",0.2,0.0898013507496545,3.6,14.8,25,0.0104663419582044,0.9,1,1.11111111111111
"297","15.7","2",1,"a",0.12,0.0870078451919822,3.9,14.8,25,0.0105693470598451,0.9,1,1.11111111111111
"298","17.1","2",1,"a",0.208333333333333,0.0983219535568187,3.5,15.3,24,0.0106732912198838,0.9,1,1.11111111111111
"299","18.6","2",1,"a",0.208333333333333,0.0987399859185669,3.5,15.3,24,0.0107781828864733,0.9,1,1.11111111111111
"300","20","2",1,"a",0.208333333333333,0.0991525591308881,3.5,15.3,24,0.0108840305426691,0.9,1,1.11111111111111
"301","7.1","0",0.6,"n",0.48,0.0876544933811112,3.6,14.1,25,0.00986958497301749,1,1,1
"302","8.5","0",0.6,"n",0.48,0.0880958824485456,3.6,14.3,25,0.00996711226403505,1,1,1
"303","10","0",0.6,"n",0.48,0.0885311075984768,3.6,14.3,25,0.0100655292875077,1,1,1
"304","11.4","0",0.6,"n",0.48,0.0889603268756604,3.6,14.4,25,0.0102631153053862,1,1,1
"305","12.8","0",0.6,"n",0.48,0.089383692418775,3.6,14.6,25,0.0103642675006198,1,1,1
"306","14.3","0",0.578947368421053,"n",0.458333333333333,0.0986515746662332,3.4,15.1,24,0.0104663419582044,1,1,1
"307","15.7","0",0.454545454545455,"n",0.4,0.0870078451919822,3.9,14.8,25,0.0105693470598451,1,1,1
"308","17.1","0",0.578947368421053,"n",0.458333333333333,0.0983219535568187,3.5,15.3,24,0.0106732912198838,1,1,1
"309","18.6","0",0.578947368421053,"n",0.458333333333333,0.0987399859185669,3.5,15.3,24,0.0107781828864733,1,1,1
"310","20","0",0.578947368421053,"n",0.458333333333333,0.0991525591308881,3.5,15.3,24,0.0108840305426691,1,1,1
"311","7.1","1",0,"n",0,0.0876544933811112,3.6,14.1,25,0.00986958497301749,1,1,1
"312","8.5","1",0,"n",0,0.0880958824485456,3.6,14.3,25,0.00996711226403505,1,1,1
"313","10","1",0,"n",0,0.0885311075984768,3.6,14.3,25,0.0100655292875077,1,1,1
"314","11.4","1",0,"n",0,0.0889603268756604,3.6,14.4,25,0.0102631153053862,1,1,1
"315","12.8","1",0,"n",0,0.089383692418775,3.6,14.6,25,0.0103642675006198,1,1,1
"316","14.3","1",0,"n",0,0.0986515746662332,3.4,15.1,24,0.0104663419582044,1,1,1
"317","15.7","1",0.227272727272727,"n",0.2,0.0870078451919822,3.9,14.8,25,0.0105693470598451,1,1,1
"318","17.1","1",0.0526315789473684,"n",0.0416666666666667,0.0983219535568187,3.5,15.3,24,0.0106732912198838,1,1,1
"319","18.6","1",0.0526315789473684,"n",0.0416666666666667,0.0987399859185669,3.5,15.3,24,0.0107781828864733,1,1,1
"320","20","1",0.0526315789473684,"n",0.0416666666666667,0.0991525591308881,3.5,15.3,24,0.0108840305426691,1,1,1
"321","7.1","2",0.4,"n",0.32,0.0876544933811112,3.6,14.1,25,0.00986958497301749,1,1,1
"322","8.5","2",0.4,"n",0.32,0.0880958824485456,3.6,14.3,25,0.00996711226403505,1,1,1
"323","10","2",0.4,"n",0.32,0.0885311075984768,3.6,14.3,25,0.0100655292875077,1,1,1
"324","11.4","2",0.4,"n",0.32,0.0889603268756604,3.6,14.4,25,0.0102631153053862,1,1,1
"325","12.8","2",0.4,"n",0.32,0.089383692418775,3.6,14.6,25,0.0103642675006198,1,1,1
"326","14.3","2",0.421052631578947,"n",0.333333333333333,0.0986515746662332,3.4,15.1,24,0.0104663419582044,1,1,1
"327","15.7","2",0.318181818181818,"n",0.28,0.0870078451919822,3.9,14.8,25,0.0105693470598451,1,1,1
"328","17.1","2",0.368421052631579,"n",0.291666666666667,0.0983219535568187,3.5,15.3,24,0.0106732912198838,1,1,1
"329","18.6","2",0.368421052631579,"n",0.291666666666667,0.0987399859185669,3.5,15.3,24,0.0107781828864733,1,1,1
"330","20","2",0.368421052631579,"n",0.291666666666667,0.0991525591308881,3.5,15.3,24,0.0108840305426691,1,1,1
"331","7.1","0",0,"a",0,0.0876544933811112,3.6,14.1,25,0.00986958497301749,1,1,1
"332","8.5","0",0,"a",0,0.0880958824485456,3.6,14.3,25,0.00996711226403505,1,1,1
"333","10","0",0,"a",0,0.0885311075984768,3.6,14.3,25,0.0100655292875077,1,1,1
"334","11.4","0",0,"a",0,0.0889603268756604,3.6,14.4,25,0.0102631153053862,1,1,1
"335","12.8","0",0,"a",0,0.089383692418775,3.6,14.6,25,0.0103642675006198,1,1,1
"336","14.3","0",0,"a",0,0.0986515746662332,3.4,15.1,24,0.0104663419582044,1,1,1
"337","15.7","0",0,"a",0,0.0870078451919822,3.9,14.8,25,0.0105693470598451,1,1,1
"338","17.1","0",0,"a",0,0.0983219535568187,3.5,15.3,24,0.0106732912198838,1,1,1
"339","18.6","0",0,"a",0,0.0987399859185669,3.5,15.3,24,0.0107781828864733,1,1,1
"340","20","0",0,"a",0,0.0991525591308881,3.5,15.3,24,0.0108840305426691,1,1,1
"341","7.1","1",0,"a",0,0.0876544933811112,3.6,14.1,25,0.00986958497301749,1,1,1
"342","8.5","1",0,"a",0,0.0880958824485456,3.6,14.3,25,0.00996711226403505,1,1,1
"343","10","1",0,"a",0,0.0885311075984768,3.6,14.3,25,0.0100655292875077,1,1,1
"344","11.4","1",0,"a",0,0.0889603268756604,3.6,14.4,25,0.0102631153053862,1,1,1
"345","12.8","1",0,"a",0,0.089383692418775,3.6,14.6,25,0.0103642675006198,1,1,1
"346","14.3","1",0,"a",0,0.0986515746662332,3.4,15.1,24,0.0104663419582044,1,1,1
"347","15.7","1",0,"a",0,0.0870078451919822,3.9,14.8,25,0.0105693470598451,1,1,1
"348","17.1","1",0,"a",0,0.0983219535568187,3.5,15.3,24,0.0106732912198838,1,1,1
"349","18.6","1",0,"a",0,0.0987399859185669,3.5,15.3,24,0.0107781828864733,1,1,1
"350","20","1",0,"a",0,0.0991525591308881,3.5,15.3,24,0.0108840305426691,1,1,1
"351","7.1","2",1,"a",0.2,0.0876544933811112,3.6,14.1,25,0.00986958497301749,1,1,1
"352","8.5","2",1,"a",0.2,0.0880958824485456,3.6,14.3,25,0.00996711226403505,1,1,1
"353","10","2",1,"a",0.2,0.0885311075984768,3.6,14.3,25,0.0100655292875077,1,1,1
"354","11.4","2",1,"a",0.2,0.0889603268756604,3.6,14.4,25,0.0102631153053862,1,1,1
"355","12.8","2",1,"a",0.2,0.089383692418775,3.6,14.6,25,0.0103642675006198,1,1,1
"356","14.3","2",1,"a",0.208333333333333,0.0986515746662332,3.4,15.1,24,0.0104663419582044,1,1,1
"357","15.7","2",1,"a",0.12,0.0870078451919822,3.9,14.8,25,0.0105693470598451,1,1,1
"358","17.1","2",1,"a",0.208333333333333,0.0983219535568187,3.5,15.3,24,0.0106732912198838,1,1,1
"359","18.6","2",1,"a",0.208333333333333,0.0987399859185669,3.5,15.3,24,0.0107781828864733,1,1,1
"360","20","2",1,"a",0.208333333333333,0.0991525591308881,3.5,15.3,24,0.0108840305426691,1,1,1
"361","7.1","0",0.444444444444444,"n",0.19047619047619,0.116368825036374,1.9,15.3,21,0.00986958497301749,1,0.5,0.5
"362","8.5","0",0.444444444444444,"n",0.19047619047619,0.116860976361726,1.9,15.5,21,0.00996711226403505,1,0.5,0.5
"363","10","0",0.5,"n",0.25,0.132132262658947,1.6,15.7,20,0.0100655292875077,1,0.5,0.5
"364","11.4","0",0.5,"n",0.238095238095238,0.119252433522394,1.8,15.6,21,0.0102631153053862,1,0.5,0.5
"365","12.8","0",0.5,"n",0.3,0.136401163207502,1.4,16.1,20,0.0103642675006198,1,0.5,0.5
"366","14.3","0",0.538461538461538,"n",0.35,0.138572050499249,1.3,16.3,20,0.0104663419582044,1,0.5,0.5
"367","15.7","0",0.466666666666667,"n",0.35,0.142474983830089,1.1,16.3,20,0.0105693470598451,1,0.5,0.5
"368","17.1","0",0.428571428571429,"n",0.315789473684211,0.157023574093237,1,16.7,19,0.0106732912198838,1,0.5,0.5
"369","18.6","0",0.533333333333333,"n",0.380952380952381,0.129125675199706,1.4,16.2,21,0.0107781828864733,1,0.5,0.5
"370","20","0",0.5,"n",0.380952380952381,0.131170045673464,1.2,16.2,21,0.0108840305426691,1,0.5,0.5
"371","7.1","1",0.111111111111111,"n",0.0476190476190476,0.116368825036374,1.9,15.3,21,0.00986958497301749,1,0.5,0.5
"372","8.5","1",0.111111111111111,"n",0.0476190476190476,0.116860976361726,1.9,15.5,21,0.00996711226403505,1,0.5,0.5
"373","10","1",0,"n",0,0.132132262658947,1.6,15.7,20,0.0100655292875077,1,0.5,0.5
"374","11.4","1",0,"n",0,0.119252433522394,1.8,15.6,21,0.0102631153053862,1,0.5,0.5
"375","12.8","1",0.0833333333333333,"n",0.05,0.136401163207502,1.4,16.1,20,0.0103642675006198,1,0.5,0.5
"376","14.3","1",0.0769230769230769,"n",0.05,0.138572050499249,1.3,16.3,20,0.0104663419582044,1,0.5,0.5
"377","15.7","1",0,"n",0,0.142474983830089,1.1,16.3,20,0.0105693470598451,1,0.5,0.5
"378","17.1","1",0,"n",0,0.157023574093237,1,16.7,19,0.0106732912198838,1,0.5,0.5
"379","18.6","1",0,"n",0,0.129125675199706,1.4,16.2,21,0.0107781828864733,1,0.5,0.5
"380","20","1",0,"n",0,0.131170045673464,1.2,16.2,21,0.0108840305426691,1,0.5,0.5
"381","7.1","2",0.444444444444444,"n",0.19047619047619,0.116368825036374,1.9,15.3,21,0.00986958497301749,1,0.5,0.5
"382","8.5","2",0.444444444444444,"n",0.19047619047619,0.116860976361726,1.9,15.5,21,0.00996711226403505,1,0.5,0.5
"383","10","2",0.5,"n",0.25,0.132132262658947,1.6,15.7,20,0.0100655292875077,1,0.5,0.5
"384","11.4","2",0.5,"n",0.238095238095238,0.119252433522394,1.8,15.6,21,0.0102631153053862,1,0.5,0.5
"385","12.8","2",0.416666666666667,"n",0.25,0.136401163207502,1.4,16.1,20,0.0103642675006198,1,0.5,0.5
"386","14.3","2",0.384615384615385,"n",0.25,0.138572050499249,1.3,16.3,20,0.0104663419582044,1,0.5,0.5
"387","15.7","2",0.533333333333333,"n",0.4,0.142474983830089,1.1,16.3,20,0.0105693470598451,1,0.5,0.5
"388","17.1","2",0.571428571428571,"n",0.421052631578947,0.157023574093237,1,16.7,19,0.0106732912198838,1,0.5,0.5
"389","18.6","2",0.466666666666667,"n",0.333333333333333,0.129125675199706,1.4,16.2,21,0.0107781828864733,1,0.5,0.5
"390","20","2",0.5,"n",0.380952380952381,0.131170045673464,1.2,16.2,21,0.0108840305426691,1,0.5,0.5
"391","7.1","0",0.333333333333333,"a",0.19047619047619,0.116368825036374,1.9,15.3,21,0.00986958497301749,1,0.5,0.5
"392","8.5","0",0.333333333333333,"a",0.19047619047619,0.116860976361726,1.9,15.5,21,0.00996711226403505,1,0.5,0.5
"393","10","0",0.2,"a",0.1,0.132132262658947,1.6,15.7,20,0.0100655292875077,1,0.5,0.5
"394","11.4","0",0.272727272727273,"a",0.142857142857143,0.119252433522394,1.8,15.6,21,0.0102631153053862,1,0.5,0.5
"395","12.8","0",0.125,"a",0.05,0.136401163207502,1.4,16.1,20,0.0103642675006198,1,0.5,0.5
"396","14.3","0",0,"a",0,0.138572050499249,1.3,16.3,20,0.0104663419582044,1,0.5,0.5
"397","15.7","0",0,"a",0,0.142474983830089,1.1,16.3,20,0.0105693470598451,1,0.5,0.5
"398","17.1","0",0,"a",0,0.157023574093237,1,16.7,19,0.0106732912198838,1,0.5,0.5
"399","18.6","0",0,"a",0,0.129125675199706,1.4,16.2,21,0.0107781828864733,1,0.5,0.5
"400","20","0",0,"a",0,0.131170045673464,1.2,16.2,21,0.0108840305426691,1,0.5,0.5
"401","7.1","1",0,"a",0,0.116368825036374,1.9,15.3,21,0.00986958497301749,1,0.5,0.5
"402","8.5","1",0,"a",0,0.116860976361726,1.9,15.5,21,0.00996711226403505,1,0.5,0.5
"403","10","1",0.1,"a",0.05,0.132132262658947,1.6,15.7,20,0.0100655292875077,1,0.5,0.5
"404","11.4","1",0.0909090909090909,"a",0.0476190476190476,0.119252433522394,1.8,15.6,21,0.0102631153053862,1,0.5,0.5
"405","12.8","1",0,"a",0,0.136401163207502,1.4,16.1,20,0.0103642675006198,1,0.5,0.5
"406","14.3","1",0,"a",0,0.138572050499249,1.3,16.3,20,0.0104663419582044,1,0.5,0.5
"407","15.7","1",0.2,"a",0.05,0.142474983830089,1.1,16.3,20,0.0105693470598451,1,0.5,0.5
"408","17.1","1",0.2,"a",0.0526315789473684,0.157023574093237,1,16.7,19,0.0106732912198838,1,0.5,0.5
"409","18.6","1",0.166666666666667,"a",0.0476190476190476,0.129125675199706,1.4,16.2,21,0.0107781828864733,1,0.5,0.5
"410","20","1",0.2,"a",0.0476190476190476,0.131170045673464,1.2,16.2,21,0.0108840305426691,1,0.5,0.5
"411","7.1","2",0.666666666666667,"a",0.380952380952381,0.116368825036374,1.9,15.3,21,0.00986958497301749,1,0.5,0.5
"412","8.5","2",0.666666666666667,"a",0.380952380952381,0.116860976361726,1.9,15.5,21,0.00996711226403505,1,0.5,0.5
"413","10","2",0.7,"a",0.35,0.132132262658947,1.6,15.7,20,0.0100655292875077,1,0.5,0.5
"414","11.4","2",0.636363636363636,"a",0.333333333333333,0.119252433522394,1.8,15.6,21,0.0102631153053862,1,0.5,0.5
"415","12.8","2",0.875,"a",0.35,0.136401163207502,1.4,16.1,20,0.0103642675006198,1,0.5,0.5
"416","14.3","2",1,"a",0.35,0.138572050499249,1.3,16.3,20,0.0104663419582044,1,0.5,0.5
"417","15.7","2",0.8,"a",0.2,0.142474983830089,1.1,16.3,20,0.0105693470598451,1,0.5,0.5
"418","17.1","2",0.8,"a",0.210526315789474,0.157023574093237,1,16.7,19,0.0106732912198838,1,0.5,0.5
"419","18.6","2",0.833333333333333,"a",0.238095238095238,0.129125675199706,1.4,16.2,21,0.0107781828864733,1,0.5,0.5
"420","20","2",0.8,"a",0.19047619047619,0.131170045673464,1.2,16.2,21,0.0108840305426691,1,0.5,0.5
"421","7.1","0",0.444444444444444,"n",0.19047619047619,0.116368825036374,2,15.3,21,0.00986958497301749,1,0.6,0.6
"422","8.5","0",0.5,"n",0.238095238095238,0.118278926537477,1.9,15.5,21,0.00996711226403505,1,0.6,0.6
"423","10","0",0.545454545454545,"n",0.3,0.133736466596882,1.6,15.7,20,0.0100655292875077,1,0.6,0.6
"424","11.4","0",0.5,"n",0.3,0.135883989213905,1.5,15.9,20,0.0102631153053862,1,0.6,0.6
"425","12.8","0",0.5,"n",0.3,0.136401163207502,1.5,16.1,20,0.0103642675006198,1,0.6,0.6
"426","14.3","0",0.5,"n",0.35,0.140253370369263,1.3,16.3,20,0.0104663419582044,1,0.6,0.6
"427","15.7","0",0.466666666666667,"n",0.35,0.142476020572097,1.2,16.3,20,0.0105693470598451,1,0.6,0.6
"428","17.1","0",0.428571428571429,"n",0.3,0.141275530469039,1.3,16.5,20,0.0106732912198838,1,0.6,0.6
"429","18.6","0",0.533333333333333,"n",0.380952380952381,0.129126614769805,1.4,16.2,21,0.0107781828864733,1,0.6,0.6
"430","20","0",0.466666666666667,"n",0.35,0.143995569718019,1.2,16.5,20,0.0108840305426691,1,0.6,0.6
"431","7.1","1",0.111111111111111,"n",0.0476190476190476,0.116368825036374,2,15.3,21,0.00986958497301749,1,0.6,0.6
"432","8.5","1",0.1,"n",0.0476190476190476,0.118278926537477,1.9,15.5,21,0.00996711226403505,1,0.6,0.6
"433","10","1",0.0909090909090909,"n",0.05,0.133736466596882,1.6,15.7,20,0.0100655292875077,1,0.6,0.6
"434","11.4","1",0.0833333333333333,"n",0.05,0.135883989213905,1.5,15.9,20,0.0102631153053862,1,0.6,0.6
"435","12.8","1",0.0833333333333333,"n",0.05,0.136401163207502,1.5,16.1,20,0.0103642675006198,1,0.6,0.6
"436","14.3","1",0.0714285714285714,"n",0.05,0.140253370369263,1.3,16.3,20,0.0104663419582044,1,0.6,0.6
"437","15.7","1",0.0666666666666667,"n",0.05,0.142476020572097,1.2,16.3,20,0.0105693470598451,1,0.6,0.6
"438","17.1","1",0.0714285714285714,"n",0.05,0.141275530469039,1.3,16.5,20,0.0106732912198838,1,0.6,0.6
"439","18.6","1",0.0666666666666667,"n",0.0476190476190476,0.129126614769805,1.4,16.2,21,0.0107781828864733,1,0.6,0.6
"440","20","1",0.0666666666666667,"n",0.05,0.143995569718019,1.2,16.5,20,0.0108840305426691,1,0.6,0.6
"441","7.1","2",0.444444444444444,"n",0.19047619047619,0.116368825036374,2,15.3,21,0.00986958497301749,1,0.6,0.6
"442","8.5","2",0.4,"n",0.19047619047619,0.118278926537477,1.9,15.5,21,0.00996711226403505,1,0.6,0.6
"443","10","2",0.363636363636364,"n",0.2,0.133736466596882,1.6,15.7,20,0.0100655292875077,1,0.6,0.6
"444","11.4","2",0.416666666666667,"n",0.25,0.135883989213905,1.5,15.9,20,0.0102631153053862,1,0.6,0.6
"445","12.8","2",0.416666666666667,"n",0.25,0.136401163207502,1.5,16.1,20,0.0103642675006198,1,0.6,0.6
"446","14.3","2",0.428571428571429,"n",0.3,0.140253370369263,1.3,16.3,20,0.0104663419582044,1,0.6,0.6
"447","15.7","2",0.466666666666667,"n",0.35,0.142476020572097,1.2,16.3,20,0.0105693470598451,1,0.6,0.6
"448","17.1","2",0.5,"n",0.35,0.141275530469039,1.3,16.5,20,0.0106732912198838,1,0.6,0.6
"449","18.6","2",0.4,"n",0.285714285714286,0.129126614769805,1.4,16.2,21,0.0107781828864733,1,0.6,0.6
"450","20","2",0.466666666666667,"n",0.35,0.143995569718019,1.2,16.5,20,0.0108840305426691,1,0.6,0.6
"451","7.1","0",0.333333333333333,"a",0.19047619047619,0.116368825036374,2,15.3,21,0.00986958497301749,1,0.6,0.6
"452","8.5","0",0.272727272727273,"a",0.142857142857143,0.118278926537477,1.9,15.5,21,0.00996711226403505,1,0.6,0.6
"453","10","0",0.111111111111111,"a",0.05,0.133736466596882,1.6,15.7,20,0.0100655292875077,1,0.6,0.6
"454","11.4","0",0.125,"a",0.05,0.135883989213905,1.5,15.9,20,0.0102631153053862,1,0.6,0.6
"455","12.8","0",0.125,"a",0.05,0.136401163207502,1.5,16.1,20,0.0103642675006198,1,0.6,0.6
"456","14.3","0",0,"a",0,0.140253370369263,1.3,16.3,20,0.0104663419582044,1,0.6,0.6
"457","15.7","0",0,"a",0,0.142476020572097,1.2,16.3,20,0.0105693470598451,1,0.6,0.6
"458","17.1","0",0.166666666666667,"a",0.05,0.141275530469039,1.3,16.5,20,0.0106732912198838,1,0.6,0.6
"459","18.6","0",0,"a",0,0.129126614769805,1.4,16.2,21,0.0107781828864733,1,0.6,0.6
"460","20","0",0,"a",0,0.143995569718019,1.2,16.5,20,0.0108840305426691,1,0.6,0.6
"461","7.1","1",0,"a",0,0.116368825036374,2,15.3,21,0.00986958497301749,1,0.6,0.6
"462","8.5","1",0,"a",0,0.118278926537477,1.9,15.5,21,0.00996711226403505,1,0.6,0.6
"463","10","1",0,"a",0,0.133736466596882,1.6,15.7,20,0.0100655292875077,1,0.6,0.6
"464","11.4","1",0,"a",0,0.135883989213905,1.5,15.9,20,0.0102631153053862,1,0.6,0.6
"465","12.8","1",0,"a",0,0.136401163207502,1.5,16.1,20,0.0103642675006198,1,0.6,0.6
"466","14.3","1",0,"a",0,0.140253370369263,1.3,16.3,20,0.0104663419582044,1,0.6,0.6
"467","15.7","1",0,"a",0,0.142476020572097,1.2,16.3,20,0.0105693470598451,1,0.6,0.6
"468","17.1","1",0,"a",0,0.141275530469039,1.3,16.5,20,0.0106732912198838,1,0.6,0.6
"469","18.6","1",0,"a",0,0.129126614769805,1.4,16.2,21,0.0107781828864733,1,0.6,0.6
"470","20","1",0,"a",0,0.143995569718019,1.2,16.5,20,0.0108840305426691,1,0.6,0.6
"471","7.1","2",0.666666666666667,"a",0.380952380952381,0.116368825036374,2,15.3,21,0.00986958497301749,1,0.6,0.6
"472","8.5","2",0.727272727272727,"a",0.380952380952381,0.118278926537477,1.9,15.5,21,0.00996711226403505,1,0.6,0.6
"473","10","2",0.888888888888889,"a",0.4,0.133736466596882,1.6,15.7,20,0.0100655292875077,1,0.6,0.6
"474","11.4","2",0.875,"a",0.35,0.135883989213905,1.5,15.9,20,0.0102631153053862,1,0.6,0.6
"475","12.8","2",0.875,"a",0.35,0.136401163207502,1.5,16.1,20,0.0103642675006198,1,0.6,0.6
"476","14.3","2",1,"a",0.3,0.140253370369263,1.3,16.3,20,0.0104663419582044,1,0.6,0.6
"477","15.7","2",1,"a",0.25,0.142476020572097,1.2,16.3,20,0.0105693470598451,1,0.6,0.6
"478","17.1","2",0.833333333333333,"a",0.25,0.141275530469039,1.3,16.5,20,0.0106732912198838,1,0.6,0.6
"479","18.6","2",1,"a",0.285714285714286,0.129126614769805,1.4,16.2,21,0.0107781828864733,1,0.6,0.6
"480","20","2",1,"a",0.25,0.143995569718019,1.2,16.5,20,0.0108840305426691,1,0.6,0.6
"481","7.1","0",0.444444444444444,"n",0.19047619047619,0.116368825036374,2,15.3,21,0.00986958497301749,1,0.7,0.7
"482","8.5","0",0.5,"n",0.238095238095238,0.118278926537477,1.9,15.5,21,0.00996711226403505,1,0.7,0.7
"483","10","0",0.545454545454545,"n",0.3,0.133736466596882,1.6,15.7,20,0.0100655292875077,1,0.7,0.7
"484","11.4","0",0.5,"n",0.3,0.135883989213905,1.5,15.9,20,0.0102631153053862,1,0.7,0.7
"485","12.8","0",0.5,"n",0.3,0.136401163207502,1.5,16.1,20,0.0103642675006198,1,0.7,0.7
"486","14.3","0",0.461538461538462,"n",0.3,0.138572050499249,1.4,16.3,20,0.0104663419582044,1,0.7,0.7
"487","15.7","0",0.384615384615385,"n",0.25,0.139080597104346,1.4,16.3,20,0.0105693470598451,1,0.7,0.7
"488","17.1","0",0.333333333333333,"n",0.2,0.137908746460288,1.5,16.5,20,0.0106732912198838,1,0.7,0.7
"489","18.6","0",0.416666666666667,"n",0.238095238095238,0.124538376757262,1.7,16.2,21,0.0107781828864733,1,0.7,0.7
"490","20","0",0.272727272727273,"n",0.15,0.137214253152647,1.6,16.5,20,0.0108840305426691,1,0.7,0.7
"491","7.1","1",0.111111111111111,"n",0.0476190476190476,0.116368825036374,2,15.3,21,0.00986958497301749,1,0.7,0.7
"492","8.5","1",0.1,"n",0.0476190476190476,0.118278926537477,1.9,15.5,21,0.00996711226403505,1,0.7,0.7
"493","10","1",0.0909090909090909,"n",0.05,0.133736466596882,1.6,15.7,20,0.0100655292875077,1,0.7,0.7
"494","11.4","1",0.0833333333333333,"n",0.05,0.135883989213905,1.5,15.9,20,0.0102631153053862,1,0.7,0.7
"495","12.8","1",0.0833333333333333,"n",0.05,0.136401163207502,1.5,16.1,20,0.0103642675006198,1,0.7,0.7
"496","14.3","1",0.0769230769230769,"n",0.05,0.138572050499249,1.4,16.3,20,0.0104663419582044,1,0.7,0.7
"497","15.7","1",0.0769230769230769,"n",0.05,0.139080597104346,1.4,16.3,20,0.0105693470598451,1,0.7,0.7
"498","17.1","1",0.0833333333333333,"n",0.05,0.137908746460288,1.5,16.5,20,0.0106732912198838,1,0.7,0.7
"499","18.6","1",0.0833333333333333,"n",0.0476190476190476,0.124538376757262,1.7,16.2,21,0.0107781828864733,1,0.7,0.7
"500","20","1",0.0909090909090909,"n",0.05,0.137214253152647,1.6,16.5,20,0.0108840305426691,1,0.7,0.7
"501","7.1","2",0.444444444444444,"n",0.19047619047619,0.116368825036374,2,15.3,21,0.00986958497301749,1,0.7,0.7
"502","8.5","2",0.4,"n",0.19047619047619,0.118278926537477,1.9,15.5,21,0.00996711226403505,1,0.7,0.7
"503","10","2",0.363636363636364,"n",0.2,0.133736466596882,1.6,15.7,20,0.0100655292875077,1,0.7,0.7
"504","11.4","2",0.416666666666667,"n",0.25,0.135883989213905,1.5,15.9,20,0.0102631153053862,1,0.7,0.7
"505","12.8","2",0.416666666666667,"n",0.25,0.136401163207502,1.5,16.1,20,0.0103642675006198,1,0.7,0.7
"506","14.3","2",0.461538461538462,"n",0.3,0.138572050499249,1.4,16.3,20,0.0104663419582044,1,0.7,0.7
"507","15.7","2",0.538461538461538,"n",0.35,0.139080597104346,1.4,16.3,20,0.0105693470598451,1,0.7,0.7
"508","17.1","2",0.583333333333333,"n",0.35,0.137908746460288,1.5,16.5,20,0.0106732912198838,1,0.7,0.7
"509","18.6","2",0.5,"n",0.285714285714286,0.124538376757262,1.7,16.2,21,0.0107781828864733,1,0.7,0.7
"510","20","2",0.636363636363636,"n",0.35,0.137214253152647,1.6,16.5,20,0.0108840305426691,1,0.7,0.7
"511","7.1","0",0.333333333333333,"a",0.19047619047619,0.116368825036374,2,15.3,21,0.00986958497301749,1,0.7,0.7
"512","8.5","0",0.272727272727273,"a",0.142857142857143,0.118278926537477,1.9,15.5,21,0.00996711226403505,1,0.7,0.7
"513","10","0",0.111111111111111,"a",0.05,0.133736466596882,1.6,15.7,20,0.0100655292875077,1,0.7,0.7
"514","11.4","0",0.125,"a",0.05,0.135883989213905,1.5,15.9,20,0.0102631153053862,1,0.7,0.7
"515","12.8","0",0.125,"a",0.05,0.136401163207502,1.5,16.1,20,0.0103642675006198,1,0.7,0.7
"516","14.3","0",0.142857142857143,"a",0.05,0.138572050499249,1.4,16.3,20,0.0104663419582044,1,0.7,0.7
"517","15.7","0",0.285714285714286,"a",0.1,0.139080597104346,1.4,16.3,20,0.0105693470598451,1,0.7,0.7
"518","17.1","0",0.375,"a",0.15,0.137908746460288,1.5,16.5,20,0.0106732912198838,1,0.7,0.7
"519","18.6","0",0.333333333333333,"a",0.142857142857143,0.124538376757262,1.7,16.2,21,0.0107781828864733,1,0.7,0.7
"520","20","0",0.444444444444444,"a",0.2,0.137214253152647,1.6,16.5,20,0.0108840305426691,1,0.7,0.7
"521","7.1","1",0,"a",0,0.116368825036374,2,15.3,21,0.00986958497301749,1,0.7,0.7
"522","8.5","1",0,"a",0,0.118278926537477,1.9,15.5,21,0.00996711226403505,1,0.7,0.7
"523","10","1",0,"a",0,0.133736466596882,1.6,15.7,20,0.0100655292875077,1,0.7,0.7
"524","11.4","1",0,"a",0,0.135883989213905,1.5,15.9,20,0.0102631153053862,1,0.7,0.7
"525","12.8","1",0,"a",0,0.136401163207502,1.5,16.1,20,0.0103642675006198,1,0.7,0.7
"526","14.3","1",0,"a",0,0.138572050499249,1.4,16.3,20,0.0104663419582044,1,0.7,0.7
"527","15.7","1",0,"a",0,0.139080597104346,1.4,16.3,20,0.0105693470598451,1,0.7,0.7
"528","17.1","1",0,"a",0,0.137908746460288,1.5,16.5,20,0.0106732912198838,1,0.7,0.7
"529","18.6","1",0,"a",0,0.124538376757262,1.7,16.2,21,0.0107781828864733,1,0.7,0.7
"530","20","1",0,"a",0,0.137214253152647,1.6,16.5,20,0.0108840305426691,1,0.7,0.7
"531","7.1","2",0.666666666666667,"a",0.380952380952381,0.116368825036374,2,15.3,21,0.00986958497301749,1,0.7,0.7
"532","8.5","2",0.727272727272727,"a",0.380952380952381,0.118278926537477,1.9,15.5,21,0.00996711226403505,1,0.7,0.7
"533","10","2",0.888888888888889,"a",0.4,0.133736466596882,1.6,15.7,20,0.0100655292875077,1,0.7,0.7
"534","11.4","2",0.875,"a",0.35,0.135883989213905,1.5,15.9,20,0.0102631153053862,1,0.7,0.7
"535","12.8","2",0.875,"a",0.35,0.136401163207502,1.5,16.1,20,0.0103642675006198,1,0.7,0.7
"536","14.3","2",0.857142857142857,"a",0.3,0.138572050499249,1.4,16.3,20,0.0104663419582044,1,0.7,0.7
"537","15.7","2",0.714285714285714,"a",0.25,0.139080597104346,1.4,16.3,20,0.0105693470598451,1,0.7,0.7
"538","17.1","2",0.625,"a",0.25,0.137908746460288,1.5,16.5,20,0.0106732912198838,1,0.7,0.7
"539","18.6","2",0.666666666666667,"a",0.285714285714286,0.124538376757262,1.7,16.2,21,0.0107781828864733,1,0.7,0.7
"540","20","2",0.555555555555556,"a",0.25,0.137214253152647,1.6,16.5,20,0.0108840305426691,1,0.7,0.7
"541","7.1","0",0.166666666666667,"n",0.0476190476190476,0.112233601616312,2.3,15.3,21,0.00986958497301749,1,0.8,0.8
"542","8.5","0",0,"n",0,0.111357136566345,2.4,15.5,21,0.00996711226403505,1,0.8,0.8
"543","10","0",0,"n",0,0.100510201457987,2.6,15.2,22,0.0100655292875077,1,0.8,0.8
"544","11.4","0",0.5,"n",0.227272727272727,0.107213150016103,2.1,15.3,22,0.0102631153053862,1,0.8,0.8
"545","12.8","0",0.583333333333333,"n",0.35,0.136401163207502,1.5,16.1,20,0.0103642675006198,1,0.8,0.8
"546","14.3","0",0.705882352941177,"n",0.48,0.0855721053674775,3.2,14.8,25,0.0104663419582044,1,0.8,0.8
"547","15.7","0",0.705882352941177,"n",0.48,0.085964202391257,3.2,14.8,25,0.0105693470598451,1,0.8,0.8
"548","17.1","0",0.666666666666667,"n",0.48,0.0874000858591923,3.1,15,25,0.0106732912198838,1,0.8,0.8
"549","18.6","0",0.75,"n",0.535714285714286,0.0655285212935328,3.8,13.8,28,0.0107781828864733,1,0.8,0.8
"550","20","0",0.722222222222222,"n",0.481481481481481,0.0697165181924295,3.7,14.2,27,0.0108840305426691,1,0.8,0.8
"551","7.1","1",0.166666666666667,"n",0.0476190476190476,0.112233601616312,2.3,15.3,21,0.00986958497301749,1,0.8,0.8
"552","8.5","1",0.2,"n",0.0476190476190476,0.111357136566345,2.4,15.5,21,0.00996711226403505,1,0.8,0.8
"553","10","1",0.2,"n",0.0454545454545455,0.100510201457987,2.6,15.2,22,0.0100655292875077,1,0.8,0.8
"554","11.4","1",0.1,"n",0.0454545454545455,0.107213150016103,2.1,15.3,22,0.0102631153053862,1,0.8,0.8
"555","12.8","1",0.0833333333333333,"n",0.05,0.136401163207502,1.5,16.1,20,0.0103642675006198,1,0.8,0.8
"556","14.3","1",0.0588235294117647,"n",0.04,0.0855721053674775,3.2,14.8,25,0.0104663419582044,1,0.8,0.8
"557","15.7","1",0,"n",0,0.085964202391257,3.2,14.8,25,0.0105693470598451,1,0.8,0.8
"558","17.1","1",0.0555555555555556,"n",0.04,0.0874000858591923,3.1,15,25,0.0106732912198838,1,0.8,0.8
"559","18.6","1",0,"n",0,0.0655285212935328,3.8,13.8,28,0.0107781828864733,1,0.8,0.8
"560","20","1",0,"n",0,0.0697165181924295,3.7,14.2,27,0.0108840305426691,1,0.8,0.8
"561","7.1","2",0.666666666666667,"n",0.19047619047619,0.112233601616312,2.3,15.3,21,0.00986958497301749,1,0.8,0.8
"562","8.5","2",0.8,"n",0.19047619047619,0.111357136566345,2.4,15.5,21,0.00996711226403505,1,0.8,0.8
"563","10","2",0.8,"n",0.181818181818182,0.100510201457987,2.6,15.2,22,0.0100655292875077,1,0.8,0.8
"564","11.4","2",0.4,"n",0.181818181818182,0.107213150016103,2.1,15.3,22,0.0102631153053862,1,0.8,0.8
"565","12.8","2",0.333333333333333,"n",0.2,0.136401163207502,1.5,16.1,20,0.0103642675006198,1,0.8,0.8
"566","14.3","2",0.235294117647059,"n",0.16,0.0855721053674775,3.2,14.8,25,0.0104663419582044,1,0.8,0.8
"567","15.7","2",0.294117647058824,"n",0.2,0.085964202391257,3.2,14.8,25,0.0105693470598451,1,0.8,0.8
"568","17.1","2",0.277777777777778,"n",0.2,0.0874000858591923,3.1,15,25,0.0106732912198838,1,0.8,0.8
"569","18.6","2",0.25,"n",0.178571428571429,0.0655285212935328,3.8,13.8,28,0.0107781828864733,1,0.8,0.8
"570","20","2",0.277777777777778,"n",0.185185185185185,0.0697165181924295,3.7,14.2,27,0.0108840305426691,1,0.8,0.8
"571","7.1","0",0.466666666666667,"a",0.333333333333333,0.112233601616312,2.3,15.3,21,0.00986958497301749,1,0.8,0.8
"572","8.5","0",0.5,"a",0.380952380952381,0.111357136566345,2.4,15.5,21,0.00996711226403505,1,0.8,0.8
"573","10","0",0.529411764705882,"a",0.409090909090909,0.100510201457987,2.6,15.2,22,0.0100655292875077,1,0.8,0.8
"574","11.4","0",0.333333333333333,"a",0.181818181818182,0.107213150016103,2.1,15.3,22,0.0102631153053862,1,0.8,0.8
"575","12.8","0",0,"a",0,0.136401163207502,1.5,16.1,20,0.0103642675006198,1,0.8,0.8
"576","14.3","0",0,"a",0,0.0855721053674775,3.2,14.8,25,0.0104663419582044,1,0.8,0.8
"577","15.7","0",0,"a",0,0.085964202391257,3.2,14.8,25,0.0105693470598451,1,0.8,0.8
"578","17.1","0",0,"a",0,0.0874000858591923,3.1,15,25,0.0106732912198838,1,0.8,0.8
"579","18.6","0",0,"a",0,0.0655285212935328,3.8,13.8,28,0.0107781828864733,1,0.8,0.8
"580","20","0",0,"a",0,0.0697165181924295,3.7,14.2,27,0.0108840305426691,1,0.8,0.8
"581","7.1","1",0,"a",0,0.112233601616312,2.3,15.3,21,0.00986958497301749,1,0.8,0.8
"582","8.5","1",0,"a",0,0.111357136566345,2.4,15.5,21,0.00996711226403505,1,0.8,0.8
"583","10","1",0,"a",0,0.100510201457987,2.6,15.2,22,0.0100655292875077,1,0.8,0.8
"584","11.4","1",0,"a",0,0.107213150016103,2.1,15.3,22,0.0102631153053862,1,0.8,0.8
"585","12.8","1",0,"a",0,0.136401163207502,1.5,16.1,20,0.0103642675006198,1,0.8,0.8
"586","14.3","1",0,"a",0,0.0855721053674775,3.2,14.8,25,0.0104663419582044,1,0.8,0.8
"587","15.7","1",0.125,"a",0.04,0.085964202391257,3.2,14.8,25,0.0105693470598451,1,0.8,0.8
"588","17.1","1",0,"a",0,0.0874000858591923,3.1,15,25,0.0106732912198838,1,0.8,0.8
"589","18.6","1",0.125,"a",0.0357142857142857,0.0655285212935328,3.8,13.8,28,0.0107781828864733,1,0.8,0.8
"590","20","1",0.333333333333333,"a",0.111111111111111,0.0697165181924295,3.7,14.2,27,0.0108840305426691,1,0.8,0.8
"591","7.1","2",0.533333333333333,"a",0.380952380952381,0.112233601616312,2.3,15.3,21,0.00986958497301749,1,0.8,0.8
"592","8.5","2",0.5,"a",0.380952380952381,0.111357136566345,2.4,15.5,21,0.00996711226403505,1,0.8,0.8
"593","10","2",0.470588235294118,"a",0.363636363636364,0.100510201457987,2.6,15.2,22,0.0100655292875077,1,0.8,0.8
"594","11.4","2",0.666666666666667,"a",0.363636363636364,0.107213150016103,2.1,15.3,22,0.0102631153053862,1,0.8,0.8
"595","12.8","2",1,"a",0.4,0.136401163207502,1.5,16.1,20,0.0103642675006198,1,0.8,0.8
"596","14.3","2",1,"a",0.32,0.0855721053674775,3.2,14.8,25,0.0104663419582044,1,0.8,0.8
"597","15.7","2",0.875,"a",0.28,0.085964202391257,3.2,14.8,25,0.0105693470598451,1,0.8,0.8
"598","17.1","2",1,"a",0.28,0.0874000858591923,3.1,15,25,0.0106732912198838,1,0.8,0.8
"599","18.6","2",0.875,"a",0.25,0.0655285212935328,3.8,13.8,28,0.0107781828864733,1,0.8,0.8
"600","20","2",0.666666666666667,"a",0.222222222222222,0.0697165181924295,3.7,14.2,27,0.0108840305426691,1,0.8,0.8
"601","7.1","0",0.6,"n",0.48,0.0876544933811112,3.6,14.1,25,0.00986958497301749,1,0.9,0.9
"602","8.5","0",0.6,"n",0.48,0.0880958824485456,3.6,14.3,25,0.00996711226403505,1,0.9,0.9
"603","10","0",0.6,"n",0.48,0.0885311075984768,3.6,14.3,25,0.0100655292875077,1,0.9,0.9
"604","11.4","0",0.6,"n",0.48,0.0889603268756604,3.6,14.4,25,0.0102631153053862,1,0.9,0.9
"605","12.8","0",0.6,"n",0.48,0.089383692418775,3.6,14.6,25,0.0103642675006198,1,0.9,0.9
"606","14.3","0",0.578947368421053,"n",0.458333333333333,0.0986515746662332,3.4,15.1,24,0.0104663419582044,1,0.9,0.9
"607","15.7","0",0.578947368421053,"n",0.458333333333333,0.0978976145741566,3.4,15.1,24,0.0105693470598451,1,0.9,0.9
"608","17.1","0",0.578947368421053,"n",0.458333333333333,0.0983212381194813,3.4,15.3,24,0.0106732912198838,1,0.9,0.9
"609","18.6","0",0.578947368421053,"n",0.458333333333333,0.0987392674521335,3.4,15.3,24,0.0107781828864733,1,0.9,0.9
"610","20","0",0.578947368421053,"n",0.458333333333333,0.100355551961337,3.4,15.3,24,0.0108840305426691,1,0.9,0.9
"611","7.1","1",0,"n",0,0.0876544933811112,3.6,14.1,25,0.00986958497301749,1,0.9,0.9
"612","8.5","1",0,"n",0,0.0880958824485456,3.6,14.3,25,0.00996711226403505,1,0.9,0.9
"613","10","1",0,"n",0,0.0885311075984768,3.6,14.3,25,0.0100655292875077,1,0.9,0.9
"614","11.4","1",0,"n",0,0.0889603268756604,3.6,14.4,25,0.0102631153053862,1,0.9,0.9
"615","12.8","1",0,"n",0,0.089383692418775,3.6,14.6,25,0.0103642675006198,1,0.9,0.9
"616","14.3","1",0,"n",0,0.0986515746662332,3.4,15.1,24,0.0104663419582044,1,0.9,0.9
"617","15.7","1",0,"n",0,0.0978976145741566,3.4,15.1,24,0.0105693470598451,1,0.9,0.9
"618","17.1","1",0,"n",0,0.0983212381194813,3.4,15.3,24,0.0106732912198838,1,0.9,0.9
"619","18.6","1",0,"n",0,0.0987392674521335,3.4,15.3,24,0.0107781828864733,1,0.9,0.9
"620","20","1",0,"n",0,0.100355551961337,3.4,15.3,24,0.0108840305426691,1,0.9,0.9
"621","7.1","2",0.4,"n",0.32,0.0876544933811112,3.6,14.1,25,0.00986958497301749,1,0.9,0.9
"622","8.5","2",0.4,"n",0.32,0.0880958824485456,3.6,14.3,25,0.00996711226403505,1,0.9,0.9
"623","10","2",0.4,"n",0.32,0.0885311075984768,3.6,14.3,25,0.0100655292875077,1,0.9,0.9
"624","11.4","2",0.4,"n",0.32,0.0889603268756604,3.6,14.4,25,0.0102631153053862,1,0.9,0.9
"625","12.8","2",0.4,"n",0.32,0.089383692418775,3.6,14.6,25,0.0103642675006198,1,0.9,0.9
"626","14.3","2",0.421052631578947,"n",0.333333333333333,0.0986515746662332,3.4,15.1,24,0.0104663419582044,1,0.9,0.9
"627","15.7","2",0.421052631578947,"n",0.333333333333333,0.0978976145741566,3.4,15.1,24,0.0105693470598451,1,0.9,0.9
"628","17.1","2",0.421052631578947,"n",0.333333333333333,0.0983212381194813,3.4,15.3,24,0.0106732912198838,1,0.9,0.9
"629","18.6","2",0.421052631578947,"n",0.333333333333333,0.0987392674521335,3.4,15.3,24,0.0107781828864733,1,0.9,0.9
"630","20","2",0.421052631578947,"n",0.333333333333333,0.100355551961337,3.4,15.3,24,0.0108840305426691,1,0.9,0.9
"631","7.1","0",0,"a",0,0.0876544933811112,3.6,14.1,25,0.00986958497301749,1,0.9,0.9
"632","8.5","0",0,"a",0,0.0880958824485456,3.6,14.3,25,0.00996711226403505,1,0.9,0.9
"633","10","0",0,"a",0,0.0885311075984768,3.6,14.3,25,0.0100655292875077,1,0.9,0.9
"634","11.4","0",0,"a",0,0.0889603268756604,3.6,14.4,25,0.0102631153053862,1,0.9,0.9
"635","12.8","0",0,"a",0,0.089383692418775,3.6,14.6,25,0.0103642675006198,1,0.9,0.9
"636","14.3","0",0,"a",0,0.0986515746662332,3.4,15.1,24,0.0104663419582044,1,0.9,0.9
"637","15.7","0",0,"a",0,0.0978976145741566,3.4,15.1,24,0.0105693470598451,1,0.9,0.9
"638","17.1","0",0,"a",0,0.0983212381194813,3.4,15.3,24,0.0106732912198838,1,0.9,0.9
"639","18.6","0",0,"a",0,0.0987392674521335,3.4,15.3,24,0.0107781828864733,1,0.9,0.9
"640","20","0",0,"a",0,0.100355551961337,3.4,15.3,24,0.0108840305426691,1,0.9,0.9
"641","7.1","1",0,"a",0,0.0876544933811112,3.6,14.1,25,0.00986958497301749,1,0.9,0.9
"642","8.5","1",0,"a",0,0.0880958824485456,3.6,14.3,25,0.00996711226403505,1,0.9,0.9
"643","10","1",0,"a",0,0.0885311075984768,3.6,14.3,25,0.0100655292875077,1,0.9,0.9
"644","11.4","1",0,"a",0,0.0889603268756604,3.6,14.4,25,0.0102631153053862,1,0.9,0.9
"645","12.8","1",0,"a",0,0.089383692418775,3.6,14.6,25,0.0103642675006198,1,0.9,0.9
"646","14.3","1",0,"a",0,0.0986515746662332,3.4,15.1,24,0.0104663419582044,1,0.9,0.9
"647","15.7","1",0.2,"a",0.0416666666666667,0.0978976145741566,3.4,15.1,24,0.0105693470598451,1,0.9,0.9
"648","17.1","1",0.2,"a",0.0416666666666667,0.0983212381194813,3.4,15.3,24,0.0106732912198838,1,0.9,0.9
"649","18.6","1",0.2,"a",0.0416666666666667,0.0987392674521335,3.4,15.3,24,0.0107781828864733,1,0.9,0.9
"650","20","1",0,"a",0,0.100355551961337,3.4,15.3,24,0.0108840305426691,1,0.9,0.9
"651","7.1","2",1,"a",0.2,0.0876544933811112,3.6,14.1,25,0.00986958497301749,1,0.9,0.9
"652","8.5","2",1,"a",0.2,0.0880958824485456,3.6,14.3,25,0.00996711226403505,1,0.9,0.9
"653","10","2",1,"a",0.2,0.0885311075984768,3.6,14.3,25,0.0100655292875077,1,0.9,0.9
"654","11.4","2",1,"a",0.2,0.0889603268756604,3.6,14.4,25,0.0102631153053862,1,0.9,0.9
"655","12.8","2",1,"a",0.2,0.089383692418775,3.6,14.6,25,0.0103642675006198,1,0.9,0.9
"656","14.3","2",1,"a",0.208333333333333,0.0986515746662332,3.4,15.1,24,0.0104663419582044,1,0.9,0.9
"657","15.7","2",0.8,"a",0.166666666666667,0.0978976145741566,3.4,15.1,24,0.0105693470598451,1,0.9,0.9
"658","17.1","2",0.8,"a",0.166666666666667,0.0983212381194813,3.4,15.3,24,0.0106732912198838,1,0.9,0.9
"659","18.6","2",0.8,"a",0.166666666666667,0.0987392674521335,3.4,15.3,24,0.0107781828864733,1,0.9,0.9
"660","20","2",1,"a",0.208333333333333,0.100355551961337,3.4,15.3,24,0.0108840305426691,1,0.9,0.9
