"","Wstart","Beh","p","h","p.tot","S.cum.riv","G.riv","G.ocean","dur","ya","yn","yn_ya"
"1","7.1","0",0,"n",0,0.345213052788458,5.5,0,59,0.1,1,10
"2","8.5","0",0,"n",0,0.345935318481183,5.5,0,59,0.1,1,10
"3","10","0",0,"n",0,0.346645431853015,5.5,0,59,0.1,1,10
"4","11.4","0",0,"n",0,0.347343752451104,5.5,0,59,0.1,1,10
"5","12.8","0",0,"n",0,0.348030624663203,5.5,0,59,0.1,1,10
"6","14.3","0",0,"n",0,0.348706378543631,5.5,0,59,0.1,1,10
"7","15.7","0",0,"n",0,0.34937133058434,5.5,0,59,0.1,1,10
"8","17.1","0",0,"n",0,0.350025784435286,5.5,0,59,0.1,1,10
"9","18.6","0",0,"n",0,0.350670031578052,5.5,0,59,0.1,1,10
"10","20","0",0,"n",0,0.351304351956337,5.5,0,59,0.1,1,10
"11","7.1","1",0,"n",0,0.345213052788458,5.5,0,59,0.1,1,10
"12","8.5","1",0,"n",0,0.345935318481183,5.5,0,59,0.1,1,10
"13","10","1",0,"n",0,0.346645431853015,5.5,0,59,0.1,1,10
"14","11.4","1",0,"n",0,0.347343752451104,5.5,0,59,0.1,1,10
"15","12.8","1",0,"n",0,0.348030624663203,5.5,0,59,0.1,1,10
"16","14.3","1",0,"n",0,0.348706378543631,5.5,0,59,0.1,1,10
"17","15.7","1",0,"n",0,0.34937133058434,5.5,0,59,0.1,1,10
"18","17.1","1",0,"n",0,0.350025784435286,5.5,0,59,0.1,1,10
"19","18.6","1",0,"n",0,0.350670031578052,5.5,0,59,0.1,1,10
"20","20","1",0,"n",0,0.351304351956337,5.5,0,59,0.1,1,10
"21","7.1","2",1,"n",0.0847457627118644,0.345213052788458,5.5,0,59,0.1,1,10
"22","8.5","2",1,"n",0.0847457627118644,0.345935318481183,5.5,0,59,0.1,1,10
"23","10","2",1,"n",0.0847457627118644,0.346645431853015,5.5,0,59,0.1,1,10
"24","11.4","2",1,"n",0.0847457627118644,0.347343752451104,5.5,0,59,0.1,1,10
"25","12.8","2",1,"n",0.0847457627118644,0.348030624663203,5.5,0,59,0.1,1,10
"26","14.3","2",1,"n",0.0847457627118644,0.348706378543631,5.5,0,59,0.1,1,10
"27","15.7","2",1,"n",0.0847457627118644,0.34937133058434,5.5,0,59,0.1,1,10
"28","17.1","2",1,"n",0.0847457627118644,0.350025784435286,5.5,0,59,0.1,1,10
"29","18.6","2",1,"n",0.0847457627118644,0.350670031578052,5.5,0,59,0.1,1,10
"30","20","2",1,"n",0.0847457627118644,0.351304351956337,5.5,0,59,0.1,1,10
"31","7.1","0",0.777777777777778,"a",0.711864406779661,0.345213052788458,5.5,0,59,0.1,1,10
"32","8.5","0",0.777777777777778,"a",0.711864406779661,0.345935318481183,5.5,0,59,0.1,1,10
"33","10","0",0.777777777777778,"a",0.711864406779661,0.346645431853015,5.5,0,59,0.1,1,10
"34","11.4","0",0.777777777777778,"a",0.711864406779661,0.347343752451104,5.5,0,59,0.1,1,10
"35","12.8","0",0.777777777777778,"a",0.711864406779661,0.348030624663203,5.5,0,59,0.1,1,10
"36","14.3","0",0.777777777777778,"a",0.711864406779661,0.348706378543631,5.5,0,59,0.1,1,10
"37","15.7","0",0.777777777777778,"a",0.711864406779661,0.34937133058434,5.5,0,59,0.1,1,10
"38","17.1","0",0.777777777777778,"a",0.711864406779661,0.350025784435286,5.5,0,59,0.1,1,10
"39","18.6","0",0.777777777777778,"a",0.711864406779661,0.350670031578052,5.5,0,59,0.1,1,10
"40","20","0",0.777777777777778,"a",0.711864406779661,0.351304351956337,5.5,0,59,0.1,1,10
"41","7.1","1",0.166666666666667,"a",0.152542372881356,0.345213052788458,5.5,0,59,0.1,1,10
"42","8.5","1",0.166666666666667,"a",0.152542372881356,0.345935318481183,5.5,0,59,0.1,1,10
"43","10","1",0.166666666666667,"a",0.152542372881356,0.346645431853015,5.5,0,59,0.1,1,10
"44","11.4","1",0.166666666666667,"a",0.152542372881356,0.347343752451104,5.5,0,59,0.1,1,10
"45","12.8","1",0.166666666666667,"a",0.152542372881356,0.348030624663203,5.5,0,59,0.1,1,10
"46","14.3","1",0.166666666666667,"a",0.152542372881356,0.348706378543631,5.5,0,59,0.1,1,10
"47","15.7","1",0.166666666666667,"a",0.152542372881356,0.34937133058434,5.5,0,59,0.1,1,10
"48","17.1","1",0.166666666666667,"a",0.152542372881356,0.350025784435286,5.5,0,59,0.1,1,10
"49","18.6","1",0.166666666666667,"a",0.152542372881356,0.350670031578052,5.5,0,59,0.1,1,10
"50","20","1",0.166666666666667,"a",0.152542372881356,0.351304351956337,5.5,0,59,0.1,1,10
"51","7.1","2",0.0555555555555556,"a",0.0508474576271186,0.345213052788458,5.5,0,59,0.1,1,10
"52","8.5","2",0.0555555555555556,"a",0.0508474576271186,0.345935318481183,5.5,0,59,0.1,1,10
"53","10","2",0.0555555555555556,"a",0.0508474576271186,0.346645431853015,5.5,0,59,0.1,1,10
"54","11.4","2",0.0555555555555556,"a",0.0508474576271186,0.347343752451104,5.5,0,59,0.1,1,10
"55","12.8","2",0.0555555555555556,"a",0.0508474576271186,0.348030624663203,5.5,0,59,0.1,1,10
"56","14.3","2",0.0555555555555556,"a",0.0508474576271186,0.348706378543631,5.5,0,59,0.1,1,10
"57","15.7","2",0.0555555555555556,"a",0.0508474576271186,0.34937133058434,5.5,0,59,0.1,1,10
"58","17.1","2",0.0555555555555556,"a",0.0508474576271186,0.350025784435286,5.5,0,59,0.1,1,10
"59","18.6","2",0.0555555555555556,"a",0.0508474576271186,0.350670031578052,5.5,0,59,0.1,1,10
"60","20","2",0.0555555555555556,"a",0.0508474576271186,0.351304351956337,5.5,0,59,0.1,1,10
"61","7.1","0",0,"n",0,0.106334971388147,5.5,0,59,0.3,1,3.33333333333333
"62","8.5","0",0,"n",0,0.106789054098693,5.5,0,59,0.3,1,3.33333333333333
"63","10","0",0,"n",0,0.107236457925881,5.5,0,59,0.3,1,3.33333333333333
"64","11.4","0",0,"n",0,0.107677361262291,5.5,0,59,0.3,1,3.33333333333333
"65","12.8","0",0,"n",0,0.108111935595046,5.5,0,59,0.3,1,3.33333333333333
"66","14.3","0",0,"n",0,0.108540345854922,5.5,0,59,0.3,1,3.33333333333333
"67","15.7","0",0,"n",0,0.275703275713529,2.6,12.8,30,0.3,1,3.33333333333333
"68","17.1","0",0,"n",0,0.267700135878884,2.6,12.5,31,0.3,1,3.33333333333333
"69","18.6","0",0,"n",0,0.285842077646701,2.5,13.4,29,0.3,1,3.33333333333333
"70","20","0",0,"n",0,0.268904272357684,2.7,12.5,31,0.3,1,3.33333333333333
"71","7.1","1",0,"n",0,0.106334971388147,5.5,0,59,0.3,1,3.33333333333333
"72","8.5","1",0,"n",0,0.106789054098693,5.5,0,59,0.3,1,3.33333333333333
"73","10","1",0,"n",0,0.107236457925881,5.5,0,59,0.3,1,3.33333333333333
"74","11.4","1",0,"n",0,0.107677361262291,5.5,0,59,0.3,1,3.33333333333333
"75","12.8","1",0,"n",0,0.108111935595046,5.5,0,59,0.3,1,3.33333333333333
"76","14.3","1",0,"n",0,0.108540345854922,5.5,0,59,0.3,1,3.33333333333333
"77","15.7","1",0,"n",0,0.275703275713529,2.6,12.8,30,0.3,1,3.33333333333333
"78","17.1","1",0,"n",0,0.267700135878884,2.6,12.5,31,0.3,1,3.33333333333333
"79","18.6","1",0,"n",0,0.285842077646701,2.5,13.4,29,0.3,1,3.33333333333333
"80","20","1",0,"n",0,0.268904272357684,2.7,12.5,31,0.3,1,3.33333333333333
"81","7.1","2",1,"n",0.0847457627118644,0.106334971388147,5.5,0,59,0.3,1,3.33333333333333
"82","8.5","2",1,"n",0.0847457627118644,0.106789054098693,5.5,0,59,0.3,1,3.33333333333333
"83","10","2",1,"n",0.0847457627118644,0.107236457925881,5.5,0,59,0.3,1,3.33333333333333
"84","11.4","2",1,"n",0.0847457627118644,0.107677361262291,5.5,0,59,0.3,1,3.33333333333333
"85","12.8","2",1,"n",0.0847457627118644,0.108111935595046,5.5,0,59,0.3,1,3.33333333333333
"86","14.3","2",1,"n",0.0847457627118644,0.108540345854922,5.5,0,59,0.3,1,3.33333333333333
"87","15.7","2",1,"n",0.166666666666667,0.275703275713529,2.6,12.8,30,0.3,1,3.33333333333333
"88","17.1","2",1,"n",0.161290322580645,0.267700135878884,2.6,12.5,31,0.3,1,3.33333333333333
"89","18.6","2",1,"n",0.172413793103448,0.285842077646701,2.5,13.4,29,0.3,1,3.33333333333333
"90","20","2",1,"n",0.161290322580645,0.268904272357684,2.7,12.5,31,0.3,1,3.33333333333333
"91","7.1","0",0.777777777777778,"a",0.711864406779661,0.106334971388147,5.5,0,59,0.3,1,3.33333333333333
"92","8.5","0",0.777777777777778,"a",0.711864406779661,0.106789054098693,5.5,0,59,0.3,1,3.33333333333333
"93","10","0",0.777777777777778,"a",0.711864406779661,0.107236457925881,5.5,0,59,0.3,1,3.33333333333333
"94","11.4","0",0.777777777777778,"a",0.711864406779661,0.107677361262291,5.5,0,59,0.3,1,3.33333333333333
"95","12.8","0",0.777777777777778,"a",0.711864406779661,0.108111935595046,5.5,0,59,0.3,1,3.33333333333333
"96","14.3","0",0.777777777777778,"a",0.711864406779661,0.108540345854922,5.5,0,59,0.3,1,3.33333333333333
"97","15.7","0",0.56,"a",0.466666666666667,0.275703275713529,2.6,12.8,30,0.3,1,3.33333333333333
"98","17.1","0",0.576923076923077,"a",0.483870967741935,0.267700135878884,2.6,12.5,31,0.3,1,3.33333333333333
"99","18.6","0",0.541666666666667,"a",0.448275862068966,0.285842077646701,2.5,13.4,29,0.3,1,3.33333333333333
"100","20","0",0.576923076923077,"a",0.483870967741935,0.268904272357684,2.7,12.5,31,0.3,1,3.33333333333333
"101","7.1","1",0.166666666666667,"a",0.152542372881356,0.106334971388147,5.5,0,59,0.3,1,3.33333333333333
"102","8.5","1",0.166666666666667,"a",0.152542372881356,0.106789054098693,5.5,0,59,0.3,1,3.33333333333333
"103","10","1",0.166666666666667,"a",0.152542372881356,0.107236457925881,5.5,0,59,0.3,1,3.33333333333333
"104","11.4","1",0.166666666666667,"a",0.152542372881356,0.107677361262291,5.5,0,59,0.3,1,3.33333333333333
"105","12.8","1",0.166666666666667,"a",0.152542372881356,0.108111935595046,5.5,0,59,0.3,1,3.33333333333333
"106","14.3","1",0.166666666666667,"a",0.152542372881356,0.108540345854922,5.5,0,59,0.3,1,3.33333333333333
"107","15.7","1",0.28,"a",0.233333333333333,0.275703275713529,2.6,12.8,30,0.3,1,3.33333333333333
"108","17.1","1",0.269230769230769,"a",0.225806451612903,0.267700135878884,2.6,12.5,31,0.3,1,3.33333333333333
"109","18.6","1",0.291666666666667,"a",0.241379310344828,0.285842077646701,2.5,13.4,29,0.3,1,3.33333333333333
"110","20","1",0.269230769230769,"a",0.225806451612903,0.268904272357684,2.7,12.5,31,0.3,1,3.33333333333333
"111","7.1","2",0.0555555555555556,"a",0.0508474576271186,0.106334971388147,5.5,0,59,0.3,1,3.33333333333333
"112","8.5","2",0.0555555555555556,"a",0.0508474576271186,0.106789054098693,5.5,0,59,0.3,1,3.33333333333333
"113","10","2",0.0555555555555556,"a",0.0508474576271186,0.107236457925881,5.5,0,59,0.3,1,3.33333333333333
"114","11.4","2",0.0555555555555556,"a",0.0508474576271186,0.107677361262291,5.5,0,59,0.3,1,3.33333333333333
"115","12.8","2",0.0555555555555556,"a",0.0508474576271186,0.108111935595046,5.5,0,59,0.3,1,3.33333333333333
"116","14.3","2",0.0555555555555556,"a",0.0508474576271186,0.108540345854922,5.5,0,59,0.3,1,3.33333333333333
"117","15.7","2",0.16,"a",0.133333333333333,0.275703275713529,2.6,12.8,30,0.3,1,3.33333333333333
"118","17.1","2",0.153846153846154,"a",0.129032258064516,0.267700135878884,2.6,12.5,31,0.3,1,3.33333333333333
"119","18.6","2",0.166666666666667,"a",0.137931034482759,0.285842077646701,2.5,13.4,29,0.3,1,3.33333333333333
"120","20","2",0.153846153846154,"a",0.129032258064516,0.268904272357684,2.7,12.5,31,0.3,1,3.33333333333333
"121","7.1","0",0,"n",0,0.188216682122283,2.1,13.4,27,0.5,1,2
"122","8.5","0",0,"n",0,0.186557920155855,2.1,13.6,27,0.5,1,2
"123","10","0",0,"n",0,0.166202143577835,2.5,12.8,29,0.5,1,2
"124","11.4","0",0,"n",0,0.166749889711567,2.4,12.9,29,0.5,1,2
"125","12.8","0",0,"n",0,0.18072570480596,2.2,13.5,28,0.5,1,2
"126","14.3","0",0,"n",0,0.179108336010396,2.2,13.6,28,0.5,1,2
"127","15.7","0",0,"n",0,0.15966459820595,2.6,12.8,30,0.5,1,2
"128","17.1","0",0,"n",0,0.160168288524527,2.5,13,30,0.5,1,2
"129","18.6","0",0,"n",0,0.16936853851779,2.4,13.4,29,0.5,1,2
"130","20","0",0,"n",0,0.203807605631511,2,14.6,26,0.5,1,2
"131","7.1","1",0,"n",0,0.188216682122283,2.1,13.4,27,0.5,1,2
"132","8.5","1",0,"n",0,0.186557920155855,2.1,13.6,27,0.5,1,2
"133","10","1",0,"n",0,0.166202143577835,2.5,12.8,29,0.5,1,2
"134","11.4","1",0,"n",0,0.166749889711567,2.4,12.9,29,0.5,1,2
"135","12.8","1",0,"n",0,0.18072570480596,2.2,13.5,28,0.5,1,2
"136","14.3","1",0,"n",0,0.179108336010396,2.2,13.6,28,0.5,1,2
"137","15.7","1",0,"n",0,0.15966459820595,2.6,12.8,30,0.5,1,2
"138","17.1","1",0,"n",0,0.160168288524527,2.5,13,30,0.5,1,2
"139","18.6","1",0,"n",0,0.16936853851779,2.4,13.4,29,0.5,1,2
"140","20","1",0,"n",0,0.203807605631511,2,14.6,26,0.5,1,2
"141","7.1","2",1,"n",0.185185185185185,0.188216682122283,2.1,13.4,27,0.5,1,2
"142","8.5","2",1,"n",0.185185185185185,0.186557920155855,2.1,13.6,27,0.5,1,2
"143","10","2",1,"n",0.172413793103448,0.166202143577835,2.5,12.8,29,0.5,1,2
"144","11.4","2",1,"n",0.172413793103448,0.166749889711567,2.4,12.9,29,0.5,1,2
"145","12.8","2",1,"n",0.178571428571429,0.18072570480596,2.2,13.5,28,0.5,1,2
"146","14.3","2",1,"n",0.178571428571429,0.179108336010396,2.2,13.6,28,0.5,1,2
"147","15.7","2",1,"n",0.166666666666667,0.15966459820595,2.6,12.8,30,0.5,1,2
"148","17.1","2",1,"n",0.166666666666667,0.160168288524527,2.5,13,30,0.5,1,2
"149","18.6","2",1,"n",0.172413793103448,0.16936853851779,2.4,13.4,29,0.5,1,2
"150","20","2",1,"n",0.192307692307692,0.203807605631511,2,14.6,26,0.5,1,2
"151","7.1","0",0.590909090909091,"a",0.481481481481481,0.188216682122283,2.1,13.4,27,0.5,1,2
"152","8.5","0",0.545454545454545,"a",0.444444444444444,0.186557920155855,2.1,13.6,27,0.5,1,2
"153","10","0",0.541666666666667,"a",0.448275862068966,0.166202143577835,2.5,12.8,29,0.5,1,2
"154","11.4","0",0.541666666666667,"a",0.448275862068966,0.166749889711567,2.4,12.9,29,0.5,1,2
"155","12.8","0",0.608695652173913,"a",0.5,0.18072570480596,2.2,13.5,28,0.5,1,2
"156","14.3","0",0.565217391304348,"a",0.464285714285714,0.179108336010396,2.2,13.6,28,0.5,1,2
"157","15.7","0",0.56,"a",0.466666666666667,0.15966459820595,2.6,12.8,30,0.5,1,2
"158","17.1","0",0.56,"a",0.466666666666667,0.160168288524527,2.5,13,30,0.5,1,2
"159","18.6","0",0.541666666666667,"a",0.448275862068966,0.16936853851779,2.4,13.4,29,0.5,1,2
"160","20","0",0.571428571428571,"a",0.461538461538462,0.203807605631511,2,14.6,26,0.5,1,2
"161","7.1","1",0.136363636363636,"a",0.111111111111111,0.188216682122283,2.1,13.4,27,0.5,1,2
"162","8.5","1",0.227272727272727,"a",0.185185185185185,0.186557920155855,2.1,13.6,27,0.5,1,2
"163","10","1",0.291666666666667,"a",0.241379310344828,0.166202143577835,2.5,12.8,29,0.5,1,2
"164","11.4","1",0.291666666666667,"a",0.241379310344828,0.166749889711567,2.4,12.9,29,0.5,1,2
"165","12.8","1",0.130434782608696,"a",0.107142857142857,0.18072570480596,2.2,13.5,28,0.5,1,2
"166","14.3","1",0.217391304347826,"a",0.178571428571429,0.179108336010396,2.2,13.6,28,0.5,1,2
"167","15.7","1",0.28,"a",0.233333333333333,0.15966459820595,2.6,12.8,30,0.5,1,2
"168","17.1","1",0.28,"a",0.233333333333333,0.160168288524527,2.5,13,30,0.5,1,2
"169","18.6","1",0.291666666666667,"a",0.241379310344828,0.16936853851779,2.4,13.4,29,0.5,1,2
"170","20","1",0.142857142857143,"a",0.115384615384615,0.203807605631511,2,14.6,26,0.5,1,2
"171","7.1","2",0.272727272727273,"a",0.222222222222222,0.188216682122283,2.1,13.4,27,0.5,1,2
"172","8.5","2",0.227272727272727,"a",0.185185185185185,0.186557920155855,2.1,13.6,27,0.5,1,2
"173","10","2",0.166666666666667,"a",0.137931034482759,0.166202143577835,2.5,12.8,29,0.5,1,2
"174","11.4","2",0.166666666666667,"a",0.137931034482759,0.166749889711567,2.4,12.9,29,0.5,1,2
"175","12.8","2",0.260869565217391,"a",0.214285714285714,0.18072570480596,2.2,13.5,28,0.5,1,2
"176","14.3","2",0.217391304347826,"a",0.178571428571429,0.179108336010396,2.2,13.6,28,0.5,1,2
"177","15.7","2",0.16,"a",0.133333333333333,0.15966459820595,2.6,12.8,30,0.5,1,2
"178","17.1","2",0.16,"a",0.133333333333333,0.160168288524527,2.5,13,30,0.5,1,2
"179","18.6","2",0.166666666666667,"a",0.137931034482759,0.16936853851779,2.4,13.4,29,0.5,1,2
"180","20","2",0.285714285714286,"a",0.230769230769231,0.203807605631511,2,14.6,26,0.5,1,2
"181","7.1","0",0,"n",0,0.135255750364501,2.1,14.4,24,0.7,1,1.42857142857143
"182","8.5","0",0,"n",0,0.131540362024314,2,14.3,25,0.7,1,1.42857142857143
"183","10","0",0,"n",0,0.173756870364671,1.5,15.2,22,0.7,1,1.42857142857143
"184","11.4","0",0,"n",0,0.126979616802463,2.2,14.4,25,0.7,1,1.42857142857143
"185","12.8","0",0,"n",0,0.118671109242303,2.3,14.3,26,0.7,1,1.42857142857143
"186","14.3","0",0,"n",0,0.160157555404957,1.7,15.4,23,0.7,1,1.42857142857143
"187","15.7","0",0,"n",0,0.120064517539141,2.5,14.8,25,0.7,1,1.42857142857143
"188","17.1","0",0,"n",0,0.131419381811858,2.2,15,25,0.7,1,1.42857142857143
"189","18.6","0",0,"n",0,0.150175176697418,1.8,15.3,24,0.7,1,1.42857142857143
"190","20","0",0,"n",0,0.149713213783154,1.8,15.3,24,0.7,1,1.42857142857143
"191","7.1","1",0,"n",0,0.135255750364501,2.1,14.4,24,0.7,1,1.42857142857143
"192","8.5","1",0,"n",0,0.131540362024314,2,14.3,25,0.7,1,1.42857142857143
"193","10","1",0,"n",0,0.173756870364671,1.5,15.2,22,0.7,1,1.42857142857143
"194","11.4","1",0,"n",0,0.126979616802463,2.2,14.4,25,0.7,1,1.42857142857143
"195","12.8","1",0,"n",0,0.118671109242303,2.3,14.3,26,0.7,1,1.42857142857143
"196","14.3","1",0,"n",0,0.160157555404957,1.7,15.4,23,0.7,1,1.42857142857143
"197","15.7","1",0.3,"n",0.12,0.120064517539141,2.5,14.8,25,0.7,1,1.42857142857143
"198","17.1","1",0,"n",0,0.131419381811858,2.2,15,25,0.7,1,1.42857142857143
"199","18.6","1",0,"n",0,0.150175176697418,1.8,15.3,24,0.7,1,1.42857142857143
"200","20","1",0.166666666666667,"n",0.0416666666666667,0.149713213783154,1.8,15.3,24,0.7,1,1.42857142857143
"201","7.1","2",1,"n",0.333333333333333,0.135255750364501,2.1,14.4,24,0.7,1,1.42857142857143
"202","8.5","2",1,"n",0.2,0.131540362024314,2,14.3,25,0.7,1,1.42857142857143
"203","10","2",1,"n",0.227272727272727,0.173756870364671,1.5,15.2,22,0.7,1,1.42857142857143
"204","11.4","2",1,"n",0.32,0.126979616802463,2.2,14.4,25,0.7,1,1.42857142857143
"205","12.8","2",1,"n",0.269230769230769,0.118671109242303,2.3,14.3,26,0.7,1,1.42857142857143
"206","14.3","2",1,"n",0.217391304347826,0.160157555404957,1.7,15.4,23,0.7,1,1.42857142857143
"207","15.7","2",0.7,"n",0.28,0.120064517539141,2.5,14.8,25,0.7,1,1.42857142857143
"208","17.1","2",1,"n",0.28,0.131419381811858,2.2,15,25,0.7,1,1.42857142857143
"209","18.6","2",1,"n",0.208333333333333,0.150175176697418,1.8,15.3,24,0.7,1,1.42857142857143
"210","20","2",0.833333333333333,"n",0.208333333333333,0.149713213783154,1.8,15.3,24,0.7,1,1.42857142857143
"211","7.1","0",0.5625,"a",0.375,0.135255750364501,2.1,14.4,24,0.7,1,1.42857142857143
"212","8.5","0",0.45,"a",0.36,0.131540362024314,2,14.3,25,0.7,1,1.42857142857143
"213","10","0",0.529411764705882,"a",0.409090909090909,0.173756870364671,1.5,15.2,22,0.7,1,1.42857142857143
"214","11.4","0",0.588235294117647,"a",0.4,0.126979616802463,2.2,14.4,25,0.7,1,1.42857142857143
"215","12.8","0",0.526315789473684,"a",0.384615384615385,0.118671109242303,2.3,14.3,26,0.7,1,1.42857142857143
"216","14.3","0",0.5,"a",0.391304347826087,0.160157555404957,1.7,15.4,23,0.7,1,1.42857142857143
"217","15.7","0",0.6,"a",0.36,0.120064517539141,2.5,14.8,25,0.7,1,1.42857142857143
"218","17.1","0",0.555555555555556,"a",0.4,0.131419381811858,2.2,15,25,0.7,1,1.42857142857143
"219","18.6","0",0.526315789473684,"a",0.416666666666667,0.150175176697418,1.8,15.3,24,0.7,1,1.42857142857143
"220","20","0",0.611111111111111,"a",0.458333333333333,0.149713213783154,1.8,15.3,24,0.7,1,1.42857142857143
"221","7.1","1",0.3125,"a",0.208333333333333,0.135255750364501,2.1,14.4,24,0.7,1,1.42857142857143
"222","8.5","1",0.35,"a",0.28,0.131540362024314,2,14.3,25,0.7,1,1.42857142857143
"223","10","1",0.0588235294117647,"a",0.0454545454545455,0.173756870364671,1.5,15.2,22,0.7,1,1.42857142857143
"224","11.4","1",0.294117647058824,"a",0.2,0.126979616802463,2.2,14.4,25,0.7,1,1.42857142857143
"225","12.8","1",0.368421052631579,"a",0.269230769230769,0.118671109242303,2.3,14.3,26,0.7,1,1.42857142857143
"226","14.3","1",0.166666666666667,"a",0.130434782608696,0.160157555404957,1.7,15.4,23,0.7,1,1.42857142857143
"227","15.7","1",0.266666666666667,"a",0.16,0.120064517539141,2.5,14.8,25,0.7,1,1.42857142857143
"228","17.1","1",0.277777777777778,"a",0.2,0.131419381811858,2.2,15,25,0.7,1,1.42857142857143
"229","18.6","1",0.157894736842105,"a",0.125,0.150175176697418,1.8,15.3,24,0.7,1,1.42857142857143
"230","20","1",0,"a",0,0.149713213783154,1.8,15.3,24,0.7,1,1.42857142857143
"231","7.1","2",0.125,"a",0.0833333333333333,0.135255750364501,2.1,14.4,24,0.7,1,1.42857142857143
"232","8.5","2",0.2,"a",0.16,0.131540362024314,2,14.3,25,0.7,1,1.42857142857143
"233","10","2",0.411764705882353,"a",0.318181818181818,0.173756870364671,1.5,15.2,22,0.7,1,1.42857142857143
"234","11.4","2",0.117647058823529,"a",0.08,0.126979616802463,2.2,14.4,25,0.7,1,1.42857142857143
"235","12.8","2",0.105263157894737,"a",0.0769230769230769,0.118671109242303,2.3,14.3,26,0.7,1,1.42857142857143
"236","14.3","2",0.333333333333333,"a",0.260869565217391,0.160157555404957,1.7,15.4,23,0.7,1,1.42857142857143
"237","15.7","2",0.133333333333333,"a",0.08,0.120064517539141,2.5,14.8,25,0.7,1,1.42857142857143
"238","17.1","2",0.166666666666667,"a",0.12,0.131419381811858,2.2,15,25,0.7,1,1.42857142857143
"239","18.6","2",0.315789473684211,"a",0.25,0.150175176697418,1.8,15.3,24,0.7,1,1.42857142857143
"240","20","2",0.388888888888889,"a",0.291666666666667,0.149713213783154,1.8,15.3,24,0.7,1,1.42857142857143
"241","7.1","0",0.6,"n",0.48,0.092472769977483,3.2,14.1,25,0.9,1,1.11111111111111
"242","8.5","0",0.6,"n",0.48,0.0919252292494478,3.2,14.3,25,0.9,1,1.11111111111111
"243","10","0",0.6,"n",0.48,0.0923702734239444,3.2,14.3,25,0.9,1,1.11111111111111
"244","11.4","0",0.6,"n",0.48,0.0928091333994437,3.2,14.4,25,0.9,1,1.11111111111111
"245","12.8","0",0.6,"n",0.48,0.0932419666998483,3.2,14.6,25,0.9,1,1.11111111111111
"246","14.3","0",0.6,"n",0.48,0.0936689250053992,3.2,14.8,25,0.9,1,1.11111111111111
"247","15.7","0",0.5,"n",0.416666666666667,0.102133206414581,3.2,15.1,24,0.9,1,1.11111111111111
"248","17.1","0",0.578947368421053,"n",0.458333333333333,0.103781978900799,3,15.3,24,0.9,1,1.11111111111111
"249","18.6","0",0.428571428571429,"n",0.375,0.0996061616917196,3.4,15.3,24,0.9,1,1.11111111111111
"250","20","0",0.5,"n",0.416666666666667,0.102302645856838,3.2,15.3,24,0.9,1,1.11111111111111
"251","7.1","1",0,"n",0,0.092472769977483,3.2,14.1,25,0.9,1,1.11111111111111
"252","8.5","1",0,"n",0,0.0919252292494478,3.2,14.3,25,0.9,1,1.11111111111111
"253","10","1",0,"n",0,0.0923702734239444,3.2,14.3,25,0.9,1,1.11111111111111
"254","11.4","1",0,"n",0,0.0928091333994437,3.2,14.4,25,0.9,1,1.11111111111111
"255","12.8","1",0,"n",0,0.0932419666998483,3.2,14.6,25,0.9,1,1.11111111111111
"256","14.3","1",0,"n",0,0.0936689250053992,3.2,14.8,25,0.9,1,1.11111111111111
"257","15.7","1",0.1,"n",0.0833333333333333,0.102133206414581,3.2,15.1,24,0.9,1,1.11111111111111
"258","17.1","1",0,"n",0,0.103781978900799,3,15.3,24,0.9,1,1.11111111111111
"259","18.6","1",0.19047619047619,"n",0.166666666666667,0.0996061616917196,3.4,15.3,24,0.9,1,1.11111111111111
"260","20","1",0.1,"n",0.0833333333333333,0.102302645856838,3.2,15.3,24,0.9,1,1.11111111111111
"261","7.1","2",0.4,"n",0.32,0.092472769977483,3.2,14.1,25,0.9,1,1.11111111111111
"262","8.5","2",0.4,"n",0.32,0.0919252292494478,3.2,14.3,25,0.9,1,1.11111111111111
"263","10","2",0.4,"n",0.32,0.0923702734239444,3.2,14.3,25,0.9,1,1.11111111111111
"264","11.4","2",0.4,"n",0.32,0.0928091333994437,3.2,14.4,25,0.9,1,1.11111111111111
"265","12.8","2",0.4,"n",0.32,0.0932419666998483,3.2,14.6,25,0.9,1,1.11111111111111
"266","14.3","2",0.4,"n",0.32,0.0936689250053992,3.2,14.8,25,0.9,1,1.11111111111111
"267","15.7","2",0.4,"n",0.333333333333333,0.102133206414581,3.2,15.1,24,0.9,1,1.11111111111111
"268","17.1","2",0.421052631578947,"n",0.333333333333333,0.103781978900799,3,15.3,24,0.9,1,1.11111111111111
"269","18.6","2",0.380952380952381,"n",0.333333333333333,0.0996061616917196,3.4,15.3,24,0.9,1,1.11111111111111
"270","20","2",0.4,"n",0.333333333333333,0.102302645856838,3.2,15.3,24,0.9,1,1.11111111111111
"271","7.1","0",0,"a",0,0.092472769977483,3.2,14.1,25,0.9,1,1.11111111111111
"272","8.5","0",0,"a",0,0.0919252292494478,3.2,14.3,25,0.9,1,1.11111111111111
"273","10","0",0,"a",0,0.0923702734239444,3.2,14.3,25,0.9,1,1.11111111111111
"274","11.4","0",0,"a",0,0.0928091333994437,3.2,14.4,25,0.9,1,1.11111111111111
"275","12.8","0",0,"a",0,0.0932419666998483,3.2,14.6,25,0.9,1,1.11111111111111
"276","14.3","0",0,"a",0,0.0936689250053992,3.2,14.8,25,0.9,1,1.11111111111111
"277","15.7","0",0,"a",0,0.102133206414581,3.2,15.1,24,0.9,1,1.11111111111111
"278","17.1","0",0,"a",0,0.103781978900799,3,15.3,24,0.9,1,1.11111111111111
"279","18.6","0",0,"a",0,0.0996061616917196,3.4,15.3,24,0.9,1,1.11111111111111
"280","20","0",0,"a",0,0.102302645856838,3.2,15.3,24,0.9,1,1.11111111111111
"281","7.1","1",0,"a",0,0.092472769977483,3.2,14.1,25,0.9,1,1.11111111111111
"282","8.5","1",0.2,"a",0.04,0.0919252292494478,3.2,14.3,25,0.9,1,1.11111111111111
"283","10","1",0.2,"a",0.04,0.0923702734239444,3.2,14.3,25,0.9,1,1.11111111111111
"284","11.4","1",0.2,"a",0.04,0.0928091333994437,3.2,14.4,25,0.9,1,1.11111111111111
"285","12.8","1",0.2,"a",0.04,0.0932419666998483,3.2,14.6,25,0.9,1,1.11111111111111
"286","14.3","1",0.2,"a",0.04,0.0936689250053992,3.2,14.8,25,0.9,1,1.11111111111111
"287","15.7","1",0,"a",0,0.102133206414581,3.2,15.1,24,0.9,1,1.11111111111111
"288","17.1","1",0.2,"a",0.0416666666666667,0.103781978900799,3,15.3,24,0.9,1,1.11111111111111
"289","18.6","1",0.333333333333333,"a",0.0416666666666667,0.0996061616917196,3.4,15.3,24,0.9,1,1.11111111111111
"290","20","1",0.25,"a",0.0416666666666667,0.102302645856838,3.2,15.3,24,0.9,1,1.11111111111111
"291","7.1","2",1,"a",0.2,0.092472769977483,3.2,14.1,25,0.9,1,1.11111111111111
"292","8.5","2",0.8,"a",0.16,0.0919252292494478,3.2,14.3,25,0.9,1,1.11111111111111
"293","10","2",0.8,"a",0.16,0.0923702734239444,3.2,14.3,25,0.9,1,1.11111111111111
"294","11.4","2",0.8,"a",0.16,0.0928091333994437,3.2,14.4,25,0.9,1,1.11111111111111
"295","12.8","2",0.8,"a",0.16,0.0932419666998483,3.2,14.6,25,0.9,1,1.11111111111111
"296","14.3","2",0.8,"a",0.16,0.0936689250053992,3.2,14.8,25,0.9,1,1.11111111111111
"297","15.7","2",1,"a",0.166666666666667,0.102133206414581,3.2,15.1,24,0.9,1,1.11111111111111
"298","17.1","2",0.8,"a",0.166666666666667,0.103781978900799,3,15.3,24,0.9,1,1.11111111111111
"299","18.6","2",0.666666666666667,"a",0.0833333333333333,0.0996061616917196,3.4,15.3,24,0.9,1,1.11111111111111
"300","20","2",0.75,"a",0.125,0.102302645856838,3.2,15.3,24,0.9,1,1.11111111111111
"301","7.1","0",0.785714285714286,"n",0.745762711864407,0.424145261584047,10,0,59,1,0.1,0.1
"302","8.5","0",0.785714285714286,"n",0.745762711864407,0.424878855551232,10,0,59,1,0.1,0.1
"303","10","0",0.785714285714286,"n",0.745762711864407,0.425599848043941,10,0,59,1,0.1,0.1
"304","11.4","0",0.785714285714286,"n",0.745762711864407,0.426308617687383,10,0,59,1,0.1,0.1
"305","12.8","0",0.785714285714286,"n",0.745762711864407,0.427005526940244,10,0,59,1,0.1,0.1
"306","14.3","0",0.785714285714286,"n",0.745762711864407,0.427690922985143,10,0,59,1,0.1,0.1
"307","15.7","0",0.767857142857143,"n",0.728813559322034,0.426818106797805,10.6,0,59,1,0.1,0.1
"308","17.1","0",0.767857142857143,"n",0.728813559322034,0.427479079193797,10.6,0,59,1,0.1,0.1
"309","18.6","0",0.767857142857143,"n",0.728813559322034,0.428129534228506,10.6,0,59,1,0.1,0.1
"310","20","0",0.767857142857143,"n",0.728813559322034,0.428769764701016,10.6,0,59,1,0.1,0.1
"311","7.1","1",0.0714285714285714,"n",0.0677966101694915,0.424145261584047,10,0,59,1,0.1,0.1
"312","8.5","1",0.0714285714285714,"n",0.0677966101694915,0.424878855551232,10,0,59,1,0.1,0.1
"313","10","1",0.0714285714285714,"n",0.0677966101694915,0.425599848043941,10,0,59,1,0.1,0.1
"314","11.4","1",0.0714285714285714,"n",0.0677966101694915,0.426308617687383,10,0,59,1,0.1,0.1
"315","12.8","1",0.0714285714285714,"n",0.0677966101694915,0.427005526940244,10,0,59,1,0.1,0.1
"316","14.3","1",0.0714285714285714,"n",0.0677966101694915,0.427690922985143,10,0,59,1,0.1,0.1
"317","15.7","1",0.125,"n",0.11864406779661,0.426818106797805,10.6,0,59,1,0.1,0.1
"318","17.1","1",0.125,"n",0.11864406779661,0.427479079193797,10.6,0,59,1,0.1,0.1
"319","18.6","1",0.125,"n",0.11864406779661,0.428129534228506,10.6,0,59,1,0.1,0.1
"320","20","1",0.125,"n",0.11864406779661,0.428769764701016,10.6,0,59,1,0.1,0.1
"321","7.1","2",0.142857142857143,"n",0.135593220338983,0.424145261584047,10,0,59,1,0.1,0.1
"322","8.5","2",0.142857142857143,"n",0.135593220338983,0.424878855551232,10,0,59,1,0.1,0.1
"323","10","2",0.142857142857143,"n",0.135593220338983,0.425599848043941,10,0,59,1,0.1,0.1
"324","11.4","2",0.142857142857143,"n",0.135593220338983,0.426308617687383,10,0,59,1,0.1,0.1
"325","12.8","2",0.142857142857143,"n",0.135593220338983,0.427005526940244,10,0,59,1,0.1,0.1
"326","14.3","2",0.142857142857143,"n",0.135593220338983,0.427690922985143,10,0,59,1,0.1,0.1
"327","15.7","2",0.107142857142857,"n",0.101694915254237,0.426818106797805,10.6,0,59,1,0.1,0.1
"328","17.1","2",0.107142857142857,"n",0.101694915254237,0.427479079193797,10.6,0,59,1,0.1,0.1
"329","18.6","2",0.107142857142857,"n",0.101694915254237,0.428129534228506,10.6,0,59,1,0.1,0.1
"330","20","2",0.107142857142857,"n",0.101694915254237,0.428769764701016,10.6,0,59,1,0.1,0.1
"331","7.1","0",0,"a",0,0.424145261584047,10,0,59,1,0.1,0.1
"332","8.5","0",0,"a",0,0.424878855551232,10,0,59,1,0.1,0.1
"333","10","0",0,"a",0,0.425599848043941,10,0,59,1,0.1,0.1
"334","11.4","0",0,"a",0,0.426308617687383,10,0,59,1,0.1,0.1
"335","12.8","0",0,"a",0,0.427005526940244,10,0,59,1,0.1,0.1
"336","14.3","0",0,"a",0,0.427690922985143,10,0,59,1,0.1,0.1
"337","15.7","0",0,"a",0,0.426818106797805,10.6,0,59,1,0.1,0.1
"338","17.1","0",0,"a",0,0.427479079193797,10.6,0,59,1,0.1,0.1
"339","18.6","0",0,"a",0,0.428129534228506,10.6,0,59,1,0.1,0.1
"340","20","0",0,"a",0,0.428769764701016,10.6,0,59,1,0.1,0.1
"341","7.1","1",0,"a",0,0.424145261584047,10,0,59,1,0.1,0.1
"342","8.5","1",0,"a",0,0.424878855551232,10,0,59,1,0.1,0.1
"343","10","1",0,"a",0,0.425599848043941,10,0,59,1,0.1,0.1
"344","11.4","1",0,"a",0,0.426308617687383,10,0,59,1,0.1,0.1
"345","12.8","1",0,"a",0,0.427005526940244,10,0,59,1,0.1,0.1
"346","14.3","1",0,"a",0,0.427690922985143,10,0,59,1,0.1,0.1
"347","15.7","1",0,"a",0,0.426818106797805,10.6,0,59,1,0.1,0.1
"348","17.1","1",0,"a",0,0.427479079193797,10.6,0,59,1,0.1,0.1
"349","18.6","1",0,"a",0,0.428129534228506,10.6,0,59,1,0.1,0.1
"350","20","1",0,"a",0,0.428769764701016,10.6,0,59,1,0.1,0.1
"351","7.1","2",1,"a",0.0508474576271186,0.424145261584047,10,0,59,1,0.1,0.1
"352","8.5","2",1,"a",0.0508474576271186,0.424878855551232,10,0,59,1,0.1,0.1
"353","10","2",1,"a",0.0508474576271186,0.425599848043941,10,0,59,1,0.1,0.1
"354","11.4","2",1,"a",0.0508474576271186,0.426308617687383,10,0,59,1,0.1,0.1
"355","12.8","2",1,"a",0.0508474576271186,0.427005526940244,10,0,59,1,0.1,0.1
"356","14.3","2",1,"a",0.0508474576271186,0.427690922985143,10,0,59,1,0.1,0.1
"357","15.7","2",1,"a",0.0508474576271186,0.426818106797805,10.6,0,59,1,0.1,0.1
"358","17.1","2",1,"a",0.0508474576271186,0.427479079193797,10.6,0,59,1,0.1,0.1
"359","18.6","2",1,"a",0.0508474576271186,0.428129534228506,10.6,0,59,1,0.1,0.1
"360","20","2",1,"a",0.0508474576271186,0.428769764701016,10.6,0,59,1,0.1,0.1
"361","7.1","0",0.785714285714286,"n",0.745762711864407,0.145017379734396,10,0,59,1,0.3,0.3
"362","8.5","0",0.785714285714286,"n",0.745762711864407,0.145595434207689,10,0,59,1,0.3,0.3
"363","10","0",0.785714285714286,"n",0.745762711864407,0.146164826702518,10,0,59,1,0.3,0.3
"364","11.4","0",0.785714285714286,"n",0.745762711864407,0.146725791944795,10,0,59,1,0.3,0.3
"365","12.8","0",0.785714285714286,"n",0.745762711864407,0.147278555462145,10,0,59,1,0.3,0.3
"366","14.3","0",0.785714285714286,"n",0.745762711864407,0.147823334054032,10,0,59,1,0.3,0.3
"367","15.7","0",0.767857142857143,"n",0.728813559322034,0.146758733560644,10.6,0,59,1,0.3,0.3
"368","17.1","0",0.767857142857143,"n",0.728813559322034,0.147282458999165,10.6,0,59,1,0.3,0.3
"369","18.6","0",0.767857142857143,"n",0.728813559322034,0.147798881360647,10.6,0,59,1,0.3,0.3
"370","20","0",0.767857142857143,"n",0.728813559322034,0.14830818466921,10.6,0,59,1,0.3,0.3
"371","7.1","1",0.0714285714285714,"n",0.0677966101694915,0.145017379734396,10,0,59,1,0.3,0.3
"372","8.5","1",0.0714285714285714,"n",0.0677966101694915,0.145595434207689,10,0,59,1,0.3,0.3
"373","10","1",0.0714285714285714,"n",0.0677966101694915,0.146164826702518,10,0,59,1,0.3,0.3
"374","11.4","1",0.0714285714285714,"n",0.0677966101694915,0.146725791944795,10,0,59,1,0.3,0.3
"375","12.8","1",0.0714285714285714,"n",0.0677966101694915,0.147278555462145,10,0,59,1,0.3,0.3
"376","14.3","1",0.0714285714285714,"n",0.0677966101694915,0.147823334054032,10,0,59,1,0.3,0.3
"377","15.7","1",0.125,"n",0.11864406779661,0.146758733560644,10.6,0,59,1,0.3,0.3
"378","17.1","1",0.125,"n",0.11864406779661,0.147282458999165,10.6,0,59,1,0.3,0.3
"379","18.6","1",0.125,"n",0.11864406779661,0.147798881360647,10.6,0,59,1,0.3,0.3
"380","20","1",0.125,"n",0.11864406779661,0.14830818466921,10.6,0,59,1,0.3,0.3
"381","7.1","2",0.142857142857143,"n",0.135593220338983,0.145017379734396,10,0,59,1,0.3,0.3
"382","8.5","2",0.142857142857143,"n",0.135593220338983,0.145595434207689,10,0,59,1,0.3,0.3
"383","10","2",0.142857142857143,"n",0.135593220338983,0.146164826702518,10,0,59,1,0.3,0.3
"384","11.4","2",0.142857142857143,"n",0.135593220338983,0.146725791944795,10,0,59,1,0.3,0.3
"385","12.8","2",0.142857142857143,"n",0.135593220338983,0.147278555462145,10,0,59,1,0.3,0.3
"386","14.3","2",0.142857142857143,"n",0.135593220338983,0.147823334054032,10,0,59,1,0.3,0.3
"387","15.7","2",0.107142857142857,"n",0.101694915254237,0.146758733560644,10.6,0,59,1,0.3,0.3
"388","17.1","2",0.107142857142857,"n",0.101694915254237,0.147282458999165,10.6,0,59,1,0.3,0.3
"389","18.6","2",0.107142857142857,"n",0.101694915254237,0.147798881360647,10.6,0,59,1,0.3,0.3
"390","20","2",0.107142857142857,"n",0.101694915254237,0.14830818466921,10.6,0,59,1,0.3,0.3
"391","7.1","0",0,"a",0,0.145017379734396,10,0,59,1,0.3,0.3
"392","8.5","0",0,"a",0,0.145595434207689,10,0,59,1,0.3,0.3
"393","10","0",0,"a",0,0.146164826702518,10,0,59,1,0.3,0.3
"394","11.4","0",0,"a",0,0.146725791944795,10,0,59,1,0.3,0.3
"395","12.8","0",0,"a",0,0.147278555462145,10,0,59,1,0.3,0.3
"396","14.3","0",0,"a",0,0.147823334054032,10,0,59,1,0.3,0.3
"397","15.7","0",0,"a",0,0.146758733560644,10.6,0,59,1,0.3,0.3
"398","17.1","0",0,"a",0,0.147282458999165,10.6,0,59,1,0.3,0.3
"399","18.6","0",0,"a",0,0.147798881360647,10.6,0,59,1,0.3,0.3
"400","20","0",0,"a",0,0.14830818466921,10.6,0,59,1,0.3,0.3
"401","7.1","1",0,"a",0,0.145017379734396,10,0,59,1,0.3,0.3
"402","8.5","1",0,"a",0,0.145595434207689,10,0,59,1,0.3,0.3
"403","10","1",0,"a",0,0.146164826702518,10,0,59,1,0.3,0.3
"404","11.4","1",0,"a",0,0.146725791944795,10,0,59,1,0.3,0.3
"405","12.8","1",0,"a",0,0.147278555462145,10,0,59,1,0.3,0.3
"406","14.3","1",0,"a",0,0.147823334054032,10,0,59,1,0.3,0.3
"407","15.7","1",0,"a",0,0.146758733560644,10.6,0,59,1,0.3,0.3
"408","17.1","1",0,"a",0,0.147282458999165,10.6,0,59,1,0.3,0.3
"409","18.6","1",0,"a",0,0.147798881360647,10.6,0,59,1,0.3,0.3
"410","20","1",0,"a",0,0.14830818466921,10.6,0,59,1,0.3,0.3
"411","7.1","2",1,"a",0.0508474576271186,0.145017379734396,10,0,59,1,0.3,0.3
"412","8.5","2",1,"a",0.0508474576271186,0.145595434207689,10,0,59,1,0.3,0.3
"413","10","2",1,"a",0.0508474576271186,0.146164826702518,10,0,59,1,0.3,0.3
"414","11.4","2",1,"a",0.0508474576271186,0.146725791944795,10,0,59,1,0.3,0.3
"415","12.8","2",1,"a",0.0508474576271186,0.147278555462145,10,0,59,1,0.3,0.3
"416","14.3","2",1,"a",0.0508474576271186,0.147823334054032,10,0,59,1,0.3,0.3
"417","15.7","2",1,"a",0.0508474576271186,0.146758733560644,10.6,0,59,1,0.3,0.3
"418","17.1","2",1,"a",0.0508474576271186,0.147282458999165,10.6,0,59,1,0.3,0.3
"419","18.6","2",1,"a",0.0508474576271186,0.147798881360647,10.6,0,59,1,0.3,0.3
"420","20","2",1,"a",0.0508474576271186,0.14830818466921,10.6,0,59,1,0.3,0.3
"421","7.1","0",0.785714285714286,"n",0.745762711864407,0.0495821651914471,10,0,59,1,0.5,0.5
"422","8.5","0",0.785714285714286,"n",0.745762711864407,0.0498919402205212,10,0,59,1,0.5,0.5
"423","10","0",0.785714285714286,"n",0.745762711864407,0.0501977542124765,10,0,59,1,0.5,0.5
"424","11.4","0",0.785714285714286,"n",0.745762711864407,0.0504997016917319,10,0,59,1,0.5,0.5
"425","12.8","0",0.785714285714286,"n",0.745762711864407,0.0507978738693275,10,0,59,1,0.5,0.5
"426","14.3","0",0.785714285714286,"n",0.745762711864407,0.0510923587957677,10,0,59,1,0.5,0.5
"427","15.7","0",0.785714285714286,"n",0.745762711864407,0.0510743314692703,10.5,0,59,1,0.5,0.5
"428","17.1","0",0.785714285714286,"n",0.745762711864407,0.0513599693111643,10.5,0,59,1,0.5,0.5
"429","18.6","0",0.767857142857143,"n",0.728813559322034,0.0510231310503318,10.6,0,59,1,0.5,0.5
"430","20","0",0.785714285714286,"n",0.745762711864407,0.0519210613204036,10.5,0,59,1,0.5,0.5
"431","7.1","1",0.0714285714285714,"n",0.0677966101694915,0.0495821651914471,10,0,59,1,0.5,0.5
"432","8.5","1",0.0714285714285714,"n",0.0677966101694915,0.0498919402205212,10,0,59,1,0.5,0.5
"433","10","1",0.0714285714285714,"n",0.0677966101694915,0.0501977542124765,10,0,59,1,0.5,0.5
"434","11.4","1",0.0714285714285714,"n",0.0677966101694915,0.0504997016917319,10,0,59,1,0.5,0.5
"435","12.8","1",0.0714285714285714,"n",0.0677966101694915,0.0507978738693275,10,0,59,1,0.5,0.5
"436","14.3","1",0.0714285714285714,"n",0.0677966101694915,0.0510923587957677,10,0,59,1,0.5,0.5
"437","15.7","1",0.0892857142857143,"n",0.0847457627118644,0.0510743314692703,10.5,0,59,1,0.5,0.5
"438","17.1","1",0.0892857142857143,"n",0.0847457627118644,0.0513599693111643,10.5,0,59,1,0.5,0.5
"439","18.6","1",0.125,"n",0.11864406779661,0.0510231310503318,10.6,0,59,1,0.5,0.5
"440","20","1",0.0892857142857143,"n",0.0847457627118644,0.0519210613204036,10.5,0,59,1,0.5,0.5
"441","7.1","2",0.142857142857143,"n",0.135593220338983,0.0495821651914471,10,0,59,1,0.5,0.5
"442","8.5","2",0.142857142857143,"n",0.135593220338983,0.0498919402205212,10,0,59,1,0.5,0.5
"443","10","2",0.142857142857143,"n",0.135593220338983,0.0501977542124765,10,0,59,1,0.5,0.5
"444","11.4","2",0.142857142857143,"n",0.135593220338983,0.0504997016917319,10,0,59,1,0.5,0.5
"445","12.8","2",0.142857142857143,"n",0.135593220338983,0.0507978738693275,10,0,59,1,0.5,0.5
"446","14.3","2",0.142857142857143,"n",0.135593220338983,0.0510923587957677,10,0,59,1,0.5,0.5
"447","15.7","2",0.125,"n",0.11864406779661,0.0510743314692703,10.5,0,59,1,0.5,0.5
"448","17.1","2",0.125,"n",0.11864406779661,0.0513599693111643,10.5,0,59,1,0.5,0.5
"449","18.6","2",0.107142857142857,"n",0.101694915254237,0.0510231310503318,10.6,0,59,1,0.5,0.5
"450","20","2",0.125,"n",0.11864406779661,0.0519210613204036,10.5,0,59,1,0.5,0.5
"451","7.1","0",0,"a",0,0.0495821651914471,10,0,59,1,0.5,0.5
"452","8.5","0",0,"a",0,0.0498919402205212,10,0,59,1,0.5,0.5
"453","10","0",0,"a",0,0.0501977542124765,10,0,59,1,0.5,0.5
"454","11.4","0",0,"a",0,0.0504997016917319,10,0,59,1,0.5,0.5
"455","12.8","0",0,"a",0,0.0507978738693275,10,0,59,1,0.5,0.5
"456","14.3","0",0,"a",0,0.0510923587957677,10,0,59,1,0.5,0.5
"457","15.7","0",0,"a",0,0.0510743314692703,10.5,0,59,1,0.5,0.5
"458","17.1","0",0,"a",0,0.0513599693111643,10.5,0,59,1,0.5,0.5
"459","18.6","0",0,"a",0,0.0510231310503318,10.6,0,59,1,0.5,0.5
"460","20","0",0,"a",0,0.0519210613204036,10.5,0,59,1,0.5,0.5
"461","7.1","1",0,"a",0,0.0495821651914471,10,0,59,1,0.5,0.5
"462","8.5","1",0,"a",0,0.0498919402205212,10,0,59,1,0.5,0.5
"463","10","1",0,"a",0,0.0501977542124765,10,0,59,1,0.5,0.5
"464","11.4","1",0,"a",0,0.0504997016917319,10,0,59,1,0.5,0.5
"465","12.8","1",0,"a",0,0.0507978738693275,10,0,59,1,0.5,0.5
"466","14.3","1",0,"a",0,0.0510923587957677,10,0,59,1,0.5,0.5
"467","15.7","1",0,"a",0,0.0510743314692703,10.5,0,59,1,0.5,0.5
"468","17.1","1",0,"a",0,0.0513599693111643,10.5,0,59,1,0.5,0.5
"469","18.6","1",0,"a",0,0.0510231310503318,10.6,0,59,1,0.5,0.5
"470","20","1",0,"a",0,0.0519210613204036,10.5,0,59,1,0.5,0.5
"471","7.1","2",1,"a",0.0508474576271186,0.0495821651914471,10,0,59,1,0.5,0.5
"472","8.5","2",1,"a",0.0508474576271186,0.0498919402205212,10,0,59,1,0.5,0.5
"473","10","2",1,"a",0.0508474576271186,0.0501977542124765,10,0,59,1,0.5,0.5
"474","11.4","2",1,"a",0.0508474576271186,0.0504997016917319,10,0,59,1,0.5,0.5
"475","12.8","2",1,"a",0.0508474576271186,0.0507978738693275,10,0,59,1,0.5,0.5
"476","14.3","2",1,"a",0.0508474576271186,0.0510923587957677,10,0,59,1,0.5,0.5
"477","15.7","2",1,"a",0.0508474576271186,0.0510743314692703,10.5,0,59,1,0.5,0.5
"478","17.1","2",1,"a",0.0508474576271186,0.0513599693111643,10.5,0,59,1,0.5,0.5
"479","18.6","2",1,"a",0.0508474576271186,0.0510231310503318,10.6,0,59,1,0.5,0.5
"480","20","2",1,"a",0.0508474576271186,0.0519210613204036,10.5,0,59,1,0.5,0.5
"481","7.1","0",0.642857142857143,"n",0.5625,0.0984409892589468,4.6,11.4,32,1,0.7,0.7
"482","8.5","0",0.703703703703704,"n",0.59375,0.09777441660501,4.6,11.6,32,1,0.7,0.7
"483","10","0",0.696969696969697,"n",0.621621621621622,0.0713700065492094,5.6,9.1,37,1,0.7,0.7
"484","11.4","0",0.696969696969697,"n",0.621621621621622,0.0717451748555106,5.6,9.2,37,1,0.7,0.7
"485","12.8","0",0.785714285714286,"n",0.745762711864407,0.0175207040940007,10,0,59,1,0.7,0.7
"486","14.3","0",0.655172413793103,"n",0.575757575757576,0.094302191958129,4.8,11.4,33,1,0.7,0.7
"487","15.7","0",0.535714285714286,"n",0.483870967741935,0.109109377673902,5,12.4,31,1,0.7,0.7
"488","17.1","0",0.555555555555556,"n",0.5,0.118966606394572,4.7,13,30,1,0.7,0.7
"489","18.6","0",0.538461538461538,"n",0.482758620689655,0.127502053066834,4.5,13.4,29,1,0.7,0.7
"490","20","0",0.571428571428571,"n",0.516129032258065,0.112305496117299,4.9,12.5,31,1,0.7,0.7
"491","7.1","1",0.0714285714285714,"n",0.0625,0.0984409892589468,4.6,11.4,32,1,0.7,0.7
"492","8.5","1",0,"n",0,0.09777441660501,4.6,11.6,32,1,0.7,0.7
"493","10","1",0.0606060606060606,"n",0.0540540540540541,0.0713700065492094,5.6,9.1,37,1,0.7,0.7
"494","11.4","1",0.0606060606060606,"n",0.0540540540540541,0.0717451748555106,5.6,9.2,37,1,0.7,0.7
"495","12.8","1",0.0714285714285714,"n",0.0677966101694915,0.0175207040940007,10,0,59,1,0.7,0.7
"496","14.3","1",0.0689655172413793,"n",0.0606060606060606,0.094302191958129,4.8,11.4,33,1,0.7,0.7
"497","15.7","1",0.25,"n",0.225806451612903,0.109109377673902,5,12.4,31,1,0.7,0.7
"498","17.1","1",0.185185185185185,"n",0.166666666666667,0.118966606394572,4.7,13,30,1,0.7,0.7
"499","18.6","1",0.192307692307692,"n",0.172413793103448,0.127502053066834,4.5,13.4,29,1,0.7,0.7
"500","20","1",0.178571428571429,"n",0.161290322580645,0.112305496117299,4.9,12.5,31,1,0.7,0.7
"501","7.1","2",0.285714285714286,"n",0.25,0.0984409892589468,4.6,11.4,32,1,0.7,0.7
"502","8.5","2",0.296296296296296,"n",0.25,0.09777441660501,4.6,11.6,32,1,0.7,0.7
"503","10","2",0.242424242424242,"n",0.216216216216216,0.0713700065492094,5.6,9.1,37,1,0.7,0.7
"504","11.4","2",0.242424242424242,"n",0.216216216216216,0.0717451748555106,5.6,9.2,37,1,0.7,0.7
"505","12.8","2",0.142857142857143,"n",0.135593220338983,0.0175207040940007,10,0,59,1,0.7,0.7
"506","14.3","2",0.275862068965517,"n",0.242424242424242,0.094302191958129,4.8,11.4,33,1,0.7,0.7
"507","15.7","2",0.214285714285714,"n",0.193548387096774,0.109109377673902,5,12.4,31,1,0.7,0.7
"508","17.1","2",0.259259259259259,"n",0.233333333333333,0.118966606394572,4.7,13,30,1,0.7,0.7
"509","18.6","2",0.269230769230769,"n",0.241379310344828,0.127502053066834,4.5,13.4,29,1,0.7,0.7
"510","20","2",0.25,"n",0.225806451612903,0.112305496117299,4.9,12.5,31,1,0.7,0.7
"511","7.1","0",0,"a",0,0.0984409892589468,4.6,11.4,32,1,0.7,0.7
"512","8.5","0",0,"a",0,0.09777441660501,4.6,11.6,32,1,0.7,0.7
"513","10","0",0,"a",0,0.0713700065492094,5.6,9.1,37,1,0.7,0.7
"514","11.4","0",0,"a",0,0.0717451748555106,5.6,9.2,37,1,0.7,0.7
"515","12.8","0",0,"a",0,0.0175207040940007,10,0,59,1,0.7,0.7
"516","14.3","0",0,"a",0,0.094302191958129,4.8,11.4,33,1,0.7,0.7
"517","15.7","0",0,"a",0,0.109109377673902,5,12.4,31,1,0.7,0.7
"518","17.1","0",0,"a",0,0.118966606394572,4.7,13,30,1,0.7,0.7
"519","18.6","0",0,"a",0,0.127502053066834,4.5,13.4,29,1,0.7,0.7
"520","20","0",0,"a",0,0.112305496117299,4.9,12.5,31,1,0.7,0.7
"521","7.1","1",0.25,"a",0.03125,0.0984409892589468,4.6,11.4,32,1,0.7,0.7
"522","8.5","1",0,"a",0,0.09777441660501,4.6,11.6,32,1,0.7,0.7
"523","10","1",0.25,"a",0.027027027027027,0.0713700065492094,5.6,9.1,37,1,0.7,0.7
"524","11.4","1",0.25,"a",0.027027027027027,0.0717451748555106,5.6,9.2,37,1,0.7,0.7
"525","12.8","1",0,"a",0,0.0175207040940007,10,0,59,1,0.7,0.7
"526","14.3","1",0.25,"a",0.0303030303030303,0.094302191958129,4.8,11.4,33,1,0.7,0.7
"527","15.7","1",0,"a",0,0.109109377673902,5,12.4,31,1,0.7,0.7
"528","17.1","1",0,"a",0,0.118966606394572,4.7,13,30,1,0.7,0.7
"529","18.6","1",0,"a",0,0.127502053066834,4.5,13.4,29,1,0.7,0.7
"530","20","1",0,"a",0,0.112305496117299,4.9,12.5,31,1,0.7,0.7
"531","7.1","2",0.75,"a",0.09375,0.0984409892589468,4.6,11.4,32,1,0.7,0.7
"532","8.5","2",1,"a",0.15625,0.09777441660501,4.6,11.6,32,1,0.7,0.7
"533","10","2",0.75,"a",0.0810810810810811,0.0713700065492094,5.6,9.1,37,1,0.7,0.7
"534","11.4","2",0.75,"a",0.0810810810810811,0.0717451748555106,5.6,9.2,37,1,0.7,0.7
"535","12.8","2",1,"a",0.0508474576271186,0.0175207040940007,10,0,59,1,0.7,0.7
"536","14.3","2",0.75,"a",0.0909090909090909,0.094302191958129,4.8,11.4,33,1,0.7,0.7
"537","15.7","2",1,"a",0.0967741935483871,0.109109377673902,5,12.4,31,1,0.7,0.7
"538","17.1","2",1,"a",0.1,0.118966606394572,4.7,13,30,1,0.7,0.7
"539","18.6","2",1,"a",0.103448275862069,0.127502053066834,4.5,13.4,29,1,0.7,0.7
"540","20","2",1,"a",0.0967741935483871,0.112305496117299,4.9,12.5,31,1,0.7,0.7
"541","7.1","0",0.636363636363636,"n",0.518518518518518,0.0882635511788136,3.6,13.4,27,1,0.9,0.9
"542","8.5","0",0.636363636363636,"n",0.518518518518518,0.0887044538690812,3.6,13.6,27,1,0.9,0.9
"543","10","0",0.636363636363636,"n",0.518518518518518,0.0891391821840443,3.6,13.6,27,1,0.9,0.9
"544","11.4","0",0.6,"n",0.48,0.10615113297289,3.2,14.4,25,1,0.9,0.9
"545","12.8","0",0.6,"n",0.517241379310345,0.0759406063968657,4,13.1,29,1,0.9,0.9
"546","14.3","0",0.619047619047619,"n",0.5,0.0983887207322719,3.4,14.4,26,1,0.9,0.9
"547","15.7","0",0.478260869565217,"n",0.423076923076923,0.0988874858478854,3.9,14.4,26,1,0.9,0.9
"548","17.1","0",0.478260869565217,"n",0.423076923076923,0.0993100494845971,3.9,14.6,26,1,0.9,0.9
"549","18.6","0",0.478260869565217,"n",0.423076923076923,0.0997270106667012,3.9,14.6,26,1,0.9,0.9
"550","20","0",0.478260869565217,"n",0.423076923076923,0.100138505120958,3.9,14.6,26,1,0.9,0.9
"551","7.1","1",0,"n",0,0.0882635511788136,3.6,13.4,27,1,0.9,0.9
"552","8.5","1",0,"n",0,0.0887044538690812,3.6,13.6,27,1,0.9,0.9
"553","10","1",0,"n",0,0.0891391821840443,3.6,13.6,27,1,0.9,0.9
"554","11.4","1",0,"n",0,0.10615113297289,3.2,14.4,25,1,0.9,0.9
"555","12.8","1",0.08,"n",0.0689655172413793,0.0759406063968657,4,13.1,29,1,0.9,0.9
"556","14.3","1",0,"n",0,0.0983887207322719,3.4,14.4,26,1,0.9,0.9
"557","15.7","1",0.217391304347826,"n",0.192307692307692,0.0988874858478854,3.9,14.4,26,1,0.9,0.9
"558","17.1","1",0.217391304347826,"n",0.192307692307692,0.0993100494845971,3.9,14.6,26,1,0.9,0.9
"559","18.6","1",0.217391304347826,"n",0.192307692307692,0.0997270106667012,3.9,14.6,26,1,0.9,0.9
"560","20","1",0.217391304347826,"n",0.192307692307692,0.100138505120958,3.9,14.6,26,1,0.9,0.9
"561","7.1","2",0.363636363636364,"n",0.296296296296296,0.0882635511788136,3.6,13.4,27,1,0.9,0.9
"562","8.5","2",0.363636363636364,"n",0.296296296296296,0.0887044538690812,3.6,13.6,27,1,0.9,0.9
"563","10","2",0.363636363636364,"n",0.296296296296296,0.0891391821840443,3.6,13.6,27,1,0.9,0.9
"564","11.4","2",0.4,"n",0.32,0.10615113297289,3.2,14.4,25,1,0.9,0.9
"565","12.8","2",0.32,"n",0.275862068965517,0.0759406063968657,4,13.1,29,1,0.9,0.9
"566","14.3","2",0.380952380952381,"n",0.307692307692308,0.0983887207322719,3.4,14.4,26,1,0.9,0.9
"567","15.7","2",0.304347826086957,"n",0.269230769230769,0.0988874858478854,3.9,14.4,26,1,0.9,0.9
"568","17.1","2",0.304347826086957,"n",0.269230769230769,0.0993100494845971,3.9,14.6,26,1,0.9,0.9
"569","18.6","2",0.304347826086957,"n",0.269230769230769,0.0997270106667012,3.9,14.6,26,1,0.9,0.9
"570","20","2",0.304347826086957,"n",0.269230769230769,0.100138505120958,3.9,14.6,26,1,0.9,0.9
"571","7.1","0",0,"a",0,0.0882635511788136,3.6,13.4,27,1,0.9,0.9
"572","8.5","0",0,"a",0,0.0887044538690812,3.6,13.6,27,1,0.9,0.9
"573","10","0",0,"a",0,0.0891391821840443,3.6,13.6,27,1,0.9,0.9
"574","11.4","0",0,"a",0,0.10615113297289,3.2,14.4,25,1,0.9,0.9
"575","12.8","0",0,"a",0,0.0759406063968657,4,13.1,29,1,0.9,0.9
"576","14.3","0",0,"a",0,0.0983887207322719,3.4,14.4,26,1,0.9,0.9
"577","15.7","0",0,"a",0,0.0988874858478854,3.9,14.4,26,1,0.9,0.9
"578","17.1","0",0,"a",0,0.0993100494845971,3.9,14.6,26,1,0.9,0.9
"579","18.6","0",0,"a",0,0.0997270106667012,3.9,14.6,26,1,0.9,0.9
"580","20","0",0,"a",0,0.100138505120958,3.9,14.6,26,1,0.9,0.9
"581","7.1","1",0.2,"a",0.037037037037037,0.0882635511788136,3.6,13.4,27,1,0.9,0.9
"582","8.5","1",0.2,"a",0.037037037037037,0.0887044538690812,3.6,13.6,27,1,0.9,0.9
"583","10","1",0.2,"a",0.037037037037037,0.0891391821840443,3.6,13.6,27,1,0.9,0.9
"584","11.4","1",0.2,"a",0.04,0.10615113297289,3.2,14.4,25,1,0.9,0.9
"585","12.8","1",0.25,"a",0.0344827586206897,0.0759406063968657,4,13.1,29,1,0.9,0.9
"586","14.3","1",0.2,"a",0.0384615384615385,0.0983887207322719,3.4,14.4,26,1,0.9,0.9
"587","15.7","1",0,"a",0,0.0988874858478854,3.9,14.4,26,1,0.9,0.9
"588","17.1","1",0,"a",0,0.0993100494845971,3.9,14.6,26,1,0.9,0.9
"589","18.6","1",0,"a",0,0.0997270106667012,3.9,14.6,26,1,0.9,0.9
"590","20","1",0,"a",0,0.100138505120958,3.9,14.6,26,1,0.9,0.9
"591","7.1","2",0.8,"a",0.148148148148148,0.0882635511788136,3.6,13.4,27,1,0.9,0.9
"592","8.5","2",0.8,"a",0.148148148148148,0.0887044538690812,3.6,13.6,27,1,0.9,0.9
"593","10","2",0.8,"a",0.148148148148148,0.0891391821840443,3.6,13.6,27,1,0.9,0.9
"594","11.4","2",0.8,"a",0.16,0.10615113297289,3.2,14.4,25,1,0.9,0.9
"595","12.8","2",0.75,"a",0.103448275862069,0.0759406063968657,4,13.1,29,1,0.9,0.9
"596","14.3","2",0.8,"a",0.153846153846154,0.0983887207322719,3.4,14.4,26,1,0.9,0.9
"597","15.7","2",1,"a",0.115384615384615,0.0988874858478854,3.9,14.4,26,1,0.9,0.9
"598","17.1","2",1,"a",0.115384615384615,0.0993100494845971,3.9,14.6,26,1,0.9,0.9
"599","18.6","2",1,"a",0.115384615384615,0.0997270106667012,3.9,14.6,26,1,0.9,0.9
"600","20","2",1,"a",0.115384615384615,0.100138505120958,3.9,14.6,26,1,0.9,0.9
