"","Wstart","Beh","p","h","p.tot","S.cum.riv","G.riv","G.ocean","dur","Fit","ya","yn","yn_ya"
"1","7.1","0",0,"n",0,0.338831828573999,7.6,0,59,0.0220962203614248,0.1,1,10
"2","8.5","0",0,"n",0,0.343131628967681,9,0,59,0.028554501382263,0.1,1,10
"3","10","0",0,"n",0,0.350806909474229,9.8,0,59,0.035070570142235,0.1,1,10
"4","11.4","0",0,"n",0,0.370598733731429,10.6,0,59,0.0379988247240986,0.1,1,10
"5","12.8","0",0,"n",0,0.3740924079405,10.9,0,59,0.0455224359084534,0.1,1,10
"6","14.3","0",0,"n",0,0.374881071789242,10.8,0,59,0.0550496586942713,0.1,1,10
"7","15.7","0",0,"n",0,0.376374600130889,11.5,0,59,0.0650977066945609,0.1,1,10
"8","17.1","0",0,"n",0,0.378739537377655,13.1,0,59,0.0799525220353256,0.1,1,10
"9","18.6","0",0,"n",0,0.380164925569786,14.1,0,59,0.0953819835275463,0.1,1,10
"10","20","0",0,"n",0,0.381029324435353,14.6,0,59,0.108089654732809,0.1,1,10
"11","7.1","1",0,"n",0,0.338831828573999,7.6,0,59,0.0220962203614248,0.1,1,10
"12","8.5","1",0,"n",0,0.343131628967681,9,0,59,0.028554501382263,0.1,1,10
"13","10","1",0,"n",0,0.350806909474229,9.8,0,59,0.035070570142235,0.1,1,10
"14","11.4","1",0,"n",0,0.370598733731429,10.6,0,59,0.0379988247240986,0.1,1,10
"15","12.8","1",0,"n",0,0.3740924079405,10.9,0,59,0.0455224359084534,0.1,1,10
"16","14.3","1",0,"n",0,0.374881071789242,10.8,0,59,0.0550496586942713,0.1,1,10
"17","15.7","1",0,"n",0,0.376374600130889,11.5,0,59,0.0650977066945609,0.1,1,10
"18","17.1","1",0,"n",0,0.378739537377655,13.1,0,59,0.0799525220353256,0.1,1,10
"19","18.6","1",0,"n",0,0.380164925569786,14.1,0,59,0.0953819835275463,0.1,1,10
"20","20","1",0,"n",0,0.381029324435353,14.6,0,59,0.108089654732809,0.1,1,10
"21","7.1","2",1,"n",0.0847457627118644,0.338831828573999,7.6,0,59,0.0220962203614248,0.1,1,10
"22","8.5","2",1,"n",0.0847457627118644,0.343131628967681,9,0,59,0.028554501382263,0.1,1,10
"23","10","2",1,"n",0.0847457627118644,0.350806909474229,9.8,0,59,0.035070570142235,0.1,1,10
"24","11.4","2",1,"n",0.0847457627118644,0.370598733731429,10.6,0,59,0.0379988247240986,0.1,1,10
"25","12.8","2",1,"n",0.0847457627118644,0.3740924079405,10.9,0,59,0.0455224359084534,0.1,1,10
"26","14.3","2",1,"n",0.0847457627118644,0.374881071789242,10.8,0,59,0.0550496586942713,0.1,1,10
"27","15.7","2",1,"n",0.0847457627118644,0.376374600130889,11.5,0,59,0.0650977066945609,0.1,1,10
"28","17.1","2",1,"n",0.0847457627118644,0.378739537377655,13.1,0,59,0.0799525220353256,0.1,1,10
"29","18.6","2",1,"n",0.0847457627118644,0.380164925569786,14.1,0,59,0.0953819835275463,0.1,1,10
"30","20","2",1,"n",0.0847457627118644,0.381029324435353,14.6,0,59,0.108089654732809,0.1,1,10
"31","7.1","0",0.777777777777778,"a",0.711864406779661,0.338831828573999,7.6,0,59,0.0220962203614248,0.1,1,10
"32","8.5","0",0.777777777777778,"a",0.711864406779661,0.343131628967681,9,0,59,0.028554501382263,0.1,1,10
"33","10","0",0.833333333333333,"a",0.76271186440678,0.350806909474229,9.8,0,59,0.035070570142235,0.1,1,10
"34","11.4","0",0.851851851851852,"a",0.779661016949153,0.370598733731429,10.6,0,59,0.0379988247240986,0.1,1,10
"35","12.8","0",0.851851851851852,"a",0.779661016949153,0.3740924079405,10.9,0,59,0.0455224359084534,0.1,1,10
"36","14.3","0",0.833333333333333,"a",0.76271186440678,0.374881071789242,10.8,0,59,0.0550496586942713,0.1,1,10
"37","15.7","0",0.833333333333333,"a",0.76271186440678,0.376374600130889,11.5,0,59,0.0650977066945609,0.1,1,10
"38","17.1","0",0.851851851851852,"a",0.779661016949153,0.378739537377655,13.1,0,59,0.0799525220353256,0.1,1,10
"39","18.6","0",0.851851851851852,"a",0.779661016949153,0.380164925569786,14.1,0,59,0.0953819835275463,0.1,1,10
"40","20","0",0.851851851851852,"a",0.779661016949153,0.381029324435353,14.6,0,59,0.108089654732809,0.1,1,10
"41","7.1","1",0.166666666666667,"a",0.152542372881356,0.338831828573999,7.6,0,59,0.0220962203614248,0.1,1,10
"42","8.5","1",0.166666666666667,"a",0.152542372881356,0.343131628967681,9,0,59,0.028554501382263,0.1,1,10
"43","10","1",0.0555555555555556,"a",0.0508474576271186,0.350806909474229,9.8,0,59,0.035070570142235,0.1,1,10
"44","11.4","1",0.0185185185185185,"a",0.0169491525423729,0.370598733731429,10.6,0,59,0.0379988247240986,0.1,1,10
"45","12.8","1",0.0185185185185185,"a",0.0169491525423729,0.3740924079405,10.9,0,59,0.0455224359084534,0.1,1,10
"46","14.3","1",0.0555555555555556,"a",0.0508474576271186,0.374881071789242,10.8,0,59,0.0550496586942713,0.1,1,10
"47","15.7","1",0.0555555555555556,"a",0.0508474576271186,0.376374600130889,11.5,0,59,0.0650977066945609,0.1,1,10
"48","17.1","1",0.0185185185185185,"a",0.0169491525423729,0.378739537377655,13.1,0,59,0.0799525220353256,0.1,1,10
"49","18.6","1",0.0185185185185185,"a",0.0169491525423729,0.380164925569786,14.1,0,59,0.0953819835275463,0.1,1,10
"50","20","1",0.0185185185185185,"a",0.0169491525423729,0.381029324435353,14.6,0,59,0.108089654732809,0.1,1,10
"51","7.1","2",0.0555555555555556,"a",0.0508474576271186,0.338831828573999,7.6,0,59,0.0220962203614248,0.1,1,10
"52","8.5","2",0.0555555555555556,"a",0.0508474576271186,0.343131628967681,9,0,59,0.028554501382263,0.1,1,10
"53","10","2",0.111111111111111,"a",0.101694915254237,0.350806909474229,9.8,0,59,0.035070570142235,0.1,1,10
"54","11.4","2",0.12962962962963,"a",0.11864406779661,0.370598733731429,10.6,0,59,0.0379988247240986,0.1,1,10
"55","12.8","2",0.12962962962963,"a",0.11864406779661,0.3740924079405,10.9,0,59,0.0455224359084534,0.1,1,10
"56","14.3","2",0.111111111111111,"a",0.101694915254237,0.374881071789242,10.8,0,59,0.0550496586942713,0.1,1,10
"57","15.7","2",0.111111111111111,"a",0.101694915254237,0.376374600130889,11.5,0,59,0.0650977066945609,0.1,1,10
"58","17.1","2",0.12962962962963,"a",0.11864406779661,0.378739537377655,13.1,0,59,0.0799525220353256,0.1,1,10
"59","18.6","2",0.12962962962963,"a",0.11864406779661,0.380164925569786,14.1,0,59,0.0953819835275463,0.1,1,10
"60","20","2",0.12962962962963,"a",0.11864406779661,0.381029324435353,14.6,0,59,0.108089654732809,0.1,1,10
"61","7.1","0",0,"n",0,0.109597471547848,7.6,0,59,0.0216158703667106,0.3,1,3.33333333333333
"62","8.5","0",0,"n",0,0.113823043075968,9,0,59,0.027944141685453,0.3,1,3.33333333333333
"63","10","0",0,"n",0,0.120039008327843,9.8,0,59,0.0343294796796141,0.3,1,3.33333333333333
"64","11.4","0",0,"n",0,0.13018810637217,10.6,0,59,0.0372896187566574,0.3,1,3.33333333333333
"65","12.8","0",0,"n",0,0.132843133884232,10.9,0,59,0.044680927763512,0.3,1,3.33333333333333
"66","14.3","0",0,"n",0,0.133663676408938,10.8,0,59,0.0539105142619496,0.3,1,3.33333333333333
"67","15.7","0",0,"n",0,0.13526760007375,11.5,0,59,0.0637597527817888,0.3,1,3.33333333333333
"68","17.1","0",0,"n",0,0.137833503879063,13.1,0,59,0.0785124630805026,0.3,1,3.33333333333333
"69","18.6","0",0,"n",0,0.13935170352546,14.1,0,59,0.0936763905556062,0.3,1,3.33333333333333
"70","20","0",0,"n",0,0.140337516360671,14.6,0,59,0.10616653677517,0.3,1,3.33333333333333
"71","7.1","1",0,"n",0,0.109597471547848,7.6,0,59,0.0216158703667106,0.3,1,3.33333333333333
"72","8.5","1",0,"n",0,0.113823043075968,9,0,59,0.027944141685453,0.3,1,3.33333333333333
"73","10","1",0,"n",0,0.120039008327843,9.8,0,59,0.0343294796796141,0.3,1,3.33333333333333
"74","11.4","1",0,"n",0,0.13018810637217,10.6,0,59,0.0372896187566574,0.3,1,3.33333333333333
"75","12.8","1",0,"n",0,0.132843133884232,10.9,0,59,0.044680927763512,0.3,1,3.33333333333333
"76","14.3","1",0,"n",0,0.133663676408938,10.8,0,59,0.0539105142619496,0.3,1,3.33333333333333
"77","15.7","1",0,"n",0,0.13526760007375,11.5,0,59,0.0637597527817888,0.3,1,3.33333333333333
"78","17.1","1",0,"n",0,0.137833503879063,13.1,0,59,0.0785124630805026,0.3,1,3.33333333333333
"79","18.6","1",0,"n",0,0.13935170352546,14.1,0,59,0.0936763905556062,0.3,1,3.33333333333333
"80","20","1",0,"n",0,0.140337516360671,14.6,0,59,0.10616653677517,0.3,1,3.33333333333333
"81","7.1","2",1,"n",0.0847457627118644,0.109597471547848,7.6,0,59,0.0216158703667106,0.3,1,3.33333333333333
"82","8.5","2",1,"n",0.0847457627118644,0.113823043075968,9,0,59,0.027944141685453,0.3,1,3.33333333333333
"83","10","2",1,"n",0.0847457627118644,0.120039008327843,9.8,0,59,0.0343294796796141,0.3,1,3.33333333333333
"84","11.4","2",1,"n",0.0847457627118644,0.13018810637217,10.6,0,59,0.0372896187566574,0.3,1,3.33333333333333
"85","12.8","2",1,"n",0.0847457627118644,0.132843133884232,10.9,0,59,0.044680927763512,0.3,1,3.33333333333333
"86","14.3","2",1,"n",0.0847457627118644,0.133663676408938,10.8,0,59,0.0539105142619496,0.3,1,3.33333333333333
"87","15.7","2",1,"n",0.0847457627118644,0.13526760007375,11.5,0,59,0.0637597527817888,0.3,1,3.33333333333333
"88","17.1","2",1,"n",0.0847457627118644,0.137833503879063,13.1,0,59,0.0785124630805026,0.3,1,3.33333333333333
"89","18.6","2",1,"n",0.0847457627118644,0.13935170352546,14.1,0,59,0.0936763905556062,0.3,1,3.33333333333333
"90","20","2",1,"n",0.0847457627118644,0.140337516360671,14.6,0,59,0.10616653677517,0.3,1,3.33333333333333
"91","7.1","0",0.777777777777778,"a",0.711864406779661,0.109597471547848,7.6,0,59,0.0216158703667106,0.3,1,3.33333333333333
"92","8.5","0",0.777777777777778,"a",0.711864406779661,0.113823043075968,9,0,59,0.027944141685453,0.3,1,3.33333333333333
"93","10","0",0.833333333333333,"a",0.76271186440678,0.120039008327843,9.8,0,59,0.0343294796796141,0.3,1,3.33333333333333
"94","11.4","0",0.851851851851852,"a",0.779661016949153,0.13018810637217,10.6,0,59,0.0372896187566574,0.3,1,3.33333333333333
"95","12.8","0",0.851851851851852,"a",0.779661016949153,0.132843133884232,10.9,0,59,0.044680927763512,0.3,1,3.33333333333333
"96","14.3","0",0.833333333333333,"a",0.76271186440678,0.133663676408938,10.8,0,59,0.0539105142619496,0.3,1,3.33333333333333
"97","15.7","0",0.833333333333333,"a",0.76271186440678,0.13526760007375,11.5,0,59,0.0637597527817888,0.3,1,3.33333333333333
"98","17.1","0",0.851851851851852,"a",0.779661016949153,0.137833503879063,13.1,0,59,0.0785124630805026,0.3,1,3.33333333333333
"99","18.6","0",0.851851851851852,"a",0.779661016949153,0.13935170352546,14.1,0,59,0.0936763905556062,0.3,1,3.33333333333333
"100","20","0",0.851851851851852,"a",0.779661016949153,0.140337516360671,14.6,0,59,0.10616653677517,0.3,1,3.33333333333333
"101","7.1","1",0.166666666666667,"a",0.152542372881356,0.109597471547848,7.6,0,59,0.0216158703667106,0.3,1,3.33333333333333
"102","8.5","1",0.166666666666667,"a",0.152542372881356,0.113823043075968,9,0,59,0.027944141685453,0.3,1,3.33333333333333
"103","10","1",0.0555555555555556,"a",0.0508474576271186,0.120039008327843,9.8,0,59,0.0343294796796141,0.3,1,3.33333333333333
"104","11.4","1",0.0185185185185185,"a",0.0169491525423729,0.13018810637217,10.6,0,59,0.0372896187566574,0.3,1,3.33333333333333
"105","12.8","1",0.0185185185185185,"a",0.0169491525423729,0.132843133884232,10.9,0,59,0.044680927763512,0.3,1,3.33333333333333
"106","14.3","1",0.0555555555555556,"a",0.0508474576271186,0.133663676408938,10.8,0,59,0.0539105142619496,0.3,1,3.33333333333333
"107","15.7","1",0.0555555555555556,"a",0.0508474576271186,0.13526760007375,11.5,0,59,0.0637597527817888,0.3,1,3.33333333333333
"108","17.1","1",0.0185185185185185,"a",0.0169491525423729,0.137833503879063,13.1,0,59,0.0785124630805026,0.3,1,3.33333333333333
"109","18.6","1",0.0185185185185185,"a",0.0169491525423729,0.13935170352546,14.1,0,59,0.0936763905556062,0.3,1,3.33333333333333
"110","20","1",0.0185185185185185,"a",0.0169491525423729,0.140337516360671,14.6,0,59,0.10616653677517,0.3,1,3.33333333333333
"111","7.1","2",0.0555555555555556,"a",0.0508474576271186,0.109597471547848,7.6,0,59,0.0216158703667106,0.3,1,3.33333333333333
"112","8.5","2",0.0555555555555556,"a",0.0508474576271186,0.113823043075968,9,0,59,0.027944141685453,0.3,1,3.33333333333333
"113","10","2",0.111111111111111,"a",0.101694915254237,0.120039008327843,9.8,0,59,0.0343294796796141,0.3,1,3.33333333333333
"114","11.4","2",0.12962962962963,"a",0.11864406779661,0.13018810637217,10.6,0,59,0.0372896187566574,0.3,1,3.33333333333333
"115","12.8","2",0.12962962962963,"a",0.11864406779661,0.132843133884232,10.9,0,59,0.044680927763512,0.3,1,3.33333333333333
"116","14.3","2",0.111111111111111,"a",0.101694915254237,0.133663676408938,10.8,0,59,0.0539105142619496,0.3,1,3.33333333333333
"117","15.7","2",0.111111111111111,"a",0.101694915254237,0.13526760007375,11.5,0,59,0.0637597527817888,0.3,1,3.33333333333333
"118","17.1","2",0.12962962962963,"a",0.11864406779661,0.137833503879063,13.1,0,59,0.0785124630805026,0.3,1,3.33333333333333
"119","18.6","2",0.12962962962963,"a",0.11864406779661,0.13935170352546,14.1,0,59,0.0936763905556062,0.3,1,3.33333333333333
"120","20","2",0.12962962962963,"a",0.11864406779661,0.140337516360671,14.6,0,59,0.10616653677517,0.3,1,3.33333333333333
"121","7.1","0",0,"n",0,0.035450051490833,7.6,0,59,0.0211459627061896,0.5,1,2
"122","8.5","0",0,"n",0,0.0377571871589082,9,0,59,0.0273468285817004,0.5,1,2
"123","10","0",0,"n",0,0.0415810172933747,9.9,0,59,0.0335111444625113,0.5,1,2
"124","11.4","0",0,"n",0,0.0457339475235614,10.6,0,59,0.0365936493329227,0.5,1,2
"125","12.8","0",0,"n",0,0.0471736336947821,10.9,0,59,0.0438549753757235,0.5,1,2
"126","14.3","0",0,"n",0,0.0482376448184549,11,0,59,0.0526848279820633,0.5,1,2
"127","15.7","0",0,"n",0,0.0492060230122182,11.7,0,59,0.0623398258017564,0.5,1,2
"128","17.1","0",0,"n",0,0.0501613191036775,13.1,0,59,0.0770983416413523,0.5,1,2
"129","18.6","0",0,"n",0,0.0510801916992811,14.1,0,59,0.0920012965026269,0.5,1,2
"130","20","0",0,"n",0,0.0516879338026463,14.6,0,59,0.104277634697748,0.5,1,2
"131","7.1","1",0,"n",0,0.035450051490833,7.6,0,59,0.0211459627061896,0.5,1,2
"132","8.5","1",0,"n",0,0.0377571871589082,9,0,59,0.0273468285817004,0.5,1,2
"133","10","1",0,"n",0,0.0415810172933747,9.9,0,59,0.0335111444625113,0.5,1,2
"134","11.4","1",0,"n",0,0.0457339475235614,10.6,0,59,0.0365936493329227,0.5,1,2
"135","12.8","1",0,"n",0,0.0471736336947821,10.9,0,59,0.0438549753757235,0.5,1,2
"136","14.3","1",0,"n",0,0.0482376448184549,11,0,59,0.0526848279820633,0.5,1,2
"137","15.7","1",0,"n",0,0.0492060230122182,11.7,0,59,0.0623398258017564,0.5,1,2
"138","17.1","1",0,"n",0,0.0501613191036775,13.1,0,59,0.0770983416413523,0.5,1,2
"139","18.6","1",0,"n",0,0.0510801916992811,14.1,0,59,0.0920012965026269,0.5,1,2
"140","20","1",0,"n",0,0.0516879338026463,14.6,0,59,0.104277634697748,0.5,1,2
"141","7.1","2",1,"n",0.0847457627118644,0.035450051490833,7.6,0,59,0.0211459627061896,0.5,1,2
"142","8.5","2",1,"n",0.0847457627118644,0.0377571871589082,9,0,59,0.0273468285817004,0.5,1,2
"143","10","2",1,"n",0.0847457627118644,0.0415810172933747,9.9,0,59,0.0335111444625113,0.5,1,2
"144","11.4","2",1,"n",0.0847457627118644,0.0457339475235614,10.6,0,59,0.0365936493329227,0.5,1,2
"145","12.8","2",1,"n",0.0847457627118644,0.0471736336947821,10.9,0,59,0.0438549753757235,0.5,1,2
"146","14.3","2",1,"n",0.0847457627118644,0.0482376448184549,11,0,59,0.0526848279820633,0.5,1,2
"147","15.7","2",1,"n",0.0847457627118644,0.0492060230122182,11.7,0,59,0.0623398258017564,0.5,1,2
"148","17.1","2",1,"n",0.0847457627118644,0.0501613191036775,13.1,0,59,0.0770983416413523,0.5,1,2
"149","18.6","2",1,"n",0.0847457627118644,0.0510801916992811,14.1,0,59,0.0920012965026269,0.5,1,2
"150","20","2",1,"n",0.0847457627118644,0.0516879338026463,14.6,0,59,0.104277634697748,0.5,1,2
"151","7.1","0",0.777777777777778,"a",0.711864406779661,0.035450051490833,7.6,0,59,0.0211459627061896,0.5,1,2
"152","8.5","0",0.777777777777778,"a",0.711864406779661,0.0377571871589082,9,0,59,0.0273468285817004,0.5,1,2
"153","10","0",0.851851851851852,"a",0.779661016949153,0.0415810172933747,9.9,0,59,0.0335111444625113,0.5,1,2
"154","11.4","0",0.851851851851852,"a",0.779661016949153,0.0457339475235614,10.6,0,59,0.0365936493329227,0.5,1,2
"155","12.8","0",0.851851851851852,"a",0.779661016949153,0.0471736336947821,10.9,0,59,0.0438549753757235,0.5,1,2
"156","14.3","0",0.851851851851852,"a",0.779661016949153,0.0482376448184549,11,0,59,0.0526848279820633,0.5,1,2
"157","15.7","0",0.851851851851852,"a",0.779661016949153,0.0492060230122182,11.7,0,59,0.0623398258017564,0.5,1,2
"158","17.1","0",0.851851851851852,"a",0.779661016949153,0.0501613191036775,13.1,0,59,0.0770983416413523,0.5,1,2
"159","18.6","0",0.851851851851852,"a",0.779661016949153,0.0510801916992811,14.1,0,59,0.0920012965026269,0.5,1,2
"160","20","0",0.851851851851852,"a",0.779661016949153,0.0516879338026463,14.6,0,59,0.104277634697748,0.5,1,2
"161","7.1","1",0.166666666666667,"a",0.152542372881356,0.035450051490833,7.6,0,59,0.0211459627061896,0.5,1,2
"162","8.5","1",0.166666666666667,"a",0.152542372881356,0.0377571871589082,9,0,59,0.0273468285817004,0.5,1,2
"163","10","1",0.0185185185185185,"a",0.0169491525423729,0.0415810172933747,9.9,0,59,0.0335111444625113,0.5,1,2
"164","11.4","1",0.0185185185185185,"a",0.0169491525423729,0.0457339475235614,10.6,0,59,0.0365936493329227,0.5,1,2
"165","12.8","1",0.0185185185185185,"a",0.0169491525423729,0.0471736336947821,10.9,0,59,0.0438549753757235,0.5,1,2
"166","14.3","1",0.0185185185185185,"a",0.0169491525423729,0.0482376448184549,11,0,59,0.0526848279820633,0.5,1,2
"167","15.7","1",0.0185185185185185,"a",0.0169491525423729,0.0492060230122182,11.7,0,59,0.0623398258017564,0.5,1,2
"168","17.1","1",0.0185185185185185,"a",0.0169491525423729,0.0501613191036775,13.1,0,59,0.0770983416413523,0.5,1,2
"169","18.6","1",0.0185185185185185,"a",0.0169491525423729,0.0510801916992811,14.1,0,59,0.0920012965026269,0.5,1,2
"170","20","1",0.0185185185185185,"a",0.0169491525423729,0.0516879338026463,14.6,0,59,0.104277634697748,0.5,1,2
"171","7.1","2",0.0555555555555556,"a",0.0508474576271186,0.035450051490833,7.6,0,59,0.0211459627061896,0.5,1,2
"172","8.5","2",0.0555555555555556,"a",0.0508474576271186,0.0377571871589082,9,0,59,0.0273468285817004,0.5,1,2
"173","10","2",0.12962962962963,"a",0.11864406779661,0.0415810172933747,9.9,0,59,0.0335111444625113,0.5,1,2
"174","11.4","2",0.12962962962963,"a",0.11864406779661,0.0457339475235614,10.6,0,59,0.0365936493329227,0.5,1,2
"175","12.8","2",0.12962962962963,"a",0.11864406779661,0.0471736336947821,10.9,0,59,0.0438549753757235,0.5,1,2
"176","14.3","2",0.12962962962963,"a",0.11864406779661,0.0482376448184549,11,0,59,0.0526848279820633,0.5,1,2
"177","15.7","2",0.12962962962963,"a",0.11864406779661,0.0492060230122182,11.7,0,59,0.0623398258017564,0.5,1,2
"178","17.1","2",0.12962962962963,"a",0.11864406779661,0.0501613191036775,13.1,0,59,0.0770983416413523,0.5,1,2
"179","18.6","2",0.12962962962963,"a",0.11864406779661,0.0510801916992811,14.1,0,59,0.0920012965026269,0.5,1,2
"180","20","2",0.12962962962963,"a",0.11864406779661,0.0516879338026463,14.6,0,59,0.104277634697748,0.5,1,2
"181","7.1","0",0,"n",0,0.14484861595467,1.4,17.5,23,0.0545452048138846,0.7,1,1.42857142857143
"182","8.5","0",0.166666666666667,"n",0.037037037037037,0.109732951126879,2.8,18.6,27,0.0736545834223382,0.7,1,1.42857142857143
"183","10","0",0,"n",0,0.162597229738303,2,22.6,23,0.101598148942839,0.7,1,1.42857142857143
"184","11.4","0",0,"n",0,0.158328880558546,2.2,22.6,24,0.104828335740565,0.7,1,1.42857142857143
"185","12.8","0",0,"n",0,0.125968090716015,3.1,21.6,28,0.112063315447455,0.7,1,1.42857142857143
"186","14.3","0",0,"n",0,0.146970532324177,2.7,24.6,26,0.140012256199518,0.7,1,1.42857142857143
"187","15.7","0",0,"n",0,0.108200690587502,4.4,22.7,31,0.148256093072167,0.7,1,1.42857142857143
"188","17.1","0",0,"n",0,0.0802994778485167,6.6,19.7,36,0.15235449509957,0.7,1,1.42857142857143
"189","18.6","0",0,"n",0,0.0991372001668611,5.1,24.1,33,0.187280491497631,0.7,1,1.42857142857143
"190","20","0",0,"n",0,0.0822713928192184,5.9,21.9,36,0.187280491497631,0.7,1,1.42857142857143
"191","7.1","1",0,"n",0,0.14484861595467,1.4,17.5,23,0.0545452048138846,0.7,1,1.42857142857143
"192","8.5","1",0,"n",0,0.109732951126879,2.8,18.6,27,0.0736545834223382,0.7,1,1.42857142857143
"193","10","1",0,"n",0,0.162597229738303,2,22.6,23,0.101598148942839,0.7,1,1.42857142857143
"194","11.4","1",0,"n",0,0.158328880558546,2.2,22.6,24,0.104828335740565,0.7,1,1.42857142857143
"195","12.8","1",0,"n",0,0.125968090716015,3.1,21.6,28,0.112063315447455,0.7,1,1.42857142857143
"196","14.3","1",0,"n",0,0.146970532324177,2.7,24.6,26,0.140012256199518,0.7,1,1.42857142857143
"197","15.7","1",0,"n",0,0.108200690587502,4.4,22.7,31,0.148256093072167,0.7,1,1.42857142857143
"198","17.1","1",0,"n",0,0.0802994778485167,6.6,19.7,36,0.15235449509957,0.7,1,1.42857142857143
"199","18.6","1",0,"n",0,0.0991372001668611,5.1,24.1,33,0.187280491497631,0.7,1,1.42857142857143
"200","20","1",0,"n",0,0.0822713928192184,5.9,21.9,36,0.187280491497631,0.7,1,1.42857142857143
"201","7.1","2",1,"n",0.217391304347826,0.14484861595467,1.4,17.5,23,0.0545452048138846,0.7,1,1.42857142857143
"202","8.5","2",0.833333333333333,"n",0.185185185185185,0.109732951126879,2.8,18.6,27,0.0736545834223382,0.7,1,1.42857142857143
"203","10","2",1,"n",0.217391304347826,0.162597229738303,2,22.6,23,0.101598148942839,0.7,1,1.42857142857143
"204","11.4","2",1,"n",0.208333333333333,0.158328880558546,2.2,22.6,24,0.104828335740565,0.7,1,1.42857142857143
"205","12.8","2",1,"n",0.178571428571429,0.125968090716015,3.1,21.6,28,0.112063315447455,0.7,1,1.42857142857143
"206","14.3","2",1,"n",0.192307692307692,0.146970532324177,2.7,24.6,26,0.140012256199518,0.7,1,1.42857142857143
"207","15.7","2",1,"n",0.161290322580645,0.108200690587502,4.4,22.7,31,0.148256093072167,0.7,1,1.42857142857143
"208","17.1","2",1,"n",0.138888888888889,0.0802994778485167,6.6,19.7,36,0.15235449509957,0.7,1,1.42857142857143
"209","18.6","2",1,"n",0.151515151515152,0.0991372001668611,5.1,24.1,33,0.187280491497631,0.7,1,1.42857142857143
"210","20","2",1,"n",0.138888888888889,0.0822713928192184,5.9,21.9,36,0.187280491497631,0.7,1,1.42857142857143
"211","7.1","0",0.333333333333333,"a",0.260869565217391,0.14484861595467,1.4,17.5,23,0.0545452048138846,0.7,1,1.42857142857143
"212","8.5","0",0.428571428571429,"a",0.333333333333333,0.109732951126879,2.8,18.6,27,0.0736545834223382,0.7,1,1.42857142857143
"213","10","0",0.5,"a",0.391304347826087,0.162597229738303,2,22.6,23,0.101598148942839,0.7,1,1.42857142857143
"214","11.4","0",0.526315789473684,"a",0.416666666666667,0.158328880558546,2.2,22.6,24,0.104828335740565,0.7,1,1.42857142857143
"215","12.8","0",0.652173913043478,"a",0.535714285714286,0.125968090716015,3.1,21.6,28,0.112063315447455,0.7,1,1.42857142857143
"216","14.3","0",0.619047619047619,"a",0.5,0.146970532324177,2.7,24.6,26,0.140012256199518,0.7,1,1.42857142857143
"217","15.7","0",0.692307692307692,"a",0.580645161290323,0.108200690587502,4.4,22.7,31,0.148256093072167,0.7,1,1.42857142857143
"218","17.1","0",0.741935483870968,"a",0.638888888888889,0.0802994778485167,6.6,19.7,36,0.15235449509957,0.7,1,1.42857142857143
"219","18.6","0",0.714285714285714,"a",0.606060606060606,0.0991372001668611,5.1,24.1,33,0.187280491497631,0.7,1,1.42857142857143
"220","20","0",0.741935483870968,"a",0.638888888888889,0.0822713928192184,5.9,21.9,36,0.187280491497631,0.7,1,1.42857142857143
"221","7.1","1",0.5,"a",0.391304347826087,0.14484861595467,1.4,17.5,23,0.0545452048138846,0.7,1,1.42857142857143
"222","8.5","1",0.428571428571429,"a",0.333333333333333,0.109732951126879,2.8,18.6,27,0.0736545834223382,0.7,1,1.42857142857143
"223","10","1",0.166666666666667,"a",0.130434782608696,0.162597229738303,2,22.6,23,0.101598148942839,0.7,1,1.42857142857143
"224","11.4","1",0.157894736842105,"a",0.125,0.158328880558546,2.2,22.6,24,0.104828335740565,0.7,1,1.42857142857143
"225","12.8","1",0.0434782608695652,"a",0.0357142857142857,0.125968090716015,3.1,21.6,28,0.112063315447455,0.7,1,1.42857142857143
"226","14.3","1",0.0476190476190476,"a",0.0384615384615385,0.146970532324177,2.7,24.6,26,0.140012256199518,0.7,1,1.42857142857143
"227","15.7","1",0.0384615384615385,"a",0.032258064516129,0.108200690587502,4.4,22.7,31,0.148256093072167,0.7,1,1.42857142857143
"228","17.1","1",0.032258064516129,"a",0.0277777777777778,0.0802994778485167,6.6,19.7,36,0.15235449509957,0.7,1,1.42857142857143
"229","18.6","1",0.0357142857142857,"a",0.0303030303030303,0.0991372001668611,5.1,24.1,33,0.187280491497631,0.7,1,1.42857142857143
"230","20","1",0.032258064516129,"a",0.0277777777777778,0.0822713928192184,5.9,21.9,36,0.187280491497631,0.7,1,1.42857142857143
"231","7.1","2",0.166666666666667,"a",0.130434782608696,0.14484861595467,1.4,17.5,23,0.0545452048138846,0.7,1,1.42857142857143
"232","8.5","2",0.142857142857143,"a",0.111111111111111,0.109732951126879,2.8,18.6,27,0.0736545834223382,0.7,1,1.42857142857143
"233","10","2",0.333333333333333,"a",0.260869565217391,0.162597229738303,2,22.6,23,0.101598148942839,0.7,1,1.42857142857143
"234","11.4","2",0.315789473684211,"a",0.25,0.158328880558546,2.2,22.6,24,0.104828335740565,0.7,1,1.42857142857143
"235","12.8","2",0.304347826086957,"a",0.25,0.125968090716015,3.1,21.6,28,0.112063315447455,0.7,1,1.42857142857143
"236","14.3","2",0.333333333333333,"a",0.269230769230769,0.146970532324177,2.7,24.6,26,0.140012256199518,0.7,1,1.42857142857143
"237","15.7","2",0.269230769230769,"a",0.225806451612903,0.108200690587502,4.4,22.7,31,0.148256093072167,0.7,1,1.42857142857143
"238","17.1","2",0.225806451612903,"a",0.194444444444444,0.0802994778485167,6.6,19.7,36,0.15235449509957,0.7,1,1.42857142857143
"239","18.6","2",0.25,"a",0.212121212121212,0.0991372001668611,5.1,24.1,33,0.187280491497631,0.7,1,1.42857142857143
"240","20","2",0.225806451612903,"a",0.194444444444444,0.0822713928192184,5.9,21.9,36,0.187280491497631,0.7,1,1.42857142857143
"241","7.1","0",0,"n",0,0.202788266278159,0.4,19.4,16,0.0581388249819421,0.9,1,1.11111111111111
"242","8.5","0",0.5,"n",0.263157894736842,0.152954337615946,1.3,21.9,19,0.0831983826400026,0.9,1,1.11111111111111
"243","10","0",0,"n",0,0.192749638964518,0.800000000000001,25.4,17,0.112063315447455,0.9,1,1.11111111111111
"244","11.4","0",0,"n",0,0.17000429055898,1.3,24.8,19,0.112063315447455,0.9,1,1.11111111111111
"245","12.8","0",0,"n",0,0.268373750471213,1.1,29,14,0.143453824747416,0.9,1,1.11111111111111
"246","14.3","0",0,"n",0,0.297547906065937,1.1,31.8,13,0.171024081496852,0.9,1,1.11111111111111
"247","15.7","0",0.375,"n",0.176470588235294,0.208283750971313,1,32.9,17,0.193166338484406,0.9,1,1.11111111111111
"248","17.1","0",0.444444444444444,"n",0.19047619047619,0.149502810407372,2.4,33,21,0.208375335695202,0.9,1,1.11111111111111
"249","18.6","0",0,"n",0,0.123269134914122,3.4,32.5,24,0.217550925851053,0.9,1,1.11111111111111
"250","20","0",0,"n",0,0.160090513734505,2.5,36.8,21,0.236538023744143,0.9,1,1.11111111111111
"251","7.1","1",0,"n",0,0.202788266278159,0.4,19.4,16,0.0581388249819421,0.9,1,1.11111111111111
"252","8.5","1",0,"n",0,0.152954337615946,1.3,21.9,19,0.0831983826400026,0.9,1,1.11111111111111
"253","10","1",0,"n",0,0.192749638964518,0.800000000000001,25.4,17,0.112063315447455,0.9,1,1.11111111111111
"254","11.4","1",0,"n",0,0.17000429055898,1.3,24.8,19,0.112063315447455,0.9,1,1.11111111111111
"255","12.8","1",0,"n",0,0.268373750471213,1.1,29,14,0.143453824747416,0.9,1,1.11111111111111
"256","14.3","1",0,"n",0,0.297547906065937,1.1,31.8,13,0.171024081496852,0.9,1,1.11111111111111
"257","15.7","1",0,"n",0,0.208283750971313,1,32.9,17,0.193166338484406,0.9,1,1.11111111111111
"258","17.1","1",0,"n",0,0.149502810407372,2.4,33,21,0.208375335695202,0.9,1,1.11111111111111
"259","18.6","1",0,"n",0,0.123269134914122,3.4,32.5,24,0.217550925851053,0.9,1,1.11111111111111
"260","20","1",0,"n",0,0.160090513734505,2.5,36.8,21,0.236538023744143,0.9,1,1.11111111111111
"261","7.1","2",1,"n",0.3125,0.202788266278159,0.4,19.4,16,0.0581388249819421,0.9,1,1.11111111111111
"262","8.5","2",0.5,"n",0.263157894736842,0.152954337615946,1.3,21.9,19,0.0831983826400026,0.9,1,1.11111111111111
"263","10","2",1,"n",0.294117647058824,0.192749638964518,0.800000000000001,25.4,17,0.112063315447455,0.9,1,1.11111111111111
"264","11.4","2",1,"n",0.263157894736842,0.17000429055898,1.3,24.8,19,0.112063315447455,0.9,1,1.11111111111111
"265","12.8","2",1,"n",0.357142857142857,0.268373750471213,1.1,29,14,0.143453824747416,0.9,1,1.11111111111111
"266","14.3","2",1,"n",0.384615384615385,0.297547906065937,1.1,31.8,13,0.171024081496852,0.9,1,1.11111111111111
"267","15.7","2",0.625,"n",0.294117647058824,0.208283750971313,1,32.9,17,0.193166338484406,0.9,1,1.11111111111111
"268","17.1","2",0.555555555555556,"n",0.238095238095238,0.149502810407372,2.4,33,21,0.208375335695202,0.9,1,1.11111111111111
"269","18.6","2",1,"n",0.208333333333333,0.123269134914122,3.4,32.5,24,0.217550925851053,0.9,1,1.11111111111111
"270","20","2",1,"n",0.238095238095238,0.160090513734505,2.5,36.8,21,0.236538023744143,0.9,1,1.11111111111111
"271","7.1","0",0.272727272727273,"a",0.1875,0.202788266278159,0.4,19.4,16,0.0581388249819421,0.9,1,1.11111111111111
"272","8.5","0",0.111111111111111,"a",0.0526315789473684,0.152954337615946,1.3,21.9,19,0.0831983826400026,0.9,1,1.11111111111111
"273","10","0",0.25,"a",0.176470588235294,0.192749638964518,0.800000000000001,25.4,17,0.112063315447455,0.9,1,1.11111111111111
"274","11.4","0",0.428571428571429,"a",0.315789473684211,0.17000429055898,1.3,24.8,19,0.112063315447455,0.9,1,1.11111111111111
"275","12.8","0",0.111111111111111,"a",0.0714285714285714,0.268373750471213,1.1,29,14,0.143453824747416,0.9,1,1.11111111111111
"276","14.3","0",0,"a",0,0.297547906065937,1.1,31.8,13,0.171024081496852,0.9,1,1.11111111111111
"277","15.7","0",0.111111111111111,"a",0.0588235294117647,0.208283750971313,1,32.9,17,0.193166338484406,0.9,1,1.11111111111111
"278","17.1","0",0.333333333333333,"a",0.19047619047619,0.149502810407372,2.4,33,21,0.208375335695202,0.9,1,1.11111111111111
"279","18.6","0",0.578947368421053,"a",0.458333333333333,0.123269134914122,3.4,32.5,24,0.217550925851053,0.9,1,1.11111111111111
"280","20","0",0.5,"a",0.380952380952381,0.160090513734505,2.5,36.8,21,0.236538023744143,0.9,1,1.11111111111111
"281","7.1","1",0.0909090909090909,"a",0.0625,0.202788266278159,0.4,19.4,16,0.0581388249819421,0.9,1,1.11111111111111
"282","8.5","1",0.111111111111111,"a",0.0526315789473684,0.152954337615946,1.3,21.9,19,0.0831983826400026,0.9,1,1.11111111111111
"283","10","1",0.25,"a",0.176470588235294,0.192749638964518,0.800000000000001,25.4,17,0.112063315447455,0.9,1,1.11111111111111
"284","11.4","1",0.0714285714285714,"a",0.0526315789473684,0.17000429055898,1.3,24.8,19,0.112063315447455,0.9,1,1.11111111111111
"285","12.8","1",0.111111111111111,"a",0.0714285714285714,0.268373750471213,1.1,29,14,0.143453824747416,0.9,1,1.11111111111111
"286","14.3","1",0.125,"a",0.0769230769230769,0.297547906065937,1.1,31.8,13,0.171024081496852,0.9,1,1.11111111111111
"287","15.7","1",0.111111111111111,"a",0.0588235294117647,0.208283750971313,1,32.9,17,0.193166338484406,0.9,1,1.11111111111111
"288","17.1","1",0.0833333333333333,"a",0.0476190476190476,0.149502810407372,2.4,33,21,0.208375335695202,0.9,1,1.11111111111111
"289","18.6","1",0.0526315789473684,"a",0.0416666666666667,0.123269134914122,3.4,32.5,24,0.217550925851053,0.9,1,1.11111111111111
"290","20","1",0.0625,"a",0.0476190476190476,0.160090513734505,2.5,36.8,21,0.236538023744143,0.9,1,1.11111111111111
"291","7.1","2",0.636363636363636,"a",0.4375,0.202788266278159,0.4,19.4,16,0.0581388249819421,0.9,1,1.11111111111111
"292","8.5","2",0.777777777777778,"a",0.368421052631579,0.152954337615946,1.3,21.9,19,0.0831983826400026,0.9,1,1.11111111111111
"293","10","2",0.5,"a",0.352941176470588,0.192749638964518,0.800000000000001,25.4,17,0.112063315447455,0.9,1,1.11111111111111
"294","11.4","2",0.5,"a",0.368421052631579,0.17000429055898,1.3,24.8,19,0.112063315447455,0.9,1,1.11111111111111
"295","12.8","2",0.777777777777778,"a",0.5,0.268373750471213,1.1,29,14,0.143453824747416,0.9,1,1.11111111111111
"296","14.3","2",0.875,"a",0.538461538461538,0.297547906065937,1.1,31.8,13,0.171024081496852,0.9,1,1.11111111111111
"297","15.7","2",0.777777777777778,"a",0.411764705882353,0.208283750971313,1,32.9,17,0.193166338484406,0.9,1,1.11111111111111
"298","17.1","2",0.583333333333333,"a",0.333333333333333,0.149502810407372,2.4,33,21,0.208375335695202,0.9,1,1.11111111111111
"299","18.6","2",0.368421052631579,"a",0.291666666666667,0.123269134914122,3.4,32.5,24,0.217550925851053,0.9,1,1.11111111111111
"300","20","2",0.4375,"a",0.333333333333333,0.160090513734505,2.5,36.8,21,0.236538023744143,0.9,1,1.11111111111111
"301","7.1","0",0.767857142857143,"n",0.728813559322034,0.410842447506781,8.6,0,59,0.0218258889746837,1,0.1,0.1
"302","8.5","0",0.785714285714286,"n",0.745762711864407,0.419928895034611,10.4,0,59,0.0292311364051188,1,0.1,0.1
"303","10","0",0.785714285714286,"n",0.745762711864407,0.425301480244004,10.9,0,59,0.0349100257424548,1,0.1,0.1
"304","11.4","0",0.767857142857143,"n",0.728813559322034,0.433003976776599,11.2,0,59,0.0390856453183022,1,0.1,0.1
"305","12.8","0",0.785714285714286,"n",0.745762711864407,0.438194773540381,11.9,0,59,0.0474832011414894,1,0.1,0.1
"306","14.3","0",0.767857142857143,"n",0.728813559322034,0.439776535777932,13.6,0,59,0.0614381567828129,1,0.1,0.1
"307","15.7","0",0.785714285714286,"n",0.745762711864407,0.44420809658225,14.6,0,59,0.0736734695306137,1,0.1,0.1
"308","17.1","0",0.785714285714286,"n",0.745762711864407,0.446176150874366,15.3,0,59,0.0855629456458519,1,0.1,0.1
"309","18.6","0",0.785714285714286,"n",0.745762711864407,0.448160572446483,16.3,0,59,0.100978294813343,1,0.1,0.1
"310","20","0",0.785714285714286,"n",0.745762711864407,0.449952648807846,17.4,0,59,0.116776368362708,1,0.1,0.1
"311","7.1","1",0.125,"n",0.11864406779661,0.410842447506781,8.6,0,59,0.0218258889746837,1,0.1,0.1
"312","8.5","1",0.0892857142857143,"n",0.0847457627118644,0.419928895034611,10.4,0,59,0.0292311364051188,1,0.1,0.1
"313","10","1",0.0892857142857143,"n",0.0847457627118644,0.425301480244004,10.9,0,59,0.0349100257424548,1,0.1,0.1
"314","11.4","1",0.125,"n",0.11864406779661,0.433003976776599,11.2,0,59,0.0390856453183022,1,0.1,0.1
"315","12.8","1",0.0892857142857143,"n",0.0847457627118644,0.438194773540381,11.9,0,59,0.0474832011414894,1,0.1,0.1
"316","14.3","1",0.125,"n",0.11864406779661,0.439776535777932,13.6,0,59,0.0614381567828129,1,0.1,0.1
"317","15.7","1",0.0892857142857143,"n",0.0847457627118644,0.44420809658225,14.6,0,59,0.0736734695306137,1,0.1,0.1
"318","17.1","1",0.0892857142857143,"n",0.0847457627118644,0.446176150874366,15.3,0,59,0.0855629456458519,1,0.1,0.1
"319","18.6","1",0.0892857142857143,"n",0.0847457627118644,0.448160572446483,16.3,0,59,0.100978294813343,1,0.1,0.1
"320","20","1",0.0892857142857143,"n",0.0847457627118644,0.449952648807846,17.4,0,59,0.116776368362708,1,0.1,0.1
"321","7.1","2",0.107142857142857,"n",0.101694915254237,0.410842447506781,8.6,0,59,0.0218258889746837,1,0.1,0.1
"322","8.5","2",0.125,"n",0.11864406779661,0.419928895034611,10.4,0,59,0.0292311364051188,1,0.1,0.1
"323","10","2",0.125,"n",0.11864406779661,0.425301480244004,10.9,0,59,0.0349100257424548,1,0.1,0.1
"324","11.4","2",0.107142857142857,"n",0.101694915254237,0.433003976776599,11.2,0,59,0.0390856453183022,1,0.1,0.1
"325","12.8","2",0.125,"n",0.11864406779661,0.438194773540381,11.9,0,59,0.0474832011414894,1,0.1,0.1
"326","14.3","2",0.107142857142857,"n",0.101694915254237,0.439776535777932,13.6,0,59,0.0614381567828129,1,0.1,0.1
"327","15.7","2",0.125,"n",0.11864406779661,0.44420809658225,14.6,0,59,0.0736734695306137,1,0.1,0.1
"328","17.1","2",0.125,"n",0.11864406779661,0.446176150874366,15.3,0,59,0.0855629456458519,1,0.1,0.1
"329","18.6","2",0.125,"n",0.11864406779661,0.448160572446483,16.3,0,59,0.100978294813343,1,0.1,0.1
"330","20","2",0.125,"n",0.11864406779661,0.449952648807846,17.4,0,59,0.116776368362708,1,0.1,0.1
"331","7.1","0",0,"a",0,0.410842447506781,8.6,0,59,0.0218258889746837,1,0.1,0.1
"332","8.5","0",0,"a",0,0.419928895034611,10.4,0,59,0.0292311364051188,1,0.1,0.1
"333","10","0",0,"a",0,0.425301480244004,10.9,0,59,0.0349100257424548,1,0.1,0.1
"334","11.4","0",0,"a",0,0.433003976776599,11.2,0,59,0.0390856453183022,1,0.1,0.1
"335","12.8","0",0,"a",0,0.438194773540381,11.9,0,59,0.0474832011414894,1,0.1,0.1
"336","14.3","0",0,"a",0,0.439776535777932,13.6,0,59,0.0614381567828129,1,0.1,0.1
"337","15.7","0",0,"a",0,0.44420809658225,14.6,0,59,0.0736734695306137,1,0.1,0.1
"338","17.1","0",0,"a",0,0.446176150874366,15.3,0,59,0.0855629456458519,1,0.1,0.1
"339","18.6","0",0,"a",0,0.448160572446483,16.3,0,59,0.100978294813343,1,0.1,0.1
"340","20","0",0,"a",0,0.449952648807846,17.4,0,59,0.116776368362708,1,0.1,0.1
"341","7.1","1",0,"a",0,0.410842447506781,8.6,0,59,0.0218258889746837,1,0.1,0.1
"342","8.5","1",0,"a",0,0.419928895034611,10.4,0,59,0.0292311364051188,1,0.1,0.1
"343","10","1",0,"a",0,0.425301480244004,10.9,0,59,0.0349100257424548,1,0.1,0.1
"344","11.4","1",0,"a",0,0.433003976776599,11.2,0,59,0.0390856453183022,1,0.1,0.1
"345","12.8","1",0,"a",0,0.438194773540381,11.9,0,59,0.0474832011414894,1,0.1,0.1
"346","14.3","1",0,"a",0,0.439776535777932,13.6,0,59,0.0614381567828129,1,0.1,0.1
"347","15.7","1",0,"a",0,0.44420809658225,14.6,0,59,0.0736734695306137,1,0.1,0.1
"348","17.1","1",0,"a",0,0.446176150874366,15.3,0,59,0.0855629456458519,1,0.1,0.1
"349","18.6","1",0,"a",0,0.448160572446483,16.3,0,59,0.100978294813343,1,0.1,0.1
"350","20","1",0,"a",0,0.449952648807846,17.4,0,59,0.116776368362708,1,0.1,0.1
"351","7.1","2",1,"a",0.0508474576271186,0.410842447506781,8.6,0,59,0.0218258889746837,1,0.1,0.1
"352","8.5","2",1,"a",0.0508474576271186,0.419928895034611,10.4,0,59,0.0292311364051188,1,0.1,0.1
"353","10","2",1,"a",0.0508474576271186,0.425301480244004,10.9,0,59,0.0349100257424548,1,0.1,0.1
"354","11.4","2",1,"a",0.0508474576271186,0.433003976776599,11.2,0,59,0.0390856453183022,1,0.1,0.1
"355","12.8","2",1,"a",0.0508474576271186,0.438194773540381,11.9,0,59,0.0474832011414894,1,0.1,0.1
"356","14.3","2",1,"a",0.0508474576271186,0.439776535777932,13.6,0,59,0.0614381567828129,1,0.1,0.1
"357","15.7","2",1,"a",0.0508474576271186,0.44420809658225,14.6,0,59,0.0736734695306137,1,0.1,0.1
"358","17.1","2",1,"a",0.0508474576271186,0.446176150874366,15.3,0,59,0.0855629456458519,1,0.1,0.1
"359","18.6","2",1,"a",0.0508474576271186,0.448160572446483,16.3,0,59,0.100978294813343,1,0.1,0.1
"360","20","2",1,"a",0.0508474576271186,0.449952648807846,17.4,0,59,0.116776368362708,1,0.1,0.1
"361","7.1","0",0.767857142857143,"n",0.728813559322034,0.128689118180319,8.6,0,59,0.0218258889746837,1,0.3,0.3
"362","8.5","0",0.785714285714286,"n",0.745762711864407,0.135529241125532,10.4,0,59,0.0292311364051188,1,0.3,0.3
"363","10","0",0.785714285714286,"n",0.745762711864407,0.139817510062641,10.9,0,59,0.0349100257424548,1,0.3,0.3
"364","11.4","0",0.785714285714286,"n",0.745762711864407,0.14592500879409,11.2,0,59,0.0387502500907519,1,0.3,0.3
"365","12.8","0",0.785714285714286,"n",0.745762711864407,0.148817857325149,11.9,0,59,0.0474832011414894,1,0.3,0.3
"366","14.3","0",0.785714285714286,"n",0.745762711864407,0.151411382703605,13.5,0,59,0.0609610677654568,1,0.3,0.3
"367","15.7","0",0.785714285714286,"n",0.745762711864407,0.153771059668952,14.6,0,59,0.0736734695306137,1,0.3,0.3
"368","17.1","0",0.785714285714286,"n",0.745762711864407,0.155368896799691,15.3,0,59,0.0855629456458519,1,0.3,0.3
"369","18.6","0",0.785714285714286,"n",0.745762711864407,0.156990336513022,16.3,0,59,0.100978294813343,1,0.3,0.3
"370","20","0",0.785714285714286,"n",0.745762711864407,0.158490649153442,17.4,0,59,0.116776368362708,1,0.3,0.3
"371","7.1","1",0.125,"n",0.11864406779661,0.128689118180319,8.6,0,59,0.0218258889746837,1,0.3,0.3
"372","8.5","1",0.0892857142857143,"n",0.0847457627118644,0.135529241125532,10.4,0,59,0.0292311364051188,1,0.3,0.3
"373","10","1",0.0892857142857143,"n",0.0847457627118644,0.139817510062641,10.9,0,59,0.0349100257424548,1,0.3,0.3
"374","11.4","1",0.0892857142857143,"n",0.0847457627118644,0.14592500879409,11.2,0,59,0.0387502500907519,1,0.3,0.3
"375","12.8","1",0.0892857142857143,"n",0.0847457627118644,0.148817857325149,11.9,0,59,0.0474832011414894,1,0.3,0.3
"376","14.3","1",0.0892857142857143,"n",0.0847457627118644,0.151411382703605,13.5,0,59,0.0609610677654568,1,0.3,0.3
"377","15.7","1",0.0892857142857143,"n",0.0847457627118644,0.153771059668952,14.6,0,59,0.0736734695306137,1,0.3,0.3
"378","17.1","1",0.0892857142857143,"n",0.0847457627118644,0.155368896799691,15.3,0,59,0.0855629456458519,1,0.3,0.3
"379","18.6","1",0.0892857142857143,"n",0.0847457627118644,0.156990336513022,16.3,0,59,0.100978294813343,1,0.3,0.3
"380","20","1",0.0892857142857143,"n",0.0847457627118644,0.158490649153442,17.4,0,59,0.116776368362708,1,0.3,0.3
"381","7.1","2",0.107142857142857,"n",0.101694915254237,0.128689118180319,8.6,0,59,0.0218258889746837,1,0.3,0.3
"382","8.5","2",0.125,"n",0.11864406779661,0.135529241125532,10.4,0,59,0.0292311364051188,1,0.3,0.3
"383","10","2",0.125,"n",0.11864406779661,0.139817510062641,10.9,0,59,0.0349100257424548,1,0.3,0.3
"384","11.4","2",0.125,"n",0.11864406779661,0.14592500879409,11.2,0,59,0.0387502500907519,1,0.3,0.3
"385","12.8","2",0.125,"n",0.11864406779661,0.148817857325149,11.9,0,59,0.0474832011414894,1,0.3,0.3
"386","14.3","2",0.125,"n",0.11864406779661,0.151411382703605,13.5,0,59,0.0609610677654568,1,0.3,0.3
"387","15.7","2",0.125,"n",0.11864406779661,0.153771059668952,14.6,0,59,0.0736734695306137,1,0.3,0.3
"388","17.1","2",0.125,"n",0.11864406779661,0.155368896799691,15.3,0,59,0.0855629456458519,1,0.3,0.3
"389","18.6","2",0.125,"n",0.11864406779661,0.156990336513022,16.3,0,59,0.100978294813343,1,0.3,0.3
"390","20","2",0.125,"n",0.11864406779661,0.158490649153442,17.4,0,59,0.116776368362708,1,0.3,0.3
"391","7.1","0",0,"a",0,0.128689118180319,8.6,0,59,0.0218258889746837,1,0.3,0.3
"392","8.5","0",0,"a",0,0.135529241125532,10.4,0,59,0.0292311364051188,1,0.3,0.3
"393","10","0",0,"a",0,0.139817510062641,10.9,0,59,0.0349100257424548,1,0.3,0.3
"394","11.4","0",0,"a",0,0.14592500879409,11.2,0,59,0.0387502500907519,1,0.3,0.3
"395","12.8","0",0,"a",0,0.148817857325149,11.9,0,59,0.0474832011414894,1,0.3,0.3
"396","14.3","0",0,"a",0,0.151411382703605,13.5,0,59,0.0609610677654568,1,0.3,0.3
"397","15.7","0",0,"a",0,0.153771059668952,14.6,0,59,0.0736734695306137,1,0.3,0.3
"398","17.1","0",0,"a",0,0.155368896799691,15.3,0,59,0.0855629456458519,1,0.3,0.3
"399","18.6","0",0,"a",0,0.156990336513022,16.3,0,59,0.100978294813343,1,0.3,0.3
"400","20","0",0,"a",0,0.158490649153442,17.4,0,59,0.116776368362708,1,0.3,0.3
"401","7.1","1",0,"a",0,0.128689118180319,8.6,0,59,0.0218258889746837,1,0.3,0.3
"402","8.5","1",0,"a",0,0.135529241125532,10.4,0,59,0.0292311364051188,1,0.3,0.3
"403","10","1",0,"a",0,0.139817510062641,10.9,0,59,0.0349100257424548,1,0.3,0.3
"404","11.4","1",0,"a",0,0.14592500879409,11.2,0,59,0.0387502500907519,1,0.3,0.3
"405","12.8","1",0,"a",0,0.148817857325149,11.9,0,59,0.0474832011414894,1,0.3,0.3
"406","14.3","1",0,"a",0,0.151411382703605,13.5,0,59,0.0609610677654568,1,0.3,0.3
"407","15.7","1",0,"a",0,0.153771059668952,14.6,0,59,0.0736734695306137,1,0.3,0.3
"408","17.1","1",0,"a",0,0.155368896799691,15.3,0,59,0.0855629456458519,1,0.3,0.3
"409","18.6","1",0,"a",0,0.156990336513022,16.3,0,59,0.100978294813343,1,0.3,0.3
"410","20","1",0,"a",0,0.158490649153442,17.4,0,59,0.116776368362708,1,0.3,0.3
"411","7.1","2",1,"a",0.0508474576271186,0.128689118180319,8.6,0,59,0.0218258889746837,1,0.3,0.3
"412","8.5","2",1,"a",0.0508474576271186,0.135529241125532,10.4,0,59,0.0292311364051188,1,0.3,0.3
"413","10","2",1,"a",0.0508474576271186,0.139817510062641,10.9,0,59,0.0349100257424548,1,0.3,0.3
"414","11.4","2",1,"a",0.0508474576271186,0.14592500879409,11.2,0,59,0.0387502500907519,1,0.3,0.3
"415","12.8","2",1,"a",0.0508474576271186,0.148817857325149,11.9,0,59,0.0474832011414894,1,0.3,0.3
"416","14.3","2",1,"a",0.0508474576271186,0.151411382703605,13.5,0,59,0.0609610677654568,1,0.3,0.3
"417","15.7","2",1,"a",0.0508474576271186,0.153771059668952,14.6,0,59,0.0736734695306137,1,0.3,0.3
"418","17.1","2",1,"a",0.0508474576271186,0.155368896799691,15.3,0,59,0.0855629456458519,1,0.3,0.3
"419","18.6","2",1,"a",0.0508474576271186,0.156990336513022,16.3,0,59,0.100978294813343,1,0.3,0.3
"420","20","2",1,"a",0.0508474576271186,0.158490649153442,17.4,0,59,0.116776368362708,1,0.3,0.3
"421","7.1","0",0.767857142857143,"n",0.728813559322034,0.0403095864084363,8.6,0,59,0.0218258889746837,1,0.5,0.5
"422","8.5","0",0.785714285714286,"n",0.745762711864407,0.0437411557462572,10.4,0,59,0.0292311364051188,1,0.5,0.5
"423","10","0",0.785714285714286,"n",0.745762711864407,0.0459648908555436,10.9,0,59,0.0349100257424548,1,0.5,0.5
"424","11.4","0",0.785714285714286,"n",0.745762711864407,0.0490085398861946,11.2,0,59,0.0387502500907519,1,0.5,0.5
"425","12.8","0",0.785714285714286,"n",0.745762711864407,0.0505408918502484,11.9,0,59,0.0474832011414894,1,0.5,0.5
"426","14.3","0",0.785714285714286,"n",0.745762711864407,0.0519386107013109,13.5,0,59,0.0609610677654568,1,0.5,0.5
"427","15.7","0",0.785714285714286,"n",0.745762711864407,0.0532307694831363,14.6,0,59,0.0736734695306137,1,0.5,0.5
"428","17.1","0",0.785714285714286,"n",0.745762711864407,0.0541030578291718,15.3,0,59,0.0855629456458519,1,0.5,0.5
"429","18.6","0",0.785714285714286,"n",0.745762711864407,0.0549936055818811,16.3,0,59,0.100978294813343,1,0.5,0.5
"430","20","0",0.785714285714286,"n",0.745762711864407,0.0558265096019177,17.4,0,59,0.116776368362708,1,0.5,0.5
"431","7.1","1",0.125,"n",0.11864406779661,0.0403095864084363,8.6,0,59,0.0218258889746837,1,0.5,0.5
"432","8.5","1",0.0892857142857143,"n",0.0847457627118644,0.0437411557462572,10.4,0,59,0.0292311364051188,1,0.5,0.5
"433","10","1",0.0892857142857143,"n",0.0847457627118644,0.0459648908555436,10.9,0,59,0.0349100257424548,1,0.5,0.5
"434","11.4","1",0.0892857142857143,"n",0.0847457627118644,0.0490085398861946,11.2,0,59,0.0387502500907519,1,0.5,0.5
"435","12.8","1",0.0892857142857143,"n",0.0847457627118644,0.0505408918502484,11.9,0,59,0.0474832011414894,1,0.5,0.5
"436","14.3","1",0.0892857142857143,"n",0.0847457627118644,0.0519386107013109,13.5,0,59,0.0609610677654568,1,0.5,0.5
"437","15.7","1",0.0892857142857143,"n",0.0847457627118644,0.0532307694831363,14.6,0,59,0.0736734695306137,1,0.5,0.5
"438","17.1","1",0.0892857142857143,"n",0.0847457627118644,0.0541030578291718,15.3,0,59,0.0855629456458519,1,0.5,0.5
"439","18.6","1",0.0892857142857143,"n",0.0847457627118644,0.0549936055818811,16.3,0,59,0.100978294813343,1,0.5,0.5
"440","20","1",0.0892857142857143,"n",0.0847457627118644,0.0558265096019177,17.4,0,59,0.116776368362708,1,0.5,0.5
"441","7.1","2",0.107142857142857,"n",0.101694915254237,0.0403095864084363,8.6,0,59,0.0218258889746837,1,0.5,0.5
"442","8.5","2",0.125,"n",0.11864406779661,0.0437411557462572,10.4,0,59,0.0292311364051188,1,0.5,0.5
"443","10","2",0.125,"n",0.11864406779661,0.0459648908555436,10.9,0,59,0.0349100257424548,1,0.5,0.5
"444","11.4","2",0.125,"n",0.11864406779661,0.0490085398861946,11.2,0,59,0.0387502500907519,1,0.5,0.5
"445","12.8","2",0.125,"n",0.11864406779661,0.0505408918502484,11.9,0,59,0.0474832011414894,1,0.5,0.5
"446","14.3","2",0.125,"n",0.11864406779661,0.0519386107013109,13.5,0,59,0.0609610677654568,1,0.5,0.5
"447","15.7","2",0.125,"n",0.11864406779661,0.0532307694831363,14.6,0,59,0.0736734695306137,1,0.5,0.5
"448","17.1","2",0.125,"n",0.11864406779661,0.0541030578291718,15.3,0,59,0.0855629456458519,1,0.5,0.5
"449","18.6","2",0.125,"n",0.11864406779661,0.0549936055818811,16.3,0,59,0.100978294813343,1,0.5,0.5
"450","20","2",0.125,"n",0.11864406779661,0.0558265096019177,17.4,0,59,0.116776368362708,1,0.5,0.5
"451","7.1","0",0,"a",0,0.0403095864084363,8.6,0,59,0.0218258889746837,1,0.5,0.5
"452","8.5","0",0,"a",0,0.0437411557462572,10.4,0,59,0.0292311364051188,1,0.5,0.5
"453","10","0",0,"a",0,0.0459648908555436,10.9,0,59,0.0349100257424548,1,0.5,0.5
"454","11.4","0",0,"a",0,0.0490085398861946,11.2,0,59,0.0387502500907519,1,0.5,0.5
"455","12.8","0",0,"a",0,0.0505408918502484,11.9,0,59,0.0474832011414894,1,0.5,0.5
"456","14.3","0",0,"a",0,0.0519386107013109,13.5,0,59,0.0609610677654568,1,0.5,0.5
"457","15.7","0",0,"a",0,0.0532307694831363,14.6,0,59,0.0736734695306137,1,0.5,0.5
"458","17.1","0",0,"a",0,0.0541030578291718,15.3,0,59,0.0855629456458519,1,0.5,0.5
"459","18.6","0",0,"a",0,0.0549936055818811,16.3,0,59,0.100978294813343,1,0.5,0.5
"460","20","0",0,"a",0,0.0558265096019177,17.4,0,59,0.116776368362708,1,0.5,0.5
"461","7.1","1",0,"a",0,0.0403095864084363,8.6,0,59,0.0218258889746837,1,0.5,0.5
"462","8.5","1",0,"a",0,0.0437411557462572,10.4,0,59,0.0292311364051188,1,0.5,0.5
"463","10","1",0,"a",0,0.0459648908555436,10.9,0,59,0.0349100257424548,1,0.5,0.5
"464","11.4","1",0,"a",0,0.0490085398861946,11.2,0,59,0.0387502500907519,1,0.5,0.5
"465","12.8","1",0,"a",0,0.0505408918502484,11.9,0,59,0.0474832011414894,1,0.5,0.5
"466","14.3","1",0,"a",0,0.0519386107013109,13.5,0,59,0.0609610677654568,1,0.5,0.5
"467","15.7","1",0,"a",0,0.0532307694831363,14.6,0,59,0.0736734695306137,1,0.5,0.5
"468","17.1","1",0,"a",0,0.0541030578291718,15.3,0,59,0.0855629456458519,1,0.5,0.5
"469","18.6","1",0,"a",0,0.0549936055818811,16.3,0,59,0.100978294813343,1,0.5,0.5
"470","20","1",0,"a",0,0.0558265096019177,17.4,0,59,0.116776368362708,1,0.5,0.5
"471","7.1","2",1,"a",0.0508474576271186,0.0403095864084363,8.6,0,59,0.0218258889746837,1,0.5,0.5
"472","8.5","2",1,"a",0.0508474576271186,0.0437411557462572,10.4,0,59,0.0292311364051188,1,0.5,0.5
"473","10","2",1,"a",0.0508474576271186,0.0459648908555436,10.9,0,59,0.0349100257424548,1,0.5,0.5
"474","11.4","2",1,"a",0.0508474576271186,0.0490085398861946,11.2,0,59,0.0387502500907519,1,0.5,0.5
"475","12.8","2",1,"a",0.0508474576271186,0.0505408918502484,11.9,0,59,0.0474832011414894,1,0.5,0.5
"476","14.3","2",1,"a",0.0508474576271186,0.0519386107013109,13.5,0,59,0.0609610677654568,1,0.5,0.5
"477","15.7","2",1,"a",0.0508474576271186,0.0532307694831363,14.6,0,59,0.0736734695306137,1,0.5,0.5
"478","17.1","2",1,"a",0.0508474576271186,0.0541030578291718,15.3,0,59,0.0855629456458519,1,0.5,0.5
"479","18.6","2",1,"a",0.0508474576271186,0.0549936055818811,16.3,0,59,0.100978294813343,1,0.5,0.5
"480","20","2",1,"a",0.0508474576271186,0.0558265096019177,17.4,0,59,0.116776368362708,1,0.5,0.5
"481","7.1","0",0.767857142857143,"n",0.728813559322034,0.0126262638162027,8.6,0,59,0.0218258889746837,1,0.7,0.7
"482","8.5","0",0.5,"n",0.444444444444444,0.125830766609878,2.9,18.4,27,0.0720462380582391,1,0.7,0.7
"483","10","0",0.444444444444444,"n",0.363636363636364,0.180190806217903,1.9,22.9,22,0.101598148942839,1,0.7,0.7
"484","11.4","0",0.409090909090909,"n",0.36,0.151052101031471,2.1,22.2,25,0.104828335740565,1,0.7,0.7
"485","12.8","0",0.551724137931034,"n",0.5,0.0969014585867032,3.8,19.1,32,0.104828335740565,1,0.7,0.7
"486","14.3","0",0.555555555555556,"n",0.5,0.115805099902394,4,22.5,30,0.138634548269411,1,0.7,0.7
"487","15.7","0",0.612903225806452,"n",0.558823529411765,0.0917125485549036,5.8,20.9,34,0.149624696786734,1,0.7,0.7
"488","17.1","0",0.714285714285714,"n",0.641025641025641,0.0669094972263208,7.3,17.4,39,0.147570981824192,1,0.7,0.7
"489","18.6","0",0.785714285714286,"n",0.745762711864407,0.0192642217480988,16.3,0,59,0.100978294813343,1,0.7,0.7
"490","20","0",0.785714285714286,"n",0.745762711864407,0.0196642463828619,17.4,0,59,0.116776368362708,1,0.7,0.7
"491","7.1","1",0.125,"n",0.11864406779661,0.0126262638162027,8.6,0,59,0.0218258889746837,1,0.7,0.7
"492","8.5","1",0.208333333333333,"n",0.185185185185185,0.125830766609878,2.9,18.4,27,0.0720462380582391,1,0.7,0.7
"493","10","1",0.166666666666667,"n",0.136363636363636,0.180190806217903,1.9,22.9,22,0.101598148942839,1,0.7,0.7
"494","11.4","1",0.318181818181818,"n",0.28,0.151052101031471,2.1,22.2,25,0.104828335740565,1,0.7,0.7
"495","12.8","1",0.241379310344828,"n",0.21875,0.0969014585867032,3.8,19.1,32,0.104828335740565,1,0.7,0.7
"496","14.3","1",0.185185185185185,"n",0.166666666666667,0.115805099902394,4,22.5,30,0.138634548269411,1,0.7,0.7
"497","15.7","1",0.161290322580645,"n",0.147058823529412,0.0917125485549036,5.8,20.9,34,0.149624696786734,1,0.7,0.7
"498","17.1","1",0.0857142857142857,"n",0.0769230769230769,0.0669094972263208,7.3,17.4,39,0.147570981824192,1,0.7,0.7
"499","18.6","1",0.0892857142857143,"n",0.0847457627118644,0.0192642217480988,16.3,0,59,0.100978294813343,1,0.7,0.7
"500","20","1",0.0892857142857143,"n",0.0847457627118644,0.0196642463828619,17.4,0,59,0.116776368362708,1,0.7,0.7
"501","7.1","2",0.107142857142857,"n",0.101694915254237,0.0126262638162027,8.6,0,59,0.0218258889746837,1,0.7,0.7
"502","8.5","2",0.291666666666667,"n",0.259259259259259,0.125830766609878,2.9,18.4,27,0.0720462380582391,1,0.7,0.7
"503","10","2",0.388888888888889,"n",0.318181818181818,0.180190806217903,1.9,22.9,22,0.101598148942839,1,0.7,0.7
"504","11.4","2",0.272727272727273,"n",0.24,0.151052101031471,2.1,22.2,25,0.104828335740565,1,0.7,0.7
"505","12.8","2",0.206896551724138,"n",0.1875,0.0969014585867032,3.8,19.1,32,0.104828335740565,1,0.7,0.7
"506","14.3","2",0.259259259259259,"n",0.233333333333333,0.115805099902394,4,22.5,30,0.138634548269411,1,0.7,0.7
"507","15.7","2",0.225806451612903,"n",0.205882352941176,0.0917125485549036,5.8,20.9,34,0.149624696786734,1,0.7,0.7
"508","17.1","2",0.2,"n",0.179487179487179,0.0669094972263208,7.3,17.4,39,0.147570981824192,1,0.7,0.7
"509","18.6","2",0.125,"n",0.11864406779661,0.0192642217480988,16.3,0,59,0.100978294813343,1,0.7,0.7
"510","20","2",0.125,"n",0.11864406779661,0.0196642463828619,17.4,0,59,0.116776368362708,1,0.7,0.7
"511","7.1","0",0,"a",0,0.0126262638162027,8.6,0,59,0.0218258889746837,1,0.7,0.7
"512","8.5","0",0,"a",0,0.125830766609878,2.9,18.4,27,0.0720462380582391,1,0.7,0.7
"513","10","0",0,"a",0,0.180190806217903,1.9,22.9,22,0.101598148942839,1,0.7,0.7
"514","11.4","0",0,"a",0,0.151052101031471,2.1,22.2,25,0.104828335740565,1,0.7,0.7
"515","12.8","0",0,"a",0,0.0969014585867032,3.8,19.1,32,0.104828335740565,1,0.7,0.7
"516","14.3","0",0,"a",0,0.115805099902394,4,22.5,30,0.138634548269411,1,0.7,0.7
"517","15.7","0",0,"a",0,0.0917125485549036,5.8,20.9,34,0.149624696786734,1,0.7,0.7
"518","17.1","0",0,"a",0,0.0669094972263208,7.3,17.4,39,0.147570981824192,1,0.7,0.7
"519","18.6","0",0,"a",0,0.0192642217480988,16.3,0,59,0.100978294813343,1,0.7,0.7
"520","20","0",0,"a",0,0.0196642463828619,17.4,0,59,0.116776368362708,1,0.7,0.7
"521","7.1","1",0,"a",0,0.0126262638162027,8.6,0,59,0.0218258889746837,1,0.7,0.7
"522","8.5","1",0,"a",0,0.125830766609878,2.9,18.4,27,0.0720462380582391,1,0.7,0.7
"523","10","1",0,"a",0,0.180190806217903,1.9,22.9,22,0.101598148942839,1,0.7,0.7
"524","11.4","1",0,"a",0,0.151052101031471,2.1,22.2,25,0.104828335740565,1,0.7,0.7
"525","12.8","1",0,"a",0,0.0969014585867032,3.8,19.1,32,0.104828335740565,1,0.7,0.7
"526","14.3","1",0,"a",0,0.115805099902394,4,22.5,30,0.138634548269411,1,0.7,0.7
"527","15.7","1",0,"a",0,0.0917125485549036,5.8,20.9,34,0.149624696786734,1,0.7,0.7
"528","17.1","1",0,"a",0,0.0669094972263208,7.3,17.4,39,0.147570981824192,1,0.7,0.7
"529","18.6","1",0,"a",0,0.0192642217480988,16.3,0,59,0.100978294813343,1,0.7,0.7
"530","20","1",0,"a",0,0.0196642463828619,17.4,0,59,0.116776368362708,1,0.7,0.7
"531","7.1","2",1,"a",0.0508474576271186,0.0126262638162027,8.6,0,59,0.0218258889746837,1,0.7,0.7
"532","8.5","2",1,"a",0.111111111111111,0.125830766609878,2.9,18.4,27,0.0720462380582391,1,0.7,0.7
"533","10","2",1,"a",0.181818181818182,0.180190806217903,1.9,22.9,22,0.101598148942839,1,0.7,0.7
"534","11.4","2",1,"a",0.12,0.151052101031471,2.1,22.2,25,0.104828335740565,1,0.7,0.7
"535","12.8","2",1,"a",0.09375,0.0969014585867032,3.8,19.1,32,0.104828335740565,1,0.7,0.7
"536","14.3","2",1,"a",0.1,0.115805099902394,4,22.5,30,0.138634548269411,1,0.7,0.7
"537","15.7","2",1,"a",0.0882352941176471,0.0917125485549036,5.8,20.9,34,0.149624696786734,1,0.7,0.7
"538","17.1","2",1,"a",0.102564102564103,0.0669094972263208,7.3,17.4,39,0.147570981824192,1,0.7,0.7
"539","18.6","2",1,"a",0.0508474576271186,0.0192642217480988,16.3,0,59,0.100978294813343,1,0.7,0.7
"540","20","2",1,"a",0.0508474576271186,0.0196642463828619,17.4,0,59,0.116776368362708,1,0.7,0.7
"541","7.1","0",0.2,"n",0.166666666666667,0.164245213876469,0.800000000000001,19,18,0.0581388249819421,1,0.9,0.9
"542","8.5","0",0.428571428571429,"n",0.315789473684211,0.161007768711616,1.3,21.9,19,0.0831983826400026,1,0.9,0.9
"543","10","0",0.111111111111111,"n",0.0625,0.211380969303711,0.6,25.7,16,0.112729240671452,1,0.9,0.9
"544","11.4","0",0.375,"n",0.3,0.15355999182279,1.3,24.5,20,0.112063315447455,1,0.9,0.9
"545","12.8","0",0,"n",0,0.26498226108094,0.699999999999999,29.2,14,0.145515543798503,1,0.9,0.9
"546","14.3","0",0,"n",0,0.269481263336382,0.699999999999999,31.5,14,0.171024081496852,1,0.9,0.9
"547","15.7","0",0.555555555555556,"n",0.434782608695652,0.129270695147682,3,29.8,23,0.186076914286697,1,0.9,0.9
"548","17.1","0",0.5,"n",0.380952380952381,0.155371145784642,2.4,33,21,0.208375335695202,1,0.9,0.9
"549","18.6","0",0.578947368421053,"n",0.458333333333333,0.122929557247194,3.3,32.5,24,0.217550925851053,1,0.9,0.9
"550","20","0",0.555555555555556,"n",0.434782608695652,0.13683024473813,3,34.9,23,0.231232929986498,1,0.9,0.9
"551","7.1","1",0.333333333333333,"n",0.277777777777778,0.164245213876469,0.800000000000001,19,18,0.0581388249819421,1,0.9,0.9
"552","8.5","1",0.0714285714285714,"n",0.0526315789473684,0.161007768711616,1.3,21.9,19,0.0831983826400026,1,0.9,0.9
"553","10","1",0,"n",0,0.211380969303711,0.6,25.7,16,0.112729240671452,1,0.9,0.9
"554","11.4","1",0.1875,"n",0.15,0.15355999182279,1.3,24.5,20,0.112063315447455,1,0.9,0.9
"555","12.8","1",0.3,"n",0.214285714285714,0.26498226108094,0.699999999999999,29.2,14,0.145515543798503,1,0.9,0.9
"556","14.3","1",0.3,"n",0.214285714285714,0.269481263336382,0.699999999999999,31.5,14,0.171024081496852,1,0.9,0.9
"557","15.7","1",0.0555555555555556,"n",0.0434782608695652,0.129270695147682,3,29.8,23,0.186076914286697,1,0.9,0.9
"558","17.1","1",0.0625,"n",0.0476190476190476,0.155371145784642,2.4,33,21,0.208375335695202,1,0.9,0.9
"559","18.6","1",0.0526315789473684,"n",0.0416666666666667,0.122929557247194,3.3,32.5,24,0.217550925851053,1,0.9,0.9
"560","20","1",0,"n",0,0.13683024473813,3,34.9,23,0.231232929986498,1,0.9,0.9
"561","7.1","2",0.466666666666667,"n",0.388888888888889,0.164245213876469,0.800000000000001,19,18,0.0581388249819421,1,0.9,0.9
"562","8.5","2",0.5,"n",0.368421052631579,0.161007768711616,1.3,21.9,19,0.0831983826400026,1,0.9,0.9
"563","10","2",0.888888888888889,"n",0.5,0.211380969303711,0.6,25.7,16,0.112729240671452,1,0.9,0.9
"564","11.4","2",0.4375,"n",0.35,0.15355999182279,1.3,24.5,20,0.112063315447455,1,0.9,0.9
"565","12.8","2",0.7,"n",0.5,0.26498226108094,0.699999999999999,29.2,14,0.145515543798503,1,0.9,0.9
"566","14.3","2",0.7,"n",0.5,0.269481263336382,0.699999999999999,31.5,14,0.171024081496852,1,0.9,0.9
"567","15.7","2",0.388888888888889,"n",0.304347826086957,0.129270695147682,3,29.8,23,0.186076914286697,1,0.9,0.9
"568","17.1","2",0.4375,"n",0.333333333333333,0.155371145784642,2.4,33,21,0.208375335695202,1,0.9,0.9
"569","18.6","2",0.368421052631579,"n",0.291666666666667,0.122929557247194,3.3,32.5,24,0.217550925851053,1,0.9,0.9
"570","20","2",0.444444444444444,"n",0.347826086956522,0.13683024473813,3,34.9,23,0.231232929986498,1,0.9,0.9
"571","7.1","0",0,"a",0,0.164245213876469,0.800000000000001,19,18,0.0581388249819421,1,0.9,0.9
"572","8.5","0",0,"a",0,0.161007768711616,1.3,21.9,19,0.0831983826400026,1,0.9,0.9
"573","10","0",0.285714285714286,"a",0.125,0.211380969303711,0.6,25.7,16,0.112729240671452,1,0.9,0.9
"574","11.4","0",0,"a",0,0.15355999182279,1.3,24.5,20,0.112063315447455,1,0.9,0.9
"575","12.8","0",0,"a",0,0.26498226108094,0.699999999999999,29.2,14,0.145515543798503,1,0.9,0.9
"576","14.3","0",0,"a",0,0.269481263336382,0.699999999999999,31.5,14,0.171024081496852,1,0.9,0.9
"577","15.7","0",0,"a",0,0.129270695147682,3,29.8,23,0.186076914286697,1,0.9,0.9
"578","17.1","0",0,"a",0,0.155371145784642,2.4,33,21,0.208375335695202,1,0.9,0.9
"579","18.6","0",0,"a",0,0.122929557247194,3.3,32.5,24,0.217550925851053,1,0.9,0.9
"580","20","0",0,"a",0,0.13683024473813,3,34.9,23,0.231232929986498,1,0.9,0.9
"581","7.1","1",0,"a",0,0.164245213876469,0.800000000000001,19,18,0.0581388249819421,1,0.9,0.9
"582","8.5","1",0,"a",0,0.161007768711616,1.3,21.9,19,0.0831983826400026,1,0.9,0.9
"583","10","1",0.142857142857143,"a",0.0625,0.211380969303711,0.6,25.7,16,0.112729240671452,1,0.9,0.9
"584","11.4","1",0,"a",0,0.15355999182279,1.3,24.5,20,0.112063315447455,1,0.9,0.9
"585","12.8","1",0,"a",0,0.26498226108094,0.699999999999999,29.2,14,0.145515543798503,1,0.9,0.9
"586","14.3","1",0,"a",0,0.269481263336382,0.699999999999999,31.5,14,0.171024081496852,1,0.9,0.9
"587","15.7","1",0,"a",0,0.129270695147682,3,29.8,23,0.186076914286697,1,0.9,0.9
"588","17.1","1",0,"a",0,0.155371145784642,2.4,33,21,0.208375335695202,1,0.9,0.9
"589","18.6","1",0,"a",0,0.122929557247194,3.3,32.5,24,0.217550925851053,1,0.9,0.9
"590","20","1",0,"a",0,0.13683024473813,3,34.9,23,0.231232929986498,1,0.9,0.9
"591","7.1","2",1,"a",0.166666666666667,0.164245213876469,0.800000000000001,19,18,0.0581388249819421,1,0.9,0.9
"592","8.5","2",1,"a",0.263157894736842,0.161007768711616,1.3,21.9,19,0.0831983826400026,1,0.9,0.9
"593","10","2",0.571428571428571,"a",0.25,0.211380969303711,0.6,25.7,16,0.112729240671452,1,0.9,0.9
"594","11.4","2",1,"a",0.2,0.15355999182279,1.3,24.5,20,0.112063315447455,1,0.9,0.9
"595","12.8","2",1,"a",0.285714285714286,0.26498226108094,0.699999999999999,29.2,14,0.145515543798503,1,0.9,0.9
"596","14.3","2",1,"a",0.285714285714286,0.269481263336382,0.699999999999999,31.5,14,0.171024081496852,1,0.9,0.9
"597","15.7","2",1,"a",0.217391304347826,0.129270695147682,3,29.8,23,0.186076914286697,1,0.9,0.9
"598","17.1","2",1,"a",0.238095238095238,0.155371145784642,2.4,33,21,0.208375335695202,1,0.9,0.9
"599","18.6","2",1,"a",0.208333333333333,0.122929557247194,3.3,32.5,24,0.217550925851053,1,0.9,0.9
"600","20","2",1,"a",0.217391304347826,0.13683024473813,3,34.9,23,0.231232929986498,1,0.9,0.9
